sequence_index,second_chamber_filling,block_idx,fcst_origin
1970-01-01 00:00:00.000000097,78.71357,0,10
1970-01-01 00:00:00.000000098,77.80323,0,11
1970-01-01 00:00:00.000000099,77.3954,0,12
1970-01-01 00:00:00.000000100,77.160904,0,13
1970-01-01 00:00:00.000000101,76.99438,0,14
1970-01-01 00:00:00.000000102,77.644394,0,15
1970-01-01 00:00:00.000000081,74.497826,1,10
1970-01-01 00:00:00.000000082,74.45244,1,11
1970-01-01 00:00:00.000000083,74.42367,1,12
1970-01-01 00:00:00.000000079,69.70329,4,10
1970-01-01 00:00:00.000000080,68.24758,4,11
1970-01-01 00:00:00.000000081,67.782875,4,12
1970-01-01 00:00:00.000000079,74.96503,5,10
1970-01-01 00:00:00.000000080,74.9863,5,11
1970-01-01 00:00:00.000000081,75.05489,5,12
1970-01-01 00:00:00.000000119,78.77855,11,10
1970-01-01 00:00:00.000000120,79.09451,11,11
1970-01-01 00:00:00.000000121,79.293976,11,12
1970-01-01 00:00:00.000000122,78.42392,11,13
1970-01-01 00:00:00.000000123,77.72705,11,14
1970-01-01 00:00:00.000000124,77.735535,11,15
1970-01-01 00:00:00.000000125,77.73501,11,16
1970-01-01 00:00:00.000000126,77.70458,11,17
1970-01-01 00:00:00.000000127,77.60596,11,18
1970-01-01 00:00:00.000000128,77.55077,11,19
1970-01-01 00:00:00.000000113,67.608826,12,10
1970-01-01 00:00:00.000000114,68.0946,12,11
1970-01-01 00:00:00.000000115,68.436,12,12
1970-01-01 00:00:00.000000116,69.02135,12,13
1970-01-01 00:00:00.000000117,69.579796,12,14
1970-01-01 00:00:00.000000118,69.61821,12,15
1970-01-01 00:00:00.000000119,69.63553,12,16
1970-01-01 00:00:00.000000120,69.165054,12,17
1970-01-01 00:00:00.000000121,67.58019,12,18
1970-01-01 00:00:00.000000157,81.39284,13,10
1970-01-01 00:00:00.000000158,81.23822,13,11
1970-01-01 00:00:00.000000159,81.14844,13,12
1970-01-01 00:00:00.000000160,81.03684,13,13
1970-01-01 00:00:00.000000161,81.10792,13,14
1970-01-01 00:00:00.000000162,81.22263,13,15
1970-01-01 00:00:00.000000163,81.341125,13,16
1970-01-01 00:00:00.000000164,81.55452,13,17
1970-01-01 00:00:00.000000165,81.680954,13,18
1970-01-01 00:00:00.000000166,81.69285,13,19
1970-01-01 00:00:00.000000167,81.78374,13,20
1970-01-01 00:00:00.000000168,81.97452,13,21
1970-01-01 00:00:00.000000169,82.05267,13,22
1970-01-01 00:00:00.000000170,82.15828,13,23
1970-01-01 00:00:00.000000171,82.2088,13,24
1970-01-01 00:00:00.000000172,82.20551,13,25
1970-01-01 00:00:00.000000141,68.575356,15,10
1970-01-01 00:00:00.000000142,69.143295,15,11
1970-01-01 00:00:00.000000143,69.64805,15,12
1970-01-01 00:00:00.000000144,69.90147,15,13
1970-01-01 00:00:00.000000145,71.19298,15,14
1970-01-01 00:00:00.000000146,71.349815,15,15
1970-01-01 00:00:00.000000147,71.40246,15,16
1970-01-01 00:00:00.000000148,71.674774,15,17
1970-01-01 00:00:00.000000149,71.62296,15,18
1970-01-01 00:00:00.000000150,71.44932,15,19
1970-01-01 00:00:00.000000151,71.62359,15,20
1970-01-01 00:00:00.000000152,72.190414,15,21
1970-01-01 00:00:00.000000153,72.614105,15,22
1970-01-01 00:00:00.000000156,80.36032,16,10
1970-01-01 00:00:00.000000157,80.06038,16,11
1970-01-01 00:00:00.000000158,79.83388,16,12
1970-01-01 00:00:00.000000159,79.534645,16,13
1970-01-01 00:00:00.000000160,79.74593,16,14
1970-01-01 00:00:00.000000161,79.93323,16,15
1970-01-01 00:00:00.000000162,80.172966,16,16
1970-01-01 00:00:00.000000163,79.75504,16,17
1970-01-01 00:00:00.000000164,79.06444,16,18
1970-01-01 00:00:00.000000165,78.909676,16,19
1970-01-01 00:00:00.000000166,78.75944,16,20
1970-01-01 00:00:00.000000167,78.53356,16,21
1970-01-01 00:00:00.000000168,78.20495,16,22
1970-01-01 00:00:00.000000169,77.94704,16,23
1970-01-01 00:00:00.000000170,77.95759,16,24
1970-01-01 00:00:00.000000171,77.97673,16,25
1970-01-01 00:00:00.000000123,66.29622,17,10
1970-01-01 00:00:00.000000124,66.33655,17,11
1970-01-01 00:00:00.000000125,66.083694,17,12
1970-01-01 00:00:00.000000126,65.969696,17,13
1970-01-01 00:00:00.000000127,66.35067,17,14
1970-01-01 00:00:00.000000128,66.5523,17,15
1970-01-01 00:00:00.000000129,66.150055,17,16
1970-01-01 00:00:00.000000130,65.23733,17,17
1970-01-01 00:00:00.000000131,64.48155,17,18
1970-01-01 00:00:00.000000132,64.1718,17,19
1970-01-01 00:00:00.000000134,84.20136,19,10
1970-01-01 00:00:00.000000135,84.19696,19,11
1970-01-01 00:00:00.000000136,84.19629,19,12
1970-01-01 00:00:00.000000137,84.26264,19,13
1970-01-01 00:00:00.000000138,84.26706,19,14
1970-01-01 00:00:00.000000139,84.234116,19,15
1970-01-01 00:00:00.000000140,84.041985,19,16
1970-01-01 00:00:00.000000141,84.03029,19,17
1970-01-01 00:00:00.000000142,84.27582,19,18
1970-01-01 00:00:00.000000143,84.32663,19,19
1970-01-01 00:00:00.000000144,84.80651,19,20
1970-01-01 00:00:00.000000145,85.22846,19,21
1970-01-01 00:00:00.000000121,70.05678,20,10
1970-01-01 00:00:00.000000122,69.819374,20,11
1970-01-01 00:00:00.000000123,70.00988,20,12
1970-01-01 00:00:00.000000124,70.73799,20,13
1970-01-01 00:00:00.000000125,71.06274,20,14
1970-01-01 00:00:00.000000126,70.77931,20,15
1970-01-01 00:00:00.000000127,70.620476,20,16
1970-01-01 00:00:00.000000128,70.64113,20,17
1970-01-01 00:00:00.000000129,70.700356,20,18
1970-01-01 00:00:00.000000130,70.2874,20,19
1970-01-01 00:00:00.000000130,71.964195,21,10
1970-01-01 00:00:00.000000131,72.95652,21,11
1970-01-01 00:00:00.000000132,74.02421,21,12
1970-01-01 00:00:00.000000133,74.68139,21,13
1970-01-01 00:00:00.000000134,74.63352,21,14
1970-01-01 00:00:00.000000135,74.59745,21,15
1970-01-01 00:00:00.000000136,74.849625,21,16
1970-01-01 00:00:00.000000137,75.32896,21,17
1970-01-01 00:00:00.000000138,75.82583,21,18
1970-01-01 00:00:00.000000139,75.88624,21,19
1970-01-01 00:00:00.000000140,74.86637,21,20
1970-01-01 00:00:00.000000171,59.186676,22,10
1970-01-01 00:00:00.000000172,58.97627,22,11
1970-01-01 00:00:00.000000173,58.598915,22,12
1970-01-01 00:00:00.000000174,58.512997,22,13
1970-01-01 00:00:00.000000175,58.190956,22,14
1970-01-01 00:00:00.000000176,57.94596,22,15
1970-01-01 00:00:00.000000177,56.853153,22,16
1970-01-01 00:00:00.000000178,56.084507,22,17
1970-01-01 00:00:00.000000179,56.110035,22,18
1970-01-01 00:00:00.000000180,56.278053,22,19
1970-01-01 00:00:00.000000181,56.13612,22,20
1970-01-01 00:00:00.000000182,55.951187,22,21
1970-01-01 00:00:00.000000183,55.67101,22,22
1970-01-01 00:00:00.000000184,54.972244,22,23
1970-01-01 00:00:00.000000185,54.93052,22,24
1970-01-01 00:00:00.000000186,54.49506,22,25
1970-01-01 00:00:00.000000187,54.029716,22,26
1970-01-01 00:00:00.000000188,54.8291,22,27
1970-01-01 00:00:00.000000189,54.48504,22,28
1970-01-01 00:00:00.000000130,74.44366,23,10
1970-01-01 00:00:00.000000131,74.26238,23,11
1970-01-01 00:00:00.000000132,74.06747,23,12
1970-01-01 00:00:00.000000133,74.17725,23,13
1970-01-01 00:00:00.000000134,74.35746,23,14
1970-01-01 00:00:00.000000135,74.52233,23,15
1970-01-01 00:00:00.000000136,74.78631,23,16
1970-01-01 00:00:00.000000137,75.09934,23,17
1970-01-01 00:00:00.000000138,75.30509,23,18
1970-01-01 00:00:00.000000139,75.353905,23,19
1970-01-01 00:00:00.000000140,75.33909,23,20
1970-01-01 00:00:00.000000141,75.33558,23,21
1970-01-01 00:00:00.000000095,62.97042,25,10
1970-01-01 00:00:00.000000096,65.22475,25,11
1970-01-01 00:00:00.000000097,66.19514,25,12
1970-01-01 00:00:00.000000098,65.038345,25,13
1970-01-01 00:00:00.000000099,62.85983,25,14
1970-01-01 00:00:00.000000231,81.99829,26,10
1970-01-01 00:00:00.000000232,81.54889,26,11
1970-01-01 00:00:00.000000233,81.063576,26,12
1970-01-01 00:00:00.000000234,80.58456,26,13
1970-01-01 00:00:00.000000235,80.072716,26,14
1970-01-01 00:00:00.000000236,79.4731,26,15
1970-01-01 00:00:00.000000237,78.79399,26,16
1970-01-01 00:00:00.000000238,78.28593,26,17
1970-01-01 00:00:00.000000239,77.791985,26,18
1970-01-01 00:00:00.000000240,77.25434,26,19
1970-01-01 00:00:00.000000241,76.75015,26,20
1970-01-01 00:00:00.000000242,76.32311,26,21
1970-01-01 00:00:00.000000243,75.87538,26,22
1970-01-01 00:00:00.000000244,75.48871,26,23
1970-01-01 00:00:00.000000245,75.18873,26,24
1970-01-01 00:00:00.000000246,74.854485,26,25
1970-01-01 00:00:00.000000247,74.7855,26,26
1970-01-01 00:00:00.000000248,74.972855,26,27
1970-01-01 00:00:00.000000249,75.83948,26,28
1970-01-01 00:00:00.000000250,77.20006,26,29
1970-01-01 00:00:00.000000251,79.38085,26,30
1970-01-01 00:00:00.000000252,80.609375,26,31
1970-01-01 00:00:00.000000253,83.130005,26,32
1970-01-01 00:00:00.000000254,87.42968,26,33
1970-01-01 00:00:00.000000255,88.36999,26,34
1970-01-01 00:00:00.000000256,87.55722,26,35
1970-01-01 00:00:00.000000257,87.45243,26,36
1970-01-01 00:00:00.000000258,87.517456,26,37
1970-01-01 00:00:00.000000259,87.692696,26,38
1970-01-01 00:00:00.000000181,63.359676,29,10
1970-01-01 00:00:00.000000182,63.93944,29,11
1970-01-01 00:00:00.000000183,64.39633,29,12
1970-01-01 00:00:00.000000184,64.973,29,13
1970-01-01 00:00:00.000000185,65.37545,29,14
1970-01-01 00:00:00.000000186,66.07353,29,15
1970-01-01 00:00:00.000000187,67.57442,29,16
1970-01-01 00:00:00.000000188,68.74466,29,17
1970-01-01 00:00:00.000000189,67.59606,29,18
1970-01-01 00:00:00.000000190,66.75092,29,19
1970-01-01 00:00:00.000000191,67.26067,29,20
1970-01-01 00:00:00.000000192,68.0038,29,21
1970-01-01 00:00:00.000000193,68.207,29,22
1970-01-01 00:00:00.000000194,66.61693,29,23
1970-01-01 00:00:00.000000195,67.03872,29,24
1970-01-01 00:00:00.000000196,67.228615,29,25
1970-01-01 00:00:00.000000197,67.14373,29,26
1970-01-01 00:00:00.000000198,66.73927,29,27
1970-01-01 00:00:00.000000199,66.683846,29,28
1970-01-01 00:00:00.000000200,66.97193,29,29
1970-01-01 00:00:00.000000201,69.549904,29,30
1970-01-01 00:00:00.000000092,37.708614,40,10
1970-01-01 00:00:00.000000093,38.12214,40,11
1970-01-01 00:00:00.000000094,38.98726,40,12
1970-01-01 00:00:00.000000095,39.372536,40,13
1970-01-01 00:00:00.000000096,39.227055,40,14
1970-01-01 00:00:00.000000092,38.844402,42,10
1970-01-01 00:00:00.000000093,38.85426,42,11
1970-01-01 00:00:00.000000094,37.2114,42,12
1970-01-01 00:00:00.000000095,35.25604,42,13
1970-01-01 00:00:00.000000096,34.12148,42,14
1970-01-01 00:00:00.000000156,61.22311,45,10
1970-01-01 00:00:00.000000157,61.199432,45,11
1970-01-01 00:00:00.000000158,61.119434,45,12
1970-01-01 00:00:00.000000159,61.022877,45,13
1970-01-01 00:00:00.000000160,61.026535,45,14
1970-01-01 00:00:00.000000161,61.081367,45,15
1970-01-01 00:00:00.000000162,61.067844,45,16
1970-01-01 00:00:00.000000163,60.964798,45,17
1970-01-01 00:00:00.000000164,61.12755,45,18
1970-01-01 00:00:00.000000165,61.302547,45,19
1970-01-01 00:00:00.000000166,61.110462,45,20
1970-01-01 00:00:00.000000167,60.96473,45,21
1970-01-01 00:00:00.000000168,60.982433,45,22
1970-01-01 00:00:00.000000169,61.151745,45,23
1970-01-01 00:00:00.000000170,61.31048,45,24
1970-01-01 00:00:00.000000171,61.230457,45,25
1970-01-01 00:00:00.000000116,55.601494,46,10
1970-01-01 00:00:00.000000117,56.296413,46,11
1970-01-01 00:00:00.000000118,56.936527,46,12
1970-01-01 00:00:00.000000119,57.563255,46,13
1970-01-01 00:00:00.000000120,58.444553,46,14
1970-01-01 00:00:00.000000121,59.108765,46,15
1970-01-01 00:00:00.000000122,59.756752,46,16
1970-01-01 00:00:00.000000123,60.583767,46,17
1970-01-01 00:00:00.000000124,61.22196,46,18
1970-01-01 00:00:00.000000243,41.40183,53,10
1970-01-01 00:00:00.000000244,40.87216,53,11
1970-01-01 00:00:00.000000245,41.505047,53,12
1970-01-01 00:00:00.000000246,42.655724,53,13
1970-01-01 00:00:00.000000247,43.133896,53,14
1970-01-01 00:00:00.000000248,42.3305,53,15
1970-01-01 00:00:00.000000249,41.29315,53,16
1970-01-01 00:00:00.000000250,40.94298,53,17
1970-01-01 00:00:00.000000251,41.22929,53,18
1970-01-01 00:00:00.000000252,41.633945,53,19
1970-01-01 00:00:00.000000253,41.62609,53,20
1970-01-01 00:00:00.000000254,41.179306,53,21
1970-01-01 00:00:00.000000255,42.00745,53,22
1970-01-01 00:00:00.000000256,44.64668,53,23
1970-01-01 00:00:00.000000257,46.20483,53,24
1970-01-01 00:00:00.000000258,47.237934,53,25
1970-01-01 00:00:00.000000259,46.154022,53,26
1970-01-01 00:00:00.000000260,44.3589,53,27
1970-01-01 00:00:00.000000261,43.22055,53,28
1970-01-01 00:00:00.000000262,42.584644,53,29
1970-01-01 00:00:00.000000263,41.928143,53,30
1970-01-01 00:00:00.000000264,42.022545,53,31
1970-01-01 00:00:00.000000265,41.47142,53,32
1970-01-01 00:00:00.000000266,40.375484,53,33
1970-01-01 00:00:00.000000267,39.613735,53,34
1970-01-01 00:00:00.000000268,38.742355,53,35
1970-01-01 00:00:00.000000269,37.663963,53,36
1970-01-01 00:00:00.000000270,36.954613,53,37
1970-01-01 00:00:00.000000271,37.002285,53,38
1970-01-01 00:00:00.000000272,37.410336,53,39
1970-01-01 00:00:00.000000273,38.643475,53,40
1970-01-01 00:00:00.000000274,40.447395,53,41
1970-01-01 00:00:00.000000097,64.973526,54,10
1970-01-01 00:00:00.000000098,65.434906,54,11
1970-01-01 00:00:00.000000099,66.002686,54,12
1970-01-01 00:00:00.000000100,66.74027,54,13
1970-01-01 00:00:00.000000101,67.41238,54,14
1970-01-01 00:00:00.000000102,67.71575,54,15
1970-01-01 00:00:00.000000277,19.300663,60,10
1970-01-01 00:00:00.000000278,19.551504,60,11
1970-01-01 00:00:00.000000279,20.745441,60,12
1970-01-01 00:00:00.000000280,23.604227,60,13
1970-01-01 00:00:00.000000281,26.992273,60,14
1970-01-01 00:00:00.000000282,29.412882,60,15
1970-01-01 00:00:00.000000283,28.20694,60,16
1970-01-01 00:00:00.000000284,26.88209,60,17
1970-01-01 00:00:00.000000285,25.879078,60,18
1970-01-01 00:00:00.000000286,25.427792,60,19
1970-01-01 00:00:00.000000287,25.502663,60,20
1970-01-01 00:00:00.000000288,25.149483,60,21
1970-01-01 00:00:00.000000289,24.92571,60,22
1970-01-01 00:00:00.000000290,24.532104,60,23
1970-01-01 00:00:00.000000291,24.022034,60,24
1970-01-01 00:00:00.000000292,23.134731,60,25
1970-01-01 00:00:00.000000293,22.041965,60,26
1970-01-01 00:00:00.000000294,21.56683,60,27
1970-01-01 00:00:00.000000295,21.151087,60,28
1970-01-01 00:00:00.000000296,20.233913,60,29
1970-01-01 00:00:00.000000297,19.564672,60,30
1970-01-01 00:00:00.000000298,19.400387,60,31
1970-01-01 00:00:00.000000299,20.253208,60,32
1970-01-01 00:00:00.000000300,21.21359,60,33
1970-01-01 00:00:00.000000301,23.527964,60,34
1970-01-01 00:00:00.000000302,26.818127,60,35
1970-01-01 00:00:00.000000303,29.142561,60,36
1970-01-01 00:00:00.000000304,29.570477,60,37
1970-01-01 00:00:00.000000305,27.062489,60,38
1970-01-01 00:00:00.000000306,25.49733,60,39
1970-01-01 00:00:00.000000307,24.666298,60,40
1970-01-01 00:00:00.000000308,24.327112,60,41
1970-01-01 00:00:00.000000309,24.418352,60,42
1970-01-01 00:00:00.000000310,23.526762,60,43
1970-01-01 00:00:00.000000311,21.641891,60,44
1970-01-01 00:00:00.000000312,20.840805,60,45
1970-01-01 00:00:00.000000313,20.235437,60,46
1970-01-01 00:00:00.000000314,19.073038,60,47
1970-01-01 00:00:00.000000102,81.31385,61,10
1970-01-01 00:00:00.000000103,81.65495,61,11
1970-01-01 00:00:00.000000104,81.913826,61,12
1970-01-01 00:00:00.000000105,81.84166,61,13
1970-01-01 00:00:00.000000106,81.7532,61,14
1970-01-01 00:00:00.000000107,81.80766,61,15
1970-01-01 00:00:00.000000108,81.9461,61,16
1970-01-01 00:00:00.000000125,50.033783,62,10
1970-01-01 00:00:00.000000126,49.865505,62,11
1970-01-01 00:00:00.000000127,47.748497,62,12
1970-01-01 00:00:00.000000128,46.43338,62,13
1970-01-01 00:00:00.000000129,46.014984,62,14
1970-01-01 00:00:00.000000130,45.63987,62,15
1970-01-01 00:00:00.000000131,45.348743,62,16
1970-01-01 00:00:00.000000132,45.44621,62,17
1970-01-01 00:00:00.000000133,45.796192,62,18
1970-01-01 00:00:00.000000134,46.416656,62,19
1970-01-01 00:00:00.000000135,47.248898,62,20
1970-01-01 00:00:00.000000292,54.29695,63,10
1970-01-01 00:00:00.000000293,53.52193,63,11
1970-01-01 00:00:00.000000294,53.23598,63,12
1970-01-01 00:00:00.000000295,53.4741,63,13
1970-01-01 00:00:00.000000296,54.36197,63,14
1970-01-01 00:00:00.000000297,55.30976,63,15
1970-01-01 00:00:00.000000298,55.818947,63,16
1970-01-01 00:00:00.000000299,55.859074,63,17
1970-01-01 00:00:00.000000300,56.253956,63,18
1970-01-01 00:00:00.000000301,56.279602,63,19
1970-01-01 00:00:00.000000302,56.149555,63,20
1970-01-01 00:00:00.000000303,55.478695,63,21
1970-01-01 00:00:00.000000304,53.728638,63,22
1970-01-01 00:00:00.000000305,51.37793,63,23
1970-01-01 00:00:00.000000306,49.197533,63,24
1970-01-01 00:00:00.000000307,46.323654,63,25
1970-01-01 00:00:00.000000308,44.32869,63,26
1970-01-01 00:00:00.000000309,44.185062,63,27
1970-01-01 00:00:00.000000310,44.61299,63,28
1970-01-01 00:00:00.000000311,45.182823,63,29
1970-01-01 00:00:00.000000312,46.132694,63,30
1970-01-01 00:00:00.000000313,47.658848,63,31
1970-01-01 00:00:00.000000314,48.819458,63,32
1970-01-01 00:00:00.000000315,50.341908,63,33
1970-01-01 00:00:00.000000316,51.669624,63,34
1970-01-01 00:00:00.000000317,50.760773,63,35
1970-01-01 00:00:00.000000318,49.017273,63,36
1970-01-01 00:00:00.000000319,46.480873,63,37
1970-01-01 00:00:00.000000320,44.159348,63,38
1970-01-01 00:00:00.000000321,44.064774,63,39
1970-01-01 00:00:00.000000322,44.240524,63,40
1970-01-01 00:00:00.000000323,44.611412,63,41
1970-01-01 00:00:00.000000324,45.40975,63,42
1970-01-01 00:00:00.000000325,46.51617,63,43
1970-01-01 00:00:00.000000326,47.321045,63,44
1970-01-01 00:00:00.000000327,48.174343,63,45
1970-01-01 00:00:00.000000328,48.8054,63,46
1970-01-01 00:00:00.000000329,49.840748,63,47
1970-01-01 00:00:00.000000330,51.51379,63,48
1970-01-01 00:00:00.000000331,51.841217,63,49
1970-01-01 00:00:00.000000156,41.977127,64,10
1970-01-01 00:00:00.000000157,42.531517,64,11
1970-01-01 00:00:00.000000158,43.276966,64,12
1970-01-01 00:00:00.000000159,44.322773,64,13
1970-01-01 00:00:00.000000160,45.244495,64,14
1970-01-01 00:00:00.000000161,45.654938,64,15
1970-01-01 00:00:00.000000162,46.28437,64,16
1970-01-01 00:00:00.000000163,46.39386,64,17
1970-01-01 00:00:00.000000164,45.872417,64,18
1970-01-01 00:00:00.000000165,45.540794,64,19
1970-01-01 00:00:00.000000166,45.49994,64,20
1970-01-01 00:00:00.000000167,45.36732,64,21
1970-01-01 00:00:00.000000168,45.456177,64,22
1970-01-01 00:00:00.000000169,45.87328,64,23
1970-01-01 00:00:00.000000170,46.220745,64,24
1970-01-01 00:00:00.000000171,47.834644,64,25
1970-01-01 00:00:00.000000225,24.975693,65,10
1970-01-01 00:00:00.000000226,25.005308,65,11
1970-01-01 00:00:00.000000227,25.241049,65,12
1970-01-01 00:00:00.000000228,25.451427,65,13
1970-01-01 00:00:00.000000229,25.811724,65,14
1970-01-01 00:00:00.000000230,26.333141,65,15
1970-01-01 00:00:00.000000231,26.427122,65,16
1970-01-01 00:00:00.000000232,26.774593,65,17
1970-01-01 00:00:00.000000233,26.934086,65,18
1970-01-01 00:00:00.000000234,26.797745,65,19
1970-01-01 00:00:00.000000235,26.76354,65,20
1970-01-01 00:00:00.000000236,26.794336,65,21
1970-01-01 00:00:00.000000237,26.735054,65,22
1970-01-01 00:00:00.000000238,26.70359,65,23
1970-01-01 00:00:00.000000239,26.913927,65,24
1970-01-01 00:00:00.000000240,26.89207,65,25
1970-01-01 00:00:00.000000241,26.832865,65,26
1970-01-01 00:00:00.000000242,26.673393,65,27
1970-01-01 00:00:00.000000243,26.763319,65,28
1970-01-01 00:00:00.000000244,27.052921,65,29
1970-01-01 00:00:00.000000245,27.094158,65,30
1970-01-01 00:00:00.000000246,26.885395,65,31
1970-01-01 00:00:00.000000247,26.605639,65,32
1970-01-01 00:00:00.000000248,26.32251,65,33
1970-01-01 00:00:00.000000249,26.16983,65,34
1970-01-01 00:00:00.000000250,26.329903,65,35
1970-01-01 00:00:00.000000251,26.4195,65,36
1970-01-01 00:00:00.000000252,25.6798,65,37
1970-01-01 00:00:00.000000083,79.30629,66,10
1970-01-01 00:00:00.000000084,78.14919,66,11
1970-01-01 00:00:00.000000085,77.38333,66,12
1970-01-01 00:00:00.000000124,84.31041,67,10
1970-01-01 00:00:00.000000125,82.9591,67,11
1970-01-01 00:00:00.000000126,85.063545,67,12
1970-01-01 00:00:00.000000127,86.357086,67,13
1970-01-01 00:00:00.000000128,86.53244,67,14
1970-01-01 00:00:00.000000129,85.91477,67,15
1970-01-01 00:00:00.000000130,85.06513,67,16
1970-01-01 00:00:00.000000131,84.595985,67,17
1970-01-01 00:00:00.000000132,84.72519,67,18
1970-01-01 00:00:00.000000133,85.32369,67,19
1970-01-01 00:00:00.000000176,45.73663,69,10
1970-01-01 00:00:00.000000177,47.50418,69,11
1970-01-01 00:00:00.000000178,49.387177,69,12
1970-01-01 00:00:00.000000179,50.661175,69,13
1970-01-01 00:00:00.000000180,49.337696,69,14
1970-01-01 00:00:00.000000181,46.082855,69,15
1970-01-01 00:00:00.000000182,43.85893,69,16
1970-01-01 00:00:00.000000183,42.487114,69,17
1970-01-01 00:00:00.000000184,40.833553,69,18
1970-01-01 00:00:00.000000185,39.51425,69,19
1970-01-01 00:00:00.000000186,38.179024,69,20
1970-01-01 00:00:00.000000187,37.98504,69,21
1970-01-01 00:00:00.000000188,38.627758,69,22
1970-01-01 00:00:00.000000189,39.61816,69,23
1970-01-01 00:00:00.000000190,42.22496,69,24
1970-01-01 00:00:00.000000191,44.942093,69,25
1970-01-01 00:00:00.000000192,47.352993,69,26
1970-01-01 00:00:00.000000193,48.899002,69,27
1970-01-01 00:00:00.000000194,50.363457,69,28
1970-01-01 00:00:00.000000195,50.814613,69,29
1970-01-01 00:00:00.000000226,59.09113,70,10
1970-01-01 00:00:00.000000227,59.04528,70,11
1970-01-01 00:00:00.000000228,58.562637,70,12
1970-01-01 00:00:00.000000229,58.248425,70,13
1970-01-01 00:00:00.000000230,58.23557,70,14
1970-01-01 00:00:00.000000231,58.228237,70,15
1970-01-01 00:00:00.000000232,58.299564,70,16
1970-01-01 00:00:00.000000233,58.048306,70,17
1970-01-01 00:00:00.000000234,57.701252,70,18
1970-01-01 00:00:00.000000235,57.423256,70,19
1970-01-01 00:00:00.000000236,57.588436,70,20
1970-01-01 00:00:00.000000237,57.902245,70,21
1970-01-01 00:00:00.000000238,58.05512,70,22
1970-01-01 00:00:00.000000239,58.120525,70,23
1970-01-01 00:00:00.000000240,58.151302,70,24
1970-01-01 00:00:00.000000241,58.29358,70,25
1970-01-01 00:00:00.000000242,58.567467,70,26
1970-01-01 00:00:00.000000243,58.572468,70,27
1970-01-01 00:00:00.000000244,58.4155,70,28
1970-01-01 00:00:00.000000245,58.325745,70,29
1970-01-01 00:00:00.000000246,58.205807,70,30
1970-01-01 00:00:00.000000247,58.07198,70,31
1970-01-01 00:00:00.000000248,57.97108,70,32
1970-01-01 00:00:00.000000249,57.84501,70,33
1970-01-01 00:00:00.000000250,57.725765,70,34
1970-01-01 00:00:00.000000251,57.638412,70,35
1970-01-01 00:00:00.000000252,57.58994,70,36
1970-01-01 00:00:00.000000253,57.684444,70,37
1970-01-01 00:00:00.000000254,56.10462,70,38
1970-01-01 00:00:00.000000226,19.672398,71,10
1970-01-01 00:00:00.000000227,18.06176,71,11
1970-01-01 00:00:00.000000228,17.984081,71,12
1970-01-01 00:00:00.000000229,18.195066,71,13
1970-01-01 00:00:00.000000230,18.309195,71,14
1970-01-01 00:00:00.000000231,18.554928,71,15
1970-01-01 00:00:00.000000232,18.62532,71,16
1970-01-01 00:00:00.000000233,18.510445,71,17
1970-01-01 00:00:00.000000234,18.129663,71,18
1970-01-01 00:00:00.000000235,18.447948,71,19
1970-01-01 00:00:00.000000236,19.044512,71,20
1970-01-01 00:00:00.000000237,17.671404,71,21
1970-01-01 00:00:00.000000238,18.955688,71,22
1970-01-01 00:00:00.000000239,20.638607,71,23
1970-01-01 00:00:00.000000240,21.196335,71,24
1970-01-01 00:00:00.000000241,24.660616,71,25
1970-01-01 00:00:00.000000242,23.713903,71,26
1970-01-01 00:00:00.000000243,23.900633,71,27
1970-01-01 00:00:00.000000244,25.212069,71,28
1970-01-01 00:00:00.000000245,26.300636,71,29
1970-01-01 00:00:00.000000246,27.204676,71,30
1970-01-01 00:00:00.000000247,29.068367,71,31
1970-01-01 00:00:00.000000248,31.64795,71,32
1970-01-01 00:00:00.000000249,35.75067,71,33
1970-01-01 00:00:00.000000250,41.860832,71,34
1970-01-01 00:00:00.000000251,48.313316,71,35
1970-01-01 00:00:00.000000252,52.437527,71,36
1970-01-01 00:00:00.000000253,55.195915,71,37
1970-01-01 00:00:00.000000320,55.67776,72,10
1970-01-01 00:00:00.000000321,56.69514,72,11
1970-01-01 00:00:00.000000322,57.74265,72,12
1970-01-01 00:00:00.000000323,58.641495,72,13
1970-01-01 00:00:00.000000324,59.728138,72,14
1970-01-01 00:00:00.000000325,60.74139,72,15
1970-01-01 00:00:00.000000326,60.88539,72,16
1970-01-01 00:00:00.000000327,58.81435,72,17
1970-01-01 00:00:00.000000328,57.02058,72,18
1970-01-01 00:00:00.000000329,56.32385,72,19
1970-01-01 00:00:00.000000330,56.066097,72,20
1970-01-01 00:00:00.000000331,56.142918,72,21
1970-01-01 00:00:00.000000332,56.466953,72,22
1970-01-01 00:00:00.000000333,57.189598,72,23
1970-01-01 00:00:00.000000334,57.77357,72,24
1970-01-01 00:00:00.000000335,58.589973,72,25
1970-01-01 00:00:00.000000336,60.003956,72,26
1970-01-01 00:00:00.000000337,61.683907,72,27
1970-01-01 00:00:00.000000338,60.1455,72,28
1970-01-01 00:00:00.000000339,57.803234,72,29
1970-01-01 00:00:00.000000340,56.262745,72,30
1970-01-01 00:00:00.000000341,55.905865,72,31
1970-01-01 00:00:00.000000342,55.91019,72,32
1970-01-01 00:00:00.000000343,56.293095,72,33
1970-01-01 00:00:00.000000344,56.7639,72,34
1970-01-01 00:00:00.000000345,57.13822,72,35
1970-01-01 00:00:00.000000346,56.36479,72,36
1970-01-01 00:00:00.000000347,56.135735,72,37
1970-01-01 00:00:00.000000348,55.67795,72,38
1970-01-01 00:00:00.000000349,55.59874,72,39
1970-01-01 00:00:00.000000350,56.134014,72,40
1970-01-01 00:00:00.000000351,56.906807,72,41
1970-01-01 00:00:00.000000352,55.911594,72,42
1970-01-01 00:00:00.000000353,53.083035,72,43
1970-01-01 00:00:00.000000354,51.53216,72,44
1970-01-01 00:00:00.000000355,51.307575,72,45
1970-01-01 00:00:00.000000356,51.834965,72,46
1970-01-01 00:00:00.000000357,53.104893,72,47
1970-01-01 00:00:00.000000358,54.814644,72,48
1970-01-01 00:00:00.000000359,54.0182,72,49
1970-01-01 00:00:00.000000360,51.231888,72,50
1970-01-01 00:00:00.000000361,52.15798,72,51
1970-01-01 00:00:00.000000362,53.646553,72,52
1970-01-01 00:00:00.000000363,54.626957,72,53
1970-01-01 00:00:00.000000364,55.39904,72,54
1970-01-01 00:00:00.000000219,66.54464,73,10
1970-01-01 00:00:00.000000220,66.79836,73,11
1970-01-01 00:00:00.000000221,65.982025,73,12
1970-01-01 00:00:00.000000222,66.21408,73,13
1970-01-01 00:00:00.000000223,67.37748,73,14
1970-01-01 00:00:00.000000224,68.003,73,15
1970-01-01 00:00:00.000000225,66.87695,73,16
1970-01-01 00:00:00.000000226,65.7449,73,17
1970-01-01 00:00:00.000000227,65.13178,73,18
1970-01-01 00:00:00.000000228,65.99658,73,19
1970-01-01 00:00:00.000000229,66.21786,73,20
1970-01-01 00:00:00.000000230,65.92692,73,21
1970-01-01 00:00:00.000000231,64.5173,73,22
1970-01-01 00:00:00.000000232,64.25,73,23
1970-01-01 00:00:00.000000233,64.05504,73,24
1970-01-01 00:00:00.000000234,65.26755,73,25
1970-01-01 00:00:00.000000235,66.33073,73,26
1970-01-01 00:00:00.000000236,66.8093,73,27
1970-01-01 00:00:00.000000237,68.311646,73,28
1970-01-01 00:00:00.000000238,70.92497,73,29
1970-01-01 00:00:00.000000239,73.263725,73,30
1970-01-01 00:00:00.000000240,74.71341,73,31
1970-01-01 00:00:00.000000241,74.80088,73,32
1970-01-01 00:00:00.000000242,73.95752,73,33
1970-01-01 00:00:00.000000243,73.796585,73,34
1970-01-01 00:00:00.000000244,75.0425,73,35
1970-01-01 00:00:00.000000245,76.47144,73,36
1970-01-01 00:00:00.000000116,73.80163,74,10
1970-01-01 00:00:00.000000117,74.42802,74,11
1970-01-01 00:00:00.000000118,75.05207,74,12
1970-01-01 00:00:00.000000119,75.66896,74,13
1970-01-01 00:00:00.000000120,76.07591,74,14
1970-01-01 00:00:00.000000121,76.75299,74,15
1970-01-01 00:00:00.000000122,77.78454,74,16
1970-01-01 00:00:00.000000123,78.56636,74,17
1970-01-01 00:00:00.000000124,79.315956,74,18
1970-01-01 00:00:00.000000129,67.58848,76,10
1970-01-01 00:00:00.000000130,67.42423,76,11
1970-01-01 00:00:00.000000131,67.559685,76,12
1970-01-01 00:00:00.000000132,67.65743,76,13
1970-01-01 00:00:00.000000133,67.69035,76,14
1970-01-01 00:00:00.000000134,67.73823,76,15
1970-01-01 00:00:00.000000135,67.80996,76,16
1970-01-01 00:00:00.000000136,67.88376,76,17
1970-01-01 00:00:00.000000137,68.00437,76,18
1970-01-01 00:00:00.000000138,67.992134,76,19
1970-01-01 00:00:00.000000139,67.921974,76,20
1970-01-01 00:00:00.000000151,55.396275,77,10
1970-01-01 00:00:00.000000152,56.445908,77,11
1970-01-01 00:00:00.000000153,57.41796,77,12
1970-01-01 00:00:00.000000154,58.42728,77,13
1970-01-01 00:00:00.000000155,59.44919,77,14
1970-01-01 00:00:00.000000156,60.3094,77,15
1970-01-01 00:00:00.000000157,60.992554,77,16
1970-01-01 00:00:00.000000158,61.5499,77,17
1970-01-01 00:00:00.000000159,62.0476,77,18
1970-01-01 00:00:00.000000160,62.72125,77,19
1970-01-01 00:00:00.000000161,63.56747,77,20
1970-01-01 00:00:00.000000162,64.409195,77,21
1970-01-01 00:00:00.000000163,65.39862,77,22
1970-01-01 00:00:00.000000164,66.372536,77,23
1970-01-01 00:00:00.000000165,67.094124,77,24
1970-01-01 00:00:00.000000098,83.55895,78,10
1970-01-01 00:00:00.000000099,95.280655,78,11
1970-01-01 00:00:00.000000100,96.61519,78,12
1970-01-01 00:00:00.000000101,96.47253,78,13
1970-01-01 00:00:00.000000102,96.37979,78,14
1970-01-01 00:00:00.000000103,96.31307,78,15
1970-01-01 00:00:00.000000275,61.427864,79,10
1970-01-01 00:00:00.000000276,61.11646,79,11
1970-01-01 00:00:00.000000277,61.184258,79,12
1970-01-01 00:00:00.000000278,61.308483,79,13
1970-01-01 00:00:00.000000279,61.214584,79,14
1970-01-01 00:00:00.000000280,61.266827,79,15
1970-01-01 00:00:00.000000281,61.20985,79,16
1970-01-01 00:00:00.000000282,61.13214,79,17
1970-01-01 00:00:00.000000283,61.223564,79,18
1970-01-01 00:00:00.000000284,61.094078,79,19
1970-01-01 00:00:00.000000285,60.885426,79,20
1970-01-01 00:00:00.000000286,60.57069,79,21
1970-01-01 00:00:00.000000287,60.054585,79,22
1970-01-01 00:00:00.000000288,59.423763,79,23
1970-01-01 00:00:00.000000289,59.06503,79,24
1970-01-01 00:00:00.000000290,58.553783,79,25
1970-01-01 00:00:00.000000291,58.088795,79,26
1970-01-01 00:00:00.000000292,57.577206,79,27
1970-01-01 00:00:00.000000293,57.079918,79,28
1970-01-01 00:00:00.000000294,56.623558,79,29
1970-01-01 00:00:00.000000295,56.10741,79,30
1970-01-01 00:00:00.000000296,55.472633,79,31
1970-01-01 00:00:00.000000297,54.783337,79,32
1970-01-01 00:00:00.000000298,54.314182,79,33
1970-01-01 00:00:00.000000299,54.200935,79,34
1970-01-01 00:00:00.000000300,55.187897,79,35
1970-01-01 00:00:00.000000301,57.33661,79,36
1970-01-01 00:00:00.000000302,60.321693,79,37
1970-01-01 00:00:00.000000303,61.62031,79,38
1970-01-01 00:00:00.000000304,60.260487,79,39
1970-01-01 00:00:00.000000305,59.303688,79,40
1970-01-01 00:00:00.000000306,59.14267,79,41
1970-01-01 00:00:00.000000307,59.503376,79,42
1970-01-01 00:00:00.000000308,59.7144,79,43
1970-01-01 00:00:00.000000309,59.169296,79,44
1970-01-01 00:00:00.000000310,58.43329,79,45
1970-01-01 00:00:00.000000311,57.987408,79,46
1970-01-01 00:00:00.000000148,54.98454,80,10
1970-01-01 00:00:00.000000149,55.118042,80,11
1970-01-01 00:00:00.000000150,54.880997,80,12
1970-01-01 00:00:00.000000151,54.371452,80,13
1970-01-01 00:00:00.000000152,53.92175,80,14
1970-01-01 00:00:00.000000153,53.61728,80,15
1970-01-01 00:00:00.000000154,52.963276,80,16
1970-01-01 00:00:00.000000155,52.85106,80,17
1970-01-01 00:00:00.000000156,52.640358,80,18
1970-01-01 00:00:00.000000157,73.9942,80,19
1970-01-01 00:00:00.000000158,95.30751,80,20
1970-01-01 00:00:00.000000159,100.0,80,21
1970-01-01 00:00:00.000000160,100.0,80,22
1970-01-01 00:00:00.000000161,100.0,80,23
1970-01-01 00:00:00.000000162,100.0,80,24
1970-01-01 00:00:00.000000125,44.821648,81,10
1970-01-01 00:00:00.000000126,44.00196,81,11
1970-01-01 00:00:00.000000127,43.861763,81,12
1970-01-01 00:00:00.000000128,43.343597,81,13
1970-01-01 00:00:00.000000129,43.934944,81,14
1970-01-01 00:00:00.000000130,43.92302,81,15
1970-01-01 00:00:00.000000131,44.091644,81,16
1970-01-01 00:00:00.000000132,44.206417,81,17
1970-01-01 00:00:00.000000133,44.554092,81,18
1970-01-01 00:00:00.000000134,46.27663,81,19
1970-01-01 00:00:00.000000135,45.237705,81,20
1970-01-01 00:00:00.000000318,51.101494,83,10
1970-01-01 00:00:00.000000319,51.540176,83,11
1970-01-01 00:00:00.000000320,51.834442,83,12
1970-01-01 00:00:00.000000321,51.891163,83,13
1970-01-01 00:00:00.000000322,52.017635,83,14
1970-01-01 00:00:00.000000323,52.044575,83,15
1970-01-01 00:00:00.000000324,52.06937,83,16
1970-01-01 00:00:00.000000325,52.33518,83,17
1970-01-01 00:00:00.000000326,52.6066,83,18
1970-01-01 00:00:00.000000327,52.86382,83,19
1970-01-01 00:00:00.000000328,53.12667,83,20
1970-01-01 00:00:00.000000329,53.347294,83,21
1970-01-01 00:00:00.000000330,53.272743,83,22
1970-01-01 00:00:00.000000331,52.878654,83,23
1970-01-01 00:00:00.000000332,52.807922,83,24
1970-01-01 00:00:00.000000333,52.89559,83,25
1970-01-01 00:00:00.000000334,52.61196,83,26
1970-01-01 00:00:00.000000335,52.09226,83,27
1970-01-01 00:00:00.000000336,51.813557,83,28
1970-01-01 00:00:00.000000337,51.878883,83,29
1970-01-01 00:00:00.000000338,51.87881,83,30
1970-01-01 00:00:00.000000339,51.78289,83,31
1970-01-01 00:00:00.000000340,51.881763,83,32
1970-01-01 00:00:00.000000341,51.930843,83,33
1970-01-01 00:00:00.000000342,52.062008,83,34
1970-01-01 00:00:00.000000343,52.288414,83,35
1970-01-01 00:00:00.000000344,52.39974,83,36
1970-01-01 00:00:00.000000345,52.42577,83,37
1970-01-01 00:00:00.000000346,52.62231,83,38
1970-01-01 00:00:00.000000347,52.63575,83,39
1970-01-01 00:00:00.000000348,52.703983,83,40
1970-01-01 00:00:00.000000349,52.92054,83,41
1970-01-01 00:00:00.000000350,53.198357,83,42
1970-01-01 00:00:00.000000351,53.37985,83,43
1970-01-01 00:00:00.000000352,53.65593,83,44
1970-01-01 00:00:00.000000353,53.8542,83,45
1970-01-01 00:00:00.000000354,54.06203,83,46
1970-01-01 00:00:00.000000355,54.12524,83,47
1970-01-01 00:00:00.000000356,54.135036,83,48
1970-01-01 00:00:00.000000357,54.058567,83,49
1970-01-01 00:00:00.000000358,53.916634,83,50
1970-01-01 00:00:00.000000359,53.460354,83,51
1970-01-01 00:00:00.000000360,53.19883,83,52
1970-01-01 00:00:00.000000361,53.28114,83,53
1970-01-01 00:00:00.000000362,53.22003,83,54
1970-01-01 00:00:00.000000110,74.34989,84,10
1970-01-01 00:00:00.000000111,74.51204,84,11
1970-01-01 00:00:00.000000112,74.63109,84,12
1970-01-01 00:00:00.000000113,74.61619,84,13
1970-01-01 00:00:00.000000114,74.742805,84,14
1970-01-01 00:00:00.000000115,74.97129,84,15
1970-01-01 00:00:00.000000116,75.009514,84,16
1970-01-01 00:00:00.000000117,75.01706,84,17
1970-01-01 00:00:00.000000118,71.11702,85,10
1970-01-01 00:00:00.000000119,70.68087,85,11
1970-01-01 00:00:00.000000120,70.57338,85,12
1970-01-01 00:00:00.000000121,70.59832,85,13
1970-01-01 00:00:00.000000122,70.79073,85,14
1970-01-01 00:00:00.000000123,71.10122,85,15
1970-01-01 00:00:00.000000124,71.502625,85,16
1970-01-01 00:00:00.000000125,71.77357,85,17
1970-01-01 00:00:00.000000126,72.29481,85,18
1970-01-01 00:00:00.000000215,54.071686,86,10
1970-01-01 00:00:00.000000216,54.901382,86,11
1970-01-01 00:00:00.000000217,54.497337,86,12
1970-01-01 00:00:00.000000218,52.97982,86,13
1970-01-01 00:00:00.000000219,52.363796,86,14
1970-01-01 00:00:00.000000220,51.88764,86,15
1970-01-01 00:00:00.000000221,50.917465,86,16
1970-01-01 00:00:00.000000222,49.620754,86,17
1970-01-01 00:00:00.000000223,49.803516,86,18
1970-01-01 00:00:00.000000224,50.597397,86,19
1970-01-01 00:00:00.000000225,51.20931,86,20
1970-01-01 00:00:00.000000226,51.750767,86,21
1970-01-01 00:00:00.000000227,52.018032,86,22
1970-01-01 00:00:00.000000228,50.738876,86,23
1970-01-01 00:00:00.000000229,49.230995,86,24
1970-01-01 00:00:00.000000230,49.079735,86,25
1970-01-01 00:00:00.000000231,50.014725,86,26
1970-01-01 00:00:00.000000232,49.537716,86,27
1970-01-01 00:00:00.000000233,46.26321,86,28
1970-01-01 00:00:00.000000234,45.560932,86,29
1970-01-01 00:00:00.000000235,46.758503,86,30
1970-01-01 00:00:00.000000236,47.512432,86,31
1970-01-01 00:00:00.000000237,48.644947,86,32
1970-01-01 00:00:00.000000238,49.724857,86,33
1970-01-01 00:00:00.000000239,49.273876,86,34
1970-01-01 00:00:00.000000240,49.219975,86,35
1970-01-01 00:00:00.000000385,81.78444,87,10
1970-01-01 00:00:00.000000386,81.7514,87,11
1970-01-01 00:00:00.000000387,81.76919,87,12
1970-01-01 00:00:00.000000388,81.717735,87,13
1970-01-01 00:00:00.000000389,81.41732,87,14
1970-01-01 00:00:00.000000390,81.288414,87,15
1970-01-01 00:00:00.000000391,81.10968,87,16
1970-01-01 00:00:00.000000392,81.13196,87,17
1970-01-01 00:00:00.000000393,81.41485,87,18
1970-01-01 00:00:00.000000394,81.66372,87,19
1970-01-01 00:00:00.000000395,81.4072,87,20
1970-01-01 00:00:00.000000396,81.19967,87,21
1970-01-01 00:00:00.000000397,80.867966,87,22
1970-01-01 00:00:00.000000398,80.65683,87,23
1970-01-01 00:00:00.000000399,80.86436,87,24
1970-01-01 00:00:00.000000400,80.851585,87,25
1970-01-01 00:00:00.000000401,80.13726,87,26
1970-01-01 00:00:00.000000402,81.82435,87,27
1970-01-01 00:00:00.000000403,82.3671,87,28
1970-01-01 00:00:00.000000404,82.00294,87,29
1970-01-01 00:00:00.000000405,81.789185,87,30
1970-01-01 00:00:00.000000406,82.15831,87,31
1970-01-01 00:00:00.000000407,82.58279,87,32
1970-01-01 00:00:00.000000408,82.75073,87,33
1970-01-01 00:00:00.000000409,82.88945,87,34
1970-01-01 00:00:00.000000410,82.88214,87,35
1970-01-01 00:00:00.000000411,82.485466,87,36
1970-01-01 00:00:00.000000412,81.63546,87,37
1970-01-01 00:00:00.000000413,80.93589,87,38
1970-01-01 00:00:00.000000414,80.12575,87,39
1970-01-01 00:00:00.000000415,80.00684,87,40
1970-01-01 00:00:00.000000416,80.75256,87,41
1970-01-01 00:00:00.000000417,81.77373,87,42
1970-01-01 00:00:00.000000418,82.510345,87,43
1970-01-01 00:00:00.000000419,82.992065,87,44
1970-01-01 00:00:00.000000420,83.34998,87,45
1970-01-01 00:00:00.000000421,83.65975,87,46
1970-01-01 00:00:00.000000422,83.90597,87,47
1970-01-01 00:00:00.000000423,83.90349,87,48
1970-01-01 00:00:00.000000424,83.56523,87,49
1970-01-01 00:00:00.000000425,82.7547,87,50
1970-01-01 00:00:00.000000426,82.401764,87,51
1970-01-01 00:00:00.000000427,81.032906,87,52
1970-01-01 00:00:00.000000428,79.809166,87,53
1970-01-01 00:00:00.000000429,79.72594,87,54
1970-01-01 00:00:00.000000430,80.817894,87,55
1970-01-01 00:00:00.000000431,82.33412,87,56
1970-01-01 00:00:00.000000432,83.179565,87,57
1970-01-01 00:00:00.000000433,83.05527,87,58
1970-01-01 00:00:00.000000434,82.32612,87,59
1970-01-01 00:00:00.000000435,80.39899,87,60
1970-01-01 00:00:00.000000436,81.177315,87,61
1970-01-01 00:00:00.000000437,84.154076,87,62
1970-01-01 00:00:00.000000438,86.31303,87,63
1970-01-01 00:00:00.000000439,86.41969,87,64
1970-01-01 00:00:00.000000440,85.37448,87,65
1970-01-01 00:00:00.000000441,84.47361,87,66
1970-01-01 00:00:00.000000355,73.02135,88,10
1970-01-01 00:00:00.000000356,73.23869,88,11
1970-01-01 00:00:00.000000357,73.4719,88,12
1970-01-01 00:00:00.000000358,73.632614,88,13
1970-01-01 00:00:00.000000359,73.7316,88,14
1970-01-01 00:00:00.000000360,73.795044,88,15
1970-01-01 00:00:00.000000361,73.776535,88,16
1970-01-01 00:00:00.000000362,73.6109,88,17
1970-01-01 00:00:00.000000363,73.34026,88,18
1970-01-01 00:00:00.000000364,73.17187,88,19
1970-01-01 00:00:00.000000365,73.099884,88,20
1970-01-01 00:00:00.000000366,73.02543,88,21
1970-01-01 00:00:00.000000367,73.15328,88,22
1970-01-01 00:00:00.000000368,73.278076,88,23
1970-01-01 00:00:00.000000369,73.37664,88,24
1970-01-01 00:00:00.000000370,73.47274,88,25
1970-01-01 00:00:00.000000371,73.59127,88,26
1970-01-01 00:00:00.000000372,73.75134,88,27
1970-01-01 00:00:00.000000373,73.88088,88,28
1970-01-01 00:00:00.000000374,74.001816,88,29
1970-01-01 00:00:00.000000375,73.91341,88,30
1970-01-01 00:00:00.000000376,73.71923,88,31
1970-01-01 00:00:00.000000377,73.57492,88,32
1970-01-01 00:00:00.000000378,73.49066,88,33
1970-01-01 00:00:00.000000379,73.383415,88,34
1970-01-01 00:00:00.000000380,73.39674,88,35
1970-01-01 00:00:00.000000381,73.44157,88,36
1970-01-01 00:00:00.000000382,73.53168,88,37
1970-01-01 00:00:00.000000383,73.79837,88,38
1970-01-01 00:00:00.000000384,74.042885,88,39
1970-01-01 00:00:00.000000385,74.16884,88,40
1970-01-01 00:00:00.000000386,74.48585,88,41
1970-01-01 00:00:00.000000387,74.83323,88,42
1970-01-01 00:00:00.000000388,75.09775,88,43
1970-01-01 00:00:00.000000389,75.19648,88,44
1970-01-01 00:00:00.000000390,75.27311,88,45
1970-01-01 00:00:00.000000391,75.530525,88,46
1970-01-01 00:00:00.000000392,75.48408,88,47
1970-01-01 00:00:00.000000393,75.3063,88,48
1970-01-01 00:00:00.000000394,75.22599,88,49
1970-01-01 00:00:00.000000395,75.18196,88,50
1970-01-01 00:00:00.000000396,75.1611,88,51
1970-01-01 00:00:00.000000397,75.080475,88,52
1970-01-01 00:00:00.000000398,75.09151,88,53
1970-01-01 00:00:00.000000399,75.125534,88,54
1970-01-01 00:00:00.000000400,75.10081,88,55
1970-01-01 00:00:00.000000401,75.296936,88,56
1970-01-01 00:00:00.000000402,75.18552,88,57
1970-01-01 00:00:00.000000403,74.802895,88,58
1970-01-01 00:00:00.000000404,74.409065,88,59
1970-01-01 00:00:00.000000405,74.17535,88,60
1970-01-01 00:00:00.000000093,95.96472,89,10
1970-01-01 00:00:00.000000094,96.25393,89,11
1970-01-01 00:00:00.000000095,96.13277,89,12
1970-01-01 00:00:00.000000096,96.05511,89,13
1970-01-01 00:00:00.000000097,95.99908,89,14
1970-01-01 00:00:00.000000101,66.14746,92,10
1970-01-01 00:00:00.000000102,66.60176,92,11
1970-01-01 00:00:00.000000103,66.955124,92,12
1970-01-01 00:00:00.000000104,67.24377,92,13
1970-01-01 00:00:00.000000105,67.51283,92,14
1970-01-01 00:00:00.000000106,67.64806,92,15
1970-01-01 00:00:00.000000166,48.08041,93,10
1970-01-01 00:00:00.000000167,46.903366,93,11
1970-01-01 00:00:00.000000168,45.727207,93,12
1970-01-01 00:00:00.000000169,44.726738,93,13
1970-01-01 00:00:00.000000170,44.545128,93,14
1970-01-01 00:00:00.000000171,44.911686,93,15
1970-01-01 00:00:00.000000172,46.219913,93,16
1970-01-01 00:00:00.000000173,48.4743,93,17
1970-01-01 00:00:00.000000174,50.727535,93,18
1970-01-01 00:00:00.000000175,51.689266,93,19
1970-01-01 00:00:00.000000176,52.076675,93,20
1970-01-01 00:00:00.000000177,59.273293,93,21
1970-01-01 00:00:00.000000178,84.999306,93,22
1970-01-01 00:00:00.000000179,96.31025,93,23
1970-01-01 00:00:00.000000180,96.12479,93,24
1970-01-01 00:00:00.000000181,96.049515,93,25
1970-01-01 00:00:00.000000182,95.98381,93,26
1970-01-01 00:00:00.000000183,95.9292,93,27
1970-01-01 00:00:00.000000114,75.664276,95,10
1970-01-01 00:00:00.000000115,75.37523,95,11
1970-01-01 00:00:00.000000116,75.37263,95,12
1970-01-01 00:00:00.000000117,75.65209,95,13
1970-01-01 00:00:00.000000118,75.95241,95,14
1970-01-01 00:00:00.000000119,76.357506,95,15
1970-01-01 00:00:00.000000120,76.338715,95,16
1970-01-01 00:00:00.000000121,76.40026,95,17
1970-01-01 00:00:00.000000122,76.506905,95,18
1970-01-01 00:00:00.000000183,61.68139,96,10
1970-01-01 00:00:00.000000184,62.07434,96,11
1970-01-01 00:00:00.000000185,62.75864,96,12
1970-01-01 00:00:00.000000186,63.24717,96,13
1970-01-01 00:00:00.000000187,63.837784,96,14
1970-01-01 00:00:00.000000188,64.50788,96,15
1970-01-01 00:00:00.000000189,64.96844,96,16
1970-01-01 00:00:00.000000190,65.39505,96,17
1970-01-01 00:00:00.000000191,65.556915,96,18
1970-01-01 00:00:00.000000192,65.3951,96,19
1970-01-01 00:00:00.000000193,65.47664,96,20
1970-01-01 00:00:00.000000194,65.57647,96,21
1970-01-01 00:00:00.000000195,65.62532,96,22
1970-01-01 00:00:00.000000196,65.536224,96,23
1970-01-01 00:00:00.000000197,65.40479,96,24
1970-01-01 00:00:00.000000198,65.46517,96,25
1970-01-01 00:00:00.000000199,65.56725,96,26
1970-01-01 00:00:00.000000200,65.562645,96,27
1970-01-01 00:00:00.000000201,65.43192,96,28
1970-01-01 00:00:00.000000202,64.99961,96,29
1970-01-01 00:00:00.000000203,64.45496,96,30
1970-01-01 00:00:00.000000079,100.0,98,10
1970-01-01 00:00:00.000000080,100.0,98,11
1970-01-01 00:00:00.000000081,100.0,98,12
1970-01-01 00:00:00.000000096,90.589775,99,10
1970-01-01 00:00:00.000000097,96.132385,99,11
1970-01-01 00:00:00.000000098,95.90493,99,12
1970-01-01 00:00:00.000000099,95.79407,99,13
1970-01-01 00:00:00.000000100,95.70882,99,14
1970-01-01 00:00:00.000000101,95.64401,99,15
1970-01-01 00:00:00.000000340,57.115482,100,10
1970-01-01 00:00:00.000000341,57.133823,100,11
1970-01-01 00:00:00.000000342,57.110767,100,12
1970-01-01 00:00:00.000000343,57.205162,100,13
1970-01-01 00:00:00.000000344,57.25063,100,14
1970-01-01 00:00:00.000000345,57.389084,100,15
1970-01-01 00:00:00.000000346,57.671646,100,16
1970-01-01 00:00:00.000000347,57.84558,100,17
1970-01-01 00:00:00.000000348,58.00985,100,18
1970-01-01 00:00:00.000000349,58.04429,100,19
1970-01-01 00:00:00.000000350,58.488796,100,20
1970-01-01 00:00:00.000000351,59.085426,100,21
1970-01-01 00:00:00.000000352,59.598427,100,22
1970-01-01 00:00:00.000000353,60.064583,100,23
1970-01-01 00:00:00.000000354,60.443737,100,24
1970-01-01 00:00:00.000000355,60.794575,100,25
1970-01-01 00:00:00.000000356,61.05489,100,26
1970-01-01 00:00:00.000000357,61.4091,100,27
1970-01-01 00:00:00.000000358,61.520683,100,28
1970-01-01 00:00:00.000000359,61.68472,100,29
1970-01-01 00:00:00.000000360,61.952835,100,30
1970-01-01 00:00:00.000000361,62.33362,100,31
1970-01-01 00:00:00.000000362,62.710796,100,32
1970-01-01 00:00:00.000000363,63.239483,100,33
1970-01-01 00:00:00.000000364,63.857353,100,34
1970-01-01 00:00:00.000000365,64.40516,100,35
1970-01-01 00:00:00.000000366,64.80288,100,36
1970-01-01 00:00:00.000000367,65.27756,100,37
1970-01-01 00:00:00.000000368,65.53268,100,38
1970-01-01 00:00:00.000000369,65.71908,100,39
1970-01-01 00:00:00.000000370,65.92067,100,40
1970-01-01 00:00:00.000000371,66.206184,100,41
1970-01-01 00:00:00.000000372,66.48836,100,42
1970-01-01 00:00:00.000000373,66.58679,100,43
1970-01-01 00:00:00.000000374,66.80787,100,44
1970-01-01 00:00:00.000000375,67.094955,100,45
1970-01-01 00:00:00.000000376,67.22147,100,46
1970-01-01 00:00:00.000000377,67.111626,100,47
1970-01-01 00:00:00.000000378,66.90128,100,48
1970-01-01 00:00:00.000000379,66.557434,100,49
1970-01-01 00:00:00.000000380,65.937874,100,50
1970-01-01 00:00:00.000000381,65.61384,100,51
1970-01-01 00:00:00.000000382,66.63515,100,52
1970-01-01 00:00:00.000000383,86.53747,100,53
1970-01-01 00:00:00.000000384,96.49795,100,54
1970-01-01 00:00:00.000000385,96.347275,100,55
1970-01-01 00:00:00.000000386,96.20182,100,56
1970-01-01 00:00:00.000000387,96.09351,100,57
1970-01-01 00:00:00.000000388,96.00528,100,58
1970-01-01 00:00:00.000000142,45.81141,101,10
1970-01-01 00:00:00.000000143,46.883934,101,11
1970-01-01 00:00:00.000000144,48.42982,101,12
1970-01-01 00:00:00.000000145,50.4614,101,13
1970-01-01 00:00:00.000000146,52.23829,101,14
1970-01-01 00:00:00.000000147,53.598213,101,15
1970-01-01 00:00:00.000000148,54.988937,101,16
1970-01-01 00:00:00.000000149,56.333954,101,17
1970-01-01 00:00:00.000000150,57.598957,101,18
1970-01-01 00:00:00.000000151,58.879555,101,19
1970-01-01 00:00:00.000000152,59.83579,101,20
1970-01-01 00:00:00.000000153,60.391563,101,21
1970-01-01 00:00:00.000000154,60.81741,101,22
1970-01-01 00:00:00.000000155,61.219055,101,23
1970-01-01 00:00:00.000000187,70.07052,103,10
1970-01-01 00:00:00.000000188,70.57049,103,11
1970-01-01 00:00:00.000000189,70.96637,103,12
1970-01-01 00:00:00.000000190,71.29564,103,13
1970-01-01 00:00:00.000000191,71.78258,103,14
1970-01-01 00:00:00.000000192,72.31571,103,15
1970-01-01 00:00:00.000000193,72.701675,103,16
1970-01-01 00:00:00.000000194,73.27987,103,17
1970-01-01 00:00:00.000000195,73.62391,103,18
1970-01-01 00:00:00.000000196,73.88589,103,19
1970-01-01 00:00:00.000000197,73.87701,103,20
1970-01-01 00:00:00.000000198,73.85904,103,21
1970-01-01 00:00:00.000000199,74.10559,103,22
1970-01-01 00:00:00.000000200,74.44893,103,23
1970-01-01 00:00:00.000000201,74.626884,103,24
1970-01-01 00:00:00.000000202,74.89822,103,25
1970-01-01 00:00:00.000000203,75.02571,103,26
1970-01-01 00:00:00.000000204,74.8539,103,27
1970-01-01 00:00:00.000000205,74.79124,103,28
1970-01-01 00:00:00.000000206,74.70488,103,29
1970-01-01 00:00:00.000000207,74.649475,103,30
1970-01-01 00:00:00.000000208,74.65178,103,31
1970-01-01 00:00:00.000000080,96.243996,104,10
1970-01-01 00:00:00.000000081,96.16488,104,11
1970-01-01 00:00:00.000000082,96.10879,104,12
1970-01-01 00:00:00.000000190,59.09109,105,10
1970-01-01 00:00:00.000000191,60.30544,105,11
1970-01-01 00:00:00.000000192,61.85336,105,12
1970-01-01 00:00:00.000000193,63.176872,105,13
1970-01-01 00:00:00.000000194,63.30322,105,14
1970-01-01 00:00:00.000000195,63.5912,105,15
1970-01-01 00:00:00.000000196,64.15125,105,16
1970-01-01 00:00:00.000000197,64.94489,105,17
1970-01-01 00:00:00.000000198,65.255775,105,18
1970-01-01 00:00:00.000000199,63.997818,105,19
1970-01-01 00:00:00.000000200,63.423782,105,20
1970-01-01 00:00:00.000000201,63.911617,105,21
1970-01-01 00:00:00.000000202,65.0165,105,22
1970-01-01 00:00:00.000000203,66.610825,105,23
1970-01-01 00:00:00.000000204,67.36526,105,24
1970-01-01 00:00:00.000000205,66.98466,105,25
1970-01-01 00:00:00.000000206,66.22083,105,26
1970-01-01 00:00:00.000000207,65.852356,105,27
1970-01-01 00:00:00.000000208,64.350586,105,28
1970-01-01 00:00:00.000000209,62.69737,105,29
1970-01-01 00:00:00.000000210,60.39827,105,30
1970-01-01 00:00:00.000000211,57.895412,105,31
1970-01-01 00:00:00.000000281,57.479053,106,10
1970-01-01 00:00:00.000000282,57.404667,106,11
1970-01-01 00:00:00.000000283,57.411976,106,12
1970-01-01 00:00:00.000000284,57.351192,106,13
1970-01-01 00:00:00.000000285,57.128864,106,14
1970-01-01 00:00:00.000000286,56.93166,106,15
1970-01-01 00:00:00.000000287,56.83015,106,16
1970-01-01 00:00:00.000000288,56.780624,106,17
1970-01-01 00:00:00.000000289,56.86732,106,18
1970-01-01 00:00:00.000000290,56.72803,106,19
1970-01-01 00:00:00.000000291,56.507122,106,20
1970-01-01 00:00:00.000000292,56.184677,106,21
1970-01-01 00:00:00.000000293,55.999233,106,22
1970-01-01 00:00:00.000000294,56.01557,106,23
1970-01-01 00:00:00.000000295,55.760353,106,24
1970-01-01 00:00:00.000000296,55.449585,106,25
1970-01-01 00:00:00.000000297,55.229286,106,26
1970-01-01 00:00:00.000000298,54.965446,106,27
1970-01-01 00:00:00.000000299,54.760067,106,28
1970-01-01 00:00:00.000000300,54.374825,106,29
1970-01-01 00:00:00.000000301,54.04511,106,30
1970-01-01 00:00:00.000000302,53.87904,106,31
1970-01-01 00:00:00.000000303,53.594837,106,32
1970-01-01 00:00:00.000000304,53.3841,106,33
1970-01-01 00:00:00.000000305,53.127304,106,34
1970-01-01 00:00:00.000000306,52.554394,106,35
1970-01-01 00:00:00.000000307,52.327957,106,36
1970-01-01 00:00:00.000000308,52.194042,106,37
1970-01-01 00:00:00.000000309,51.779465,106,38
1970-01-01 00:00:00.000000310,51.419434,106,39
1970-01-01 00:00:00.000000311,53.118332,106,40
1970-01-01 00:00:00.000000312,65.963684,106,41
1970-01-01 00:00:00.000000313,88.03762,106,42
1970-01-01 00:00:00.000000314,95.854256,106,43
1970-01-01 00:00:00.000000315,95.68434,106,44
1970-01-01 00:00:00.000000316,95.59398,106,45
1970-01-01 00:00:00.000000317,95.5263,106,46
1970-01-01 00:00:00.000000318,95.477776,106,47
1970-01-01 00:00:00.000000083,95.8839,107,10
1970-01-01 00:00:00.000000084,95.827156,107,11
1970-01-01 00:00:00.000000085,95.785576,107,12
1970-01-01 00:00:00.000000213,64.09307,108,10
1970-01-01 00:00:00.000000214,64.01005,108,11
1970-01-01 00:00:00.000000215,64.288475,108,12
1970-01-01 00:00:00.000000216,64.44403,108,13
1970-01-01 00:00:00.000000217,64.359695,108,14
1970-01-01 00:00:00.000000218,64.32771,108,15
1970-01-01 00:00:00.000000219,64.5735,108,16
1970-01-01 00:00:00.000000220,64.7897,108,17
1970-01-01 00:00:00.000000221,65.091064,108,18
1970-01-01 00:00:00.000000222,65.07004,108,19
1970-01-01 00:00:00.000000223,64.89827,108,20
1970-01-01 00:00:00.000000224,65.03018,108,21
1970-01-01 00:00:00.000000225,65.38427,108,22
1970-01-01 00:00:00.000000226,65.68529,108,23
1970-01-01 00:00:00.000000227,65.956375,108,24
1970-01-01 00:00:00.000000228,65.959984,108,25
1970-01-01 00:00:00.000000229,65.76006,108,26
1970-01-01 00:00:00.000000230,66.08186,108,27
1970-01-01 00:00:00.000000231,66.719025,108,28
1970-01-01 00:00:00.000000232,67.21708,108,29
1970-01-01 00:00:00.000000233,67.81559,108,30
1970-01-01 00:00:00.000000234,68.48698,108,31
1970-01-01 00:00:00.000000235,69.057396,108,32
1970-01-01 00:00:00.000000236,69.59262,108,33
1970-01-01 00:00:00.000000237,70.20755,108,34
1970-01-01 00:00:00.000000238,70.731995,108,35
1970-01-01 00:00:00.000000083,69.27786,109,10
1970-01-01 00:00:00.000000084,69.02402,109,11
1970-01-01 00:00:00.000000085,68.40771,109,12
1970-01-01 00:00:00.000000505,73.67386,110,10
1970-01-01 00:00:00.000000506,73.64354,110,11
1970-01-01 00:00:00.000000507,73.72306,110,12
1970-01-01 00:00:00.000000508,73.78587,110,13
1970-01-01 00:00:00.000000509,73.978966,110,14
1970-01-01 00:00:00.000000510,74.28024,110,15
1970-01-01 00:00:00.000000511,74.546234,110,16
1970-01-01 00:00:00.000000512,74.744026,110,17
1970-01-01 00:00:00.000000513,75.037605,110,18
1970-01-01 00:00:00.000000514,75.30789,110,19
1970-01-01 00:00:00.000000515,75.510826,110,20
1970-01-01 00:00:00.000000516,75.64619,110,21
1970-01-01 00:00:00.000000517,75.879875,110,22
1970-01-01 00:00:00.000000518,75.968666,110,23
1970-01-01 00:00:00.000000519,75.70307,110,24
1970-01-01 00:00:00.000000520,75.108376,110,25
1970-01-01 00:00:00.000000521,74.58805,110,26
1970-01-01 00:00:00.000000522,74.22234,110,27
1970-01-01 00:00:00.000000523,73.77986,110,28
1970-01-01 00:00:00.000000524,73.23835,110,29
1970-01-01 00:00:00.000000525,72.818146,110,30
1970-01-01 00:00:00.000000526,72.486534,110,31
1970-01-01 00:00:00.000000527,72.12053,110,32
1970-01-01 00:00:00.000000528,72.01519,110,33
1970-01-01 00:00:00.000000529,72.131004,110,34
1970-01-01 00:00:00.000000530,72.16602,110,35
1970-01-01 00:00:00.000000531,72.17974,110,36
1970-01-01 00:00:00.000000532,71.937355,110,37
1970-01-01 00:00:00.000000533,71.15766,110,38
1970-01-01 00:00:00.000000534,70.52321,110,39
1970-01-01 00:00:00.000000535,69.93341,110,40
1970-01-01 00:00:00.000000536,69.3439,110,41
1970-01-01 00:00:00.000000537,68.7383,110,42
1970-01-01 00:00:00.000000538,67.75435,110,43
1970-01-01 00:00:00.000000539,66.57055,110,44
1970-01-01 00:00:00.000000540,65.365234,110,45
1970-01-01 00:00:00.000000541,64.23128,110,46
1970-01-01 00:00:00.000000542,63.267166,110,47
1970-01-01 00:00:00.000000543,62.62431,110,48
1970-01-01 00:00:00.000000544,61.94788,110,49
1970-01-01 00:00:00.000000545,60.937344,110,50
1970-01-01 00:00:00.000000546,59.985584,110,51
1970-01-01 00:00:00.000000547,58.760883,110,52
1970-01-01 00:00:00.000000548,57.650604,110,53
1970-01-01 00:00:00.000000549,56.522327,110,54
1970-01-01 00:00:00.000000550,56.486443,110,55
1970-01-01 00:00:00.000000551,56.594574,110,56
1970-01-01 00:00:00.000000552,56.02051,110,57
1970-01-01 00:00:00.000000553,55.236427,110,58
1970-01-01 00:00:00.000000554,54.808212,110,59
1970-01-01 00:00:00.000000555,54.375122,110,60
1970-01-01 00:00:00.000000556,53.955013,110,61
1970-01-01 00:00:00.000000557,53.417583,110,62
1970-01-01 00:00:00.000000558,52.893635,110,63
1970-01-01 00:00:00.000000559,52.443584,110,64
1970-01-01 00:00:00.000000560,50.649063,110,65
1970-01-01 00:00:00.000000561,49.72501,110,66
1970-01-01 00:00:00.000000562,50.622746,110,67
1970-01-01 00:00:00.000000563,51.74415,110,68
1970-01-01 00:00:00.000000564,52.2519,110,69
1970-01-01 00:00:00.000000565,52.531586,110,70
1970-01-01 00:00:00.000000566,53.881363,110,71
1970-01-01 00:00:00.000000567,55.46858,110,72
1970-01-01 00:00:00.000000568,56.543312,110,73
1970-01-01 00:00:00.000000569,57.41585,110,74
1970-01-01 00:00:00.000000570,54.09033,110,75
1970-01-01 00:00:00.000000571,53.12247,110,76
1970-01-01 00:00:00.000000572,56.011944,110,77
1970-01-01 00:00:00.000000573,60.658695,110,78
1970-01-01 00:00:00.000000574,67.43509,110,79
1970-01-01 00:00:00.000000575,72.33408,110,80
1970-01-01 00:00:00.000000576,84.615814,110,81
1970-01-01 00:00:00.000000577,94.21769,110,82
1970-01-01 00:00:00.000000578,96.19701,110,83
1970-01-01 00:00:00.000000579,96.05902,110,84
1970-01-01 00:00:00.000000580,95.982025,110,85
1970-01-01 00:00:00.000000581,95.931114,110,86
1970-01-01 00:00:00.000000582,95.896225,110,87
1970-01-01 00:00:00.000000183,75.33896,112,10
1970-01-01 00:00:00.000000184,75.50043,112,11
1970-01-01 00:00:00.000000185,75.64785,112,12
1970-01-01 00:00:00.000000186,72.51965,112,13
1970-01-01 00:00:00.000000187,67.70155,112,14
1970-01-01 00:00:00.000000188,65.490036,112,15
1970-01-01 00:00:00.000000189,64.97082,112,16
1970-01-01 00:00:00.000000190,64.81853,112,17
1970-01-01 00:00:00.000000191,64.98456,112,18
1970-01-01 00:00:00.000000192,65.267784,112,19
1970-01-01 00:00:00.000000193,65.56521,112,20
1970-01-01 00:00:00.000000194,65.44139,112,21
1970-01-01 00:00:00.000000195,65.45436,112,22
1970-01-01 00:00:00.000000196,65.61525,112,23
1970-01-01 00:00:00.000000197,65.74021,112,24
1970-01-01 00:00:00.000000198,66.09435,112,25
1970-01-01 00:00:00.000000199,66.2354,112,26
1970-01-01 00:00:00.000000200,66.322624,112,27
1970-01-01 00:00:00.000000201,66.62317,112,28
1970-01-01 00:00:00.000000202,66.867065,112,29
1970-01-01 00:00:00.000000203,66.89832,112,30
1970-01-01 00:00:00.000000172,68.92446,113,10
1970-01-01 00:00:00.000000173,68.733864,113,11
1970-01-01 00:00:00.000000174,68.51342,113,12
1970-01-01 00:00:00.000000175,68.16425,113,13
1970-01-01 00:00:00.000000176,67.90209,113,14
1970-01-01 00:00:00.000000177,67.90445,113,15
1970-01-01 00:00:00.000000178,67.64592,113,16
1970-01-01 00:00:00.000000179,67.39195,113,17
1970-01-01 00:00:00.000000180,66.923195,113,18
1970-01-01 00:00:00.000000181,66.532,113,19
1970-01-01 00:00:00.000000182,66.02962,113,20
1970-01-01 00:00:00.000000183,65.47999,113,21
1970-01-01 00:00:00.000000184,64.84039,113,22
1970-01-01 00:00:00.000000185,64.363174,113,23
1970-01-01 00:00:00.000000186,64.37349,113,24
1970-01-01 00:00:00.000000187,64.60804,113,25
1970-01-01 00:00:00.000000188,64.42445,113,26
1970-01-01 00:00:00.000000189,64.13369,113,27
1970-01-01 00:00:00.000000190,64.03029,113,28
1970-01-01 00:00:00.000000157,55.617706,114,10
1970-01-01 00:00:00.000000158,55.488476,114,11
1970-01-01 00:00:00.000000159,55.304234,114,12
1970-01-01 00:00:00.000000160,55.205887,114,13
1970-01-01 00:00:00.000000161,55.27557,114,14
1970-01-01 00:00:00.000000162,55.26177,114,15
1970-01-01 00:00:00.000000163,55.25229,114,16
1970-01-01 00:00:00.000000164,55.81459,114,17
1970-01-01 00:00:00.000000165,57.170666,114,18
1970-01-01 00:00:00.000000166,79.00805,114,19
1970-01-01 00:00:00.000000167,94.33813,114,20
1970-01-01 00:00:00.000000168,96.53921,114,21
1970-01-01 00:00:00.000000169,96.3866,114,22
1970-01-01 00:00:00.000000170,96.2875,114,23
1970-01-01 00:00:00.000000171,96.21865,114,24
1970-01-01 00:00:00.000000172,96.1749,114,25
1970-01-01 00:00:00.000000086,96.38672,115,10
1970-01-01 00:00:00.000000087,96.19692,115,11
1970-01-01 00:00:00.000000088,96.076324,115,12
1970-01-01 00:00:00.000000089,95.87079,115,13
1970-01-01 00:00:00.000000096,70.17565,117,10
1970-01-01 00:00:00.000000097,70.29861,117,11
1970-01-01 00:00:00.000000098,70.38608,117,12
1970-01-01 00:00:00.000000099,70.46284,117,13
1970-01-01 00:00:00.000000100,70.564896,117,14
1970-01-01 00:00:00.000000082,66.364655,118,10
1970-01-01 00:00:00.000000083,68.96684,118,11
1970-01-01 00:00:00.000000084,70.84778,118,12
1970-01-01 00:00:00.000000109,51.568546,121,10
1970-01-01 00:00:00.000000110,51.224674,121,11
1970-01-01 00:00:00.000000111,51.114567,121,12
1970-01-01 00:00:00.000000112,51.440926,121,13
1970-01-01 00:00:00.000000113,52.05257,121,14
1970-01-01 00:00:00.000000114,52.79589,121,15
1970-01-01 00:00:00.000000115,53.836025,121,16
1970-01-01 00:00:00.000000116,54.476788,121,17
1970-01-01 00:00:00.000000165,71.277756,122,10
1970-01-01 00:00:00.000000166,69.941216,122,11
1970-01-01 00:00:00.000000167,67.801186,122,12
1970-01-01 00:00:00.000000168,65.7314,122,13
1970-01-01 00:00:00.000000169,66.04449,122,14
1970-01-01 00:00:00.000000170,66.96831,122,15
1970-01-01 00:00:00.000000171,67.83982,122,16
1970-01-01 00:00:00.000000172,68.00783,122,17
1970-01-01 00:00:00.000000173,67.71194,122,18
1970-01-01 00:00:00.000000174,66.96367,122,19
1970-01-01 00:00:00.000000175,65.70458,122,20
1970-01-01 00:00:00.000000176,64.172615,122,21
1970-01-01 00:00:00.000000177,62.115692,122,22
1970-01-01 00:00:00.000000178,61.7202,122,23
1970-01-01 00:00:00.000000179,62.966057,122,24
1970-01-01 00:00:00.000000180,62.38074,122,25
1970-01-01 00:00:00.000000181,61.957172,122,26
1970-01-01 00:00:00.000000182,61.273277,122,27
1970-01-01 00:00:00.000000101,70.454315,123,10
1970-01-01 00:00:00.000000102,70.00132,123,11
1970-01-01 00:00:00.000000103,68.38956,123,12
1970-01-01 00:00:00.000000104,66.43748,123,13
1970-01-01 00:00:00.000000105,65.95692,123,14
1970-01-01 00:00:00.000000106,65.52198,123,15
1970-01-01 00:00:00.000000107,66.14622,123,16
1970-01-01 00:00:00.000000107,62.662334,124,10
1970-01-01 00:00:00.000000108,85.93754,124,11
1970-01-01 00:00:00.000000109,96.215996,124,12
1970-01-01 00:00:00.000000110,96.008896,124,13
1970-01-01 00:00:00.000000111,95.894196,124,14
1970-01-01 00:00:00.000000112,95.82267,124,15
1970-01-01 00:00:00.000000113,95.7821,124,16
1970-01-01 00:00:00.000000164,55.64815,125,10
1970-01-01 00:00:00.000000165,55.674778,125,11
1970-01-01 00:00:00.000000166,55.70791,125,12
1970-01-01 00:00:00.000000167,55.418045,125,13
1970-01-01 00:00:00.000000168,55.46552,125,14
1970-01-01 00:00:00.000000169,55.66792,125,15
1970-01-01 00:00:00.000000170,55.439743,125,16
1970-01-01 00:00:00.000000171,55.21358,125,17
1970-01-01 00:00:00.000000172,55.42448,125,18
1970-01-01 00:00:00.000000173,55.540676,125,19
1970-01-01 00:00:00.000000174,62.60446,125,20
1970-01-01 00:00:00.000000175,85.877075,125,21
1970-01-01 00:00:00.000000176,96.03254,125,22
1970-01-01 00:00:00.000000177,95.79734,125,23
1970-01-01 00:00:00.000000178,95.68248,125,24
1970-01-01 00:00:00.000000179,95.60352,125,25
1970-01-01 00:00:00.000000180,95.54706,125,26
1970-01-01 00:00:00.000000208,55.065445,126,10
1970-01-01 00:00:00.000000209,54.4592,126,11
1970-01-01 00:00:00.000000210,54.780155,126,12
1970-01-01 00:00:00.000000211,55.992928,126,13
1970-01-01 00:00:00.000000212,57.53181,126,14
1970-01-01 00:00:00.000000213,58.98217,126,15
1970-01-01 00:00:00.000000214,60.407593,126,16
1970-01-01 00:00:00.000000215,61.809418,126,17
1970-01-01 00:00:00.000000216,63.891182,126,18
1970-01-01 00:00:00.000000217,65.77358,126,19
1970-01-01 00:00:00.000000218,67.219055,126,20
1970-01-01 00:00:00.000000219,68.60062,126,21
1970-01-01 00:00:00.000000220,70.065575,126,22
1970-01-01 00:00:00.000000221,71.51515,126,23
1970-01-01 00:00:00.000000222,72.5435,126,24
1970-01-01 00:00:00.000000223,73.06529,126,25
1970-01-01 00:00:00.000000224,73.238976,126,26
1970-01-01 00:00:00.000000225,73.25122,126,27
1970-01-01 00:00:00.000000226,73.113335,126,28
1970-01-01 00:00:00.000000227,73.3052,126,29
1970-01-01 00:00:00.000000228,73.91389,126,30
1970-01-01 00:00:00.000000229,74.903656,126,31
1970-01-01 00:00:00.000000230,75.6834,126,32
1970-01-01 00:00:00.000000231,76.01084,126,33
1970-01-01 00:00:00.000000232,76.07411,126,34
1970-01-01 00:00:00.000000188,67.54709,127,10
1970-01-01 00:00:00.000000189,67.53633,127,11
1970-01-01 00:00:00.000000190,67.770935,127,12
1970-01-01 00:00:00.000000191,67.90163,127,13
1970-01-01 00:00:00.000000192,67.45453,127,14
1970-01-01 00:00:00.000000193,66.919815,127,15
1970-01-01 00:00:00.000000194,66.62723,127,16
1970-01-01 00:00:00.000000195,66.498,127,17
1970-01-01 00:00:00.000000196,66.30752,127,18
1970-01-01 00:00:00.000000197,66.210396,127,19
1970-01-01 00:00:00.000000198,66.142204,127,20
1970-01-01 00:00:00.000000199,65.916466,127,21
1970-01-01 00:00:00.000000200,65.21928,127,22
1970-01-01 00:00:00.000000201,65.43025,127,23
1970-01-01 00:00:00.000000202,65.00415,127,24
1970-01-01 00:00:00.000000203,63.61573,127,25
1970-01-01 00:00:00.000000204,61.925106,127,26
1970-01-01 00:00:00.000000205,59.955956,127,27
1970-01-01 00:00:00.000000206,57.682,127,28
1970-01-01 00:00:00.000000207,55.06082,127,29
1970-01-01 00:00:00.000000208,52.3345,127,30
1970-01-01 00:00:00.000000209,48.785538,127,31
1970-01-01 00:00:00.000000082,96.27418,129,10
1970-01-01 00:00:00.000000083,96.207306,129,11
1970-01-01 00:00:00.000000084,96.1504,129,12
