sequence_index,return,block_idx,fcst_origin
1970-01-01 00:00:00.000000097,161.74509,0,10
1970-01-01 00:00:00.000000098,142.3317,0,11
1970-01-01 00:00:00.000000099,141.65926,0,12
1970-01-01 00:00:00.000000100,141.65836,0,13
1970-01-01 00:00:00.000000101,141.01723,0,14
1970-01-01 00:00:00.000000102,126.80273,0,15
1970-01-01 00:00:00.000000081,227.96837,1,10
1970-01-01 00:00:00.000000082,227.68294,1,11
1970-01-01 00:00:00.000000083,229.10097,1,12
1970-01-01 00:00:00.000000079,186.36252,4,10
1970-01-01 00:00:00.000000080,181.04785,4,11
1970-01-01 00:00:00.000000081,185.44777,4,12
1970-01-01 00:00:00.000000079,119.95711,5,10
1970-01-01 00:00:00.000000080,118.201805,5,11
1970-01-01 00:00:00.000000081,116.61906,5,12
1970-01-01 00:00:00.000000119,224.19868,11,10
1970-01-01 00:00:00.000000120,223.0491,11,11
1970-01-01 00:00:00.000000121,224.23326,11,12
1970-01-01 00:00:00.000000122,227.8327,11,13
1970-01-01 00:00:00.000000123,227.79869,11,14
1970-01-01 00:00:00.000000124,231.09378,11,15
1970-01-01 00:00:00.000000125,234.70087,11,16
1970-01-01 00:00:00.000000126,235.5245,11,17
1970-01-01 00:00:00.000000127,237.31303,11,18
1970-01-01 00:00:00.000000128,238.64287,11,19
1970-01-01 00:00:00.000000113,194.631,12,10
1970-01-01 00:00:00.000000114,194.134,12,11
1970-01-01 00:00:00.000000115,191.76828,12,12
1970-01-01 00:00:00.000000116,185.62067,12,13
1970-01-01 00:00:00.000000117,182.68103,12,14
1970-01-01 00:00:00.000000118,180.5154,12,15
1970-01-01 00:00:00.000000119,177.2451,12,16
1970-01-01 00:00:00.000000120,176.27277,12,17
1970-01-01 00:00:00.000000121,179.32426,12,18
1970-01-01 00:00:00.000000157,137.60478,13,10
1970-01-01 00:00:00.000000158,132.93724,13,11
1970-01-01 00:00:00.000000159,135.93596,13,12
1970-01-01 00:00:00.000000160,130.32521,13,13
1970-01-01 00:00:00.000000161,129.6999,13,14
1970-01-01 00:00:00.000000162,135.4513,13,15
1970-01-01 00:00:00.000000163,134.56761,13,16
1970-01-01 00:00:00.000000164,132.3026,13,17
1970-01-01 00:00:00.000000165,129.18715,13,18
1970-01-01 00:00:00.000000166,130.56451,13,19
1970-01-01 00:00:00.000000167,131.46724,13,20
1970-01-01 00:00:00.000000168,136.2818,13,21
1970-01-01 00:00:00.000000169,133.63097,13,22
1970-01-01 00:00:00.000000170,138.47856,13,23
1970-01-01 00:00:00.000000171,143.88837,13,24
1970-01-01 00:00:00.000000172,141.12349,13,25
1970-01-01 00:00:00.000000141,166.57147,15,10
1970-01-01 00:00:00.000000142,166.82095,15,11
1970-01-01 00:00:00.000000143,165.52448,15,12
1970-01-01 00:00:00.000000144,168.74324,15,13
1970-01-01 00:00:00.000000145,179.35898,15,14
1970-01-01 00:00:00.000000146,175.77893,15,15
1970-01-01 00:00:00.000000147,177.88344,15,16
1970-01-01 00:00:00.000000148,178.39555,15,17
1970-01-01 00:00:00.000000149,176.9121,15,18
1970-01-01 00:00:00.000000150,177.26083,15,19
1970-01-01 00:00:00.000000151,177.94571,15,20
1970-01-01 00:00:00.000000152,181.60486,15,21
1970-01-01 00:00:00.000000153,170.24164,15,22
1970-01-01 00:00:00.000000156,253.09576,16,10
1970-01-01 00:00:00.000000157,257.14844,16,11
1970-01-01 00:00:00.000000158,252.42055,16,12
1970-01-01 00:00:00.000000159,250.35912,16,13
1970-01-01 00:00:00.000000160,252.66063,16,14
1970-01-01 00:00:00.000000161,255.34618,16,15
1970-01-01 00:00:00.000000162,254.19046,16,16
1970-01-01 00:00:00.000000163,252.76424,16,17
1970-01-01 00:00:00.000000164,251.79474,16,18
1970-01-01 00:00:00.000000165,252.52295,16,19
1970-01-01 00:00:00.000000166,252.51393,16,20
1970-01-01 00:00:00.000000167,250.98167,16,21
1970-01-01 00:00:00.000000168,250.50551,16,22
1970-01-01 00:00:00.000000169,253.16971,16,23
1970-01-01 00:00:00.000000170,253.83669,16,24
1970-01-01 00:00:00.000000171,259.73053,16,25
1970-01-01 00:00:00.000000123,146.8992,17,10
1970-01-01 00:00:00.000000124,145.05957,17,11
1970-01-01 00:00:00.000000125,141.40152,17,12
1970-01-01 00:00:00.000000126,136.85818,17,13
1970-01-01 00:00:00.000000127,124.6112,17,14
1970-01-01 00:00:00.000000128,114.26447,17,15
1970-01-01 00:00:00.000000129,115.64303,17,16
1970-01-01 00:00:00.000000130,104.19187,17,17
1970-01-01 00:00:00.000000131,95.212364,17,18
1970-01-01 00:00:00.000000132,120.065834,17,19
1970-01-01 00:00:00.000000134,203.43713,19,10
1970-01-01 00:00:00.000000135,199.27054,19,11
1970-01-01 00:00:00.000000136,198.39835,19,12
1970-01-01 00:00:00.000000137,188.71901,19,13
1970-01-01 00:00:00.000000138,185.46066,19,14
1970-01-01 00:00:00.000000139,188.88756,19,15
1970-01-01 00:00:00.000000140,187.67125,19,16
1970-01-01 00:00:00.000000141,186.65173,19,17
1970-01-01 00:00:00.000000142,187.15952,19,18
1970-01-01 00:00:00.000000143,195.38638,19,19
1970-01-01 00:00:00.000000144,204.20613,19,20
1970-01-01 00:00:00.000000145,194.38908,19,21
1970-01-01 00:00:00.000000121,186.06111,20,10
1970-01-01 00:00:00.000000122,182.24133,20,11
1970-01-01 00:00:00.000000123,182.74283,20,12
1970-01-01 00:00:00.000000124,177.31091,20,13
1970-01-01 00:00:00.000000125,181.78412,20,14
1970-01-01 00:00:00.000000126,187.17271,20,15
1970-01-01 00:00:00.000000127,184.95612,20,16
1970-01-01 00:00:00.000000128,182.32272,20,17
1970-01-01 00:00:00.000000129,176.48016,20,18
1970-01-01 00:00:00.000000130,175.70177,20,19
1970-01-01 00:00:00.000000130,111.950226,21,10
1970-01-01 00:00:00.000000131,118.99648,21,11
1970-01-01 00:00:00.000000132,144.04057,21,12
1970-01-01 00:00:00.000000133,157.02722,21,13
1970-01-01 00:00:00.000000134,162.30698,21,14
1970-01-01 00:00:00.000000135,160.18748,21,15
1970-01-01 00:00:00.000000136,149.64783,21,16
1970-01-01 00:00:00.000000137,142.42511,21,17
1970-01-01 00:00:00.000000138,143.18674,21,18
1970-01-01 00:00:00.000000139,145.05977,21,19
1970-01-01 00:00:00.000000140,145.58641,21,20
1970-01-01 00:00:00.000000171,133.37216,22,10
1970-01-01 00:00:00.000000172,135.1553,22,11
1970-01-01 00:00:00.000000173,130.68953,22,12
1970-01-01 00:00:00.000000174,128.696,22,13
1970-01-01 00:00:00.000000175,143.79639,22,14
1970-01-01 00:00:00.000000176,137.5633,22,15
1970-01-01 00:00:00.000000177,133.09816,22,16
1970-01-01 00:00:00.000000178,102.5221,22,17
1970-01-01 00:00:00.000000179,108.34885,22,18
1970-01-01 00:00:00.000000180,112.96021,22,19
1970-01-01 00:00:00.000000181,121.62949,22,20
1970-01-01 00:00:00.000000182,107.698746,22,21
1970-01-01 00:00:00.000000183,104.775764,22,22
1970-01-01 00:00:00.000000184,111.65121,22,23
1970-01-01 00:00:00.000000185,96.106064,22,24
1970-01-01 00:00:00.000000186,79.19213,22,25
1970-01-01 00:00:00.000000187,77.436516,22,26
1970-01-01 00:00:00.000000188,77.920975,22,27
1970-01-01 00:00:00.000000189,68.354774,22,28
1970-01-01 00:00:00.000000130,220.36783,23,10
1970-01-01 00:00:00.000000131,219.63092,23,11
1970-01-01 00:00:00.000000132,220.06052,23,12
1970-01-01 00:00:00.000000133,220.70312,23,13
1970-01-01 00:00:00.000000134,224.87949,23,14
1970-01-01 00:00:00.000000135,229.13936,23,15
1970-01-01 00:00:00.000000136,229.83757,23,16
1970-01-01 00:00:00.000000137,233.69058,23,17
1970-01-01 00:00:00.000000138,236.20824,23,18
1970-01-01 00:00:00.000000139,234.16154,23,19
1970-01-01 00:00:00.000000140,235.46263,23,20
1970-01-01 00:00:00.000000141,235.13106,23,21
1970-01-01 00:00:00.000000095,135.4166,25,10
1970-01-01 00:00:00.000000096,142.66103,25,11
1970-01-01 00:00:00.000000097,149.6204,25,12
1970-01-01 00:00:00.000000098,127.055145,25,13
1970-01-01 00:00:00.000000099,122.97675,25,14
1970-01-01 00:00:00.000000231,210.16183,26,10
1970-01-01 00:00:00.000000232,212.85597,26,11
1970-01-01 00:00:00.000000233,213.0499,26,12
1970-01-01 00:00:00.000000234,213.4264,26,13
1970-01-01 00:00:00.000000235,212.82016,26,14
1970-01-01 00:00:00.000000236,211.6965,26,15
1970-01-01 00:00:00.000000237,212.34375,26,16
1970-01-01 00:00:00.000000238,211.56451,26,17
1970-01-01 00:00:00.000000239,210.85298,26,18
1970-01-01 00:00:00.000000240,205.95772,26,19
1970-01-01 00:00:00.000000241,203.85837,26,20
1970-01-01 00:00:00.000000242,201.7177,26,21
1970-01-01 00:00:00.000000243,201.19798,26,22
1970-01-01 00:00:00.000000244,200.60715,26,23
1970-01-01 00:00:00.000000245,197.76689,26,24
1970-01-01 00:00:00.000000246,200.56592,26,25
1970-01-01 00:00:00.000000247,198.62265,26,26
1970-01-01 00:00:00.000000248,180.42552,26,27
1970-01-01 00:00:00.000000249,84.99554,26,28
1970-01-01 00:00:00.000000250,2.1911726,26,29
1970-01-01 00:00:00.000000251,26.19576,26,30
1970-01-01 00:00:00.000000252,50.11947,26,31
1970-01-01 00:00:00.000000253,63.536392,26,32
1970-01-01 00:00:00.000000254,121.926186,26,33
1970-01-01 00:00:00.000000255,145.80478,26,34
1970-01-01 00:00:00.000000256,137.9222,26,35
1970-01-01 00:00:00.000000257,144.6257,26,36
1970-01-01 00:00:00.000000258,149.16237,26,37
1970-01-01 00:00:00.000000259,145.76173,26,38
1970-01-01 00:00:00.000000181,89.41286,29,10
1970-01-01 00:00:00.000000182,90.408195,29,11
1970-01-01 00:00:00.000000183,93.35378,29,12
1970-01-01 00:00:00.000000184,95.164246,29,13
1970-01-01 00:00:00.000000185,99.9942,29,14
1970-01-01 00:00:00.000000186,103.61091,29,15
1970-01-01 00:00:00.000000187,108.52298,29,16
1970-01-01 00:00:00.000000188,108.339195,29,17
1970-01-01 00:00:00.000000189,97.27468,29,18
1970-01-01 00:00:00.000000190,85.28232,29,19
1970-01-01 00:00:00.000000191,89.998634,29,20
1970-01-01 00:00:00.000000192,93.66876,29,21
1970-01-01 00:00:00.000000193,52.32073,29,22
1970-01-01 00:00:00.000000194,74.019806,29,23
1970-01-01 00:00:00.000000195,67.60601,29,24
1970-01-01 00:00:00.000000196,63.31794,29,25
1970-01-01 00:00:00.000000197,42.38226,29,26
1970-01-01 00:00:00.000000198,62.69085,29,27
1970-01-01 00:00:00.000000199,60.005066,29,28
1970-01-01 00:00:00.000000200,35.825184,29,29
1970-01-01 00:00:00.000000201,60.055668,29,30
1970-01-01 00:00:00.000000092,181.77174,40,10
1970-01-01 00:00:00.000000093,191.13297,40,11
1970-01-01 00:00:00.000000094,188.93385,40,12
1970-01-01 00:00:00.000000095,198.59802,40,13
1970-01-01 00:00:00.000000096,197.90599,40,14
1970-01-01 00:00:00.000000092,178.79805,42,10
1970-01-01 00:00:00.000000093,174.62357,42,11
1970-01-01 00:00:00.000000094,181.53424,42,12
1970-01-01 00:00:00.000000095,174.91734,42,13
1970-01-01 00:00:00.000000096,186.30891,42,14
1970-01-01 00:00:00.000000156,119.11289,45,10
1970-01-01 00:00:00.000000157,119.13935,45,11
1970-01-01 00:00:00.000000158,118.10519,45,12
1970-01-01 00:00:00.000000159,116.63467,45,13
1970-01-01 00:00:00.000000160,117.59969,45,14
1970-01-01 00:00:00.000000161,116.12428,45,15
1970-01-01 00:00:00.000000162,117.75865,45,16
1970-01-01 00:00:00.000000163,118.84548,45,17
1970-01-01 00:00:00.000000164,119.77357,45,18
1970-01-01 00:00:00.000000165,119.63455,45,19
1970-01-01 00:00:00.000000166,118.26557,45,20
1970-01-01 00:00:00.000000167,116.36253,45,21
1970-01-01 00:00:00.000000168,117.921326,45,22
1970-01-01 00:00:00.000000169,117.844505,45,23
1970-01-01 00:00:00.000000170,117.32829,45,24
1970-01-01 00:00:00.000000171,15.299965,45,25
1970-01-01 00:00:00.000000116,106.677246,46,10
1970-01-01 00:00:00.000000117,99.088066,46,11
1970-01-01 00:00:00.000000118,106.24372,46,12
1970-01-01 00:00:00.000000119,104.05083,46,13
1970-01-01 00:00:00.000000120,102.58763,46,14
1970-01-01 00:00:00.000000121,103.58685,46,15
1970-01-01 00:00:00.000000122,101.16985,46,16
1970-01-01 00:00:00.000000123,103.41524,46,17
1970-01-01 00:00:00.000000124,101.41554,46,18
1970-01-01 00:00:00.000000243,109.994995,53,10
1970-01-01 00:00:00.000000244,111.97183,53,11
1970-01-01 00:00:00.000000245,112.6547,53,12
1970-01-01 00:00:00.000000246,109.89898,53,13
1970-01-01 00:00:00.000000247,104.7989,53,14
1970-01-01 00:00:00.000000248,110.10934,53,15
1970-01-01 00:00:00.000000249,107.53176,53,16
1970-01-01 00:00:00.000000250,108.68035,53,17
1970-01-01 00:00:00.000000251,113.92364,53,18
1970-01-01 00:00:00.000000252,114.27679,53,19
1970-01-01 00:00:00.000000253,117.70708,53,20
1970-01-01 00:00:00.000000254,104.169014,53,21
1970-01-01 00:00:00.000000255,93.30595,53,22
1970-01-01 00:00:00.000000256,92.285416,53,23
1970-01-01 00:00:00.000000257,91.71453,53,24
1970-01-01 00:00:00.000000258,90.1989,53,25
1970-01-01 00:00:00.000000259,94.078674,53,26
1970-01-01 00:00:00.000000260,95.55702,53,27
1970-01-01 00:00:00.000000261,91.83545,53,28
1970-01-01 00:00:00.000000262,98.734406,53,29
1970-01-01 00:00:00.000000263,99.179985,53,30
1970-01-01 00:00:00.000000264,88.95075,53,31
1970-01-01 00:00:00.000000265,97.48892,53,32
1970-01-01 00:00:00.000000266,86.20618,53,33
1970-01-01 00:00:00.000000267,74.229614,53,34
1970-01-01 00:00:00.000000268,75.3136,53,35
1970-01-01 00:00:00.000000269,72.59716,53,36
1970-01-01 00:00:00.000000270,77.602646,53,37
1970-01-01 00:00:00.000000271,85.58687,53,38
1970-01-01 00:00:00.000000272,88.71488,53,39
1970-01-01 00:00:00.000000273,87.966896,53,40
1970-01-01 00:00:00.000000274,88.24785,53,41
1970-01-01 00:00:00.000000097,36.531315,54,10
1970-01-01 00:00:00.000000098,35.424614,54,11
1970-01-01 00:00:00.000000099,34.67997,54,12
1970-01-01 00:00:00.000000100,33.010326,54,13
1970-01-01 00:00:00.000000101,32.20765,54,14
1970-01-01 00:00:00.000000102,20.244413,54,15
1970-01-01 00:00:00.000000277,64.5651,60,10
1970-01-01 00:00:00.000000278,43.515663,60,11
1970-01-01 00:00:00.000000279,59.881546,60,12
1970-01-01 00:00:00.000000280,55.028584,60,13
1970-01-01 00:00:00.000000281,54.305904,60,14
1970-01-01 00:00:00.000000282,52.326775,60,15
1970-01-01 00:00:00.000000283,57.182476,60,16
1970-01-01 00:00:00.000000284,62.83784,60,17
1970-01-01 00:00:00.000000285,71.66718,60,18
1970-01-01 00:00:00.000000286,78.11558,60,19
1970-01-01 00:00:00.000000287,75.40733,60,20
1970-01-01 00:00:00.000000288,80.405495,60,21
1970-01-01 00:00:00.000000289,70.630875,60,22
1970-01-01 00:00:00.000000290,68.84662,60,23
1970-01-01 00:00:00.000000291,72.682335,60,24
1970-01-01 00:00:00.000000292,67.65618,60,25
1970-01-01 00:00:00.000000293,74.20212,60,26
1970-01-01 00:00:00.000000294,71.24621,60,27
1970-01-01 00:00:00.000000295,62.078247,60,28
1970-01-01 00:00:00.000000296,63.41022,60,29
1970-01-01 00:00:00.000000297,65.851494,60,30
1970-01-01 00:00:00.000000298,73.15415,60,31
1970-01-01 00:00:00.000000299,61.26696,60,32
1970-01-01 00:00:00.000000300,59.38363,60,33
1970-01-01 00:00:00.000000301,49.069195,60,34
1970-01-01 00:00:00.000000302,55.154755,60,35
1970-01-01 00:00:00.000000303,53.4885,60,36
1970-01-01 00:00:00.000000304,47.85521,60,37
1970-01-01 00:00:00.000000305,55.18937,60,38
1970-01-01 00:00:00.000000306,61.349457,60,39
1970-01-01 00:00:00.000000307,65.81111,60,40
1970-01-01 00:00:00.000000308,60.28915,60,41
1970-01-01 00:00:00.000000309,54.44289,60,42
1970-01-01 00:00:00.000000310,42.748646,60,43
1970-01-01 00:00:00.000000311,42.902355,60,44
1970-01-01 00:00:00.000000312,57.178967,60,45
1970-01-01 00:00:00.000000313,53.17812,60,46
1970-01-01 00:00:00.000000314,44.665318,60,47
1970-01-01 00:00:00.000000102,67.32392,61,10
1970-01-01 00:00:00.000000103,60.422688,61,11
1970-01-01 00:00:00.000000104,65.62092,61,12
1970-01-01 00:00:00.000000105,64.974594,61,13
1970-01-01 00:00:00.000000106,63.979843,61,14
1970-01-01 00:00:00.000000107,63.438705,61,15
1970-01-01 00:00:00.000000108,63.351536,61,16
1970-01-01 00:00:00.000000125,126.639854,62,10
1970-01-01 00:00:00.000000126,125.97114,62,11
1970-01-01 00:00:00.000000127,110.15214,62,12
1970-01-01 00:00:00.000000128,114.03012,62,13
1970-01-01 00:00:00.000000129,116.620514,62,14
1970-01-01 00:00:00.000000130,114.689285,62,15
1970-01-01 00:00:00.000000131,116.12143,62,16
1970-01-01 00:00:00.000000132,113.766205,62,17
1970-01-01 00:00:00.000000133,113.16989,62,18
1970-01-01 00:00:00.000000134,111.950134,62,19
1970-01-01 00:00:00.000000135,112.484085,62,20
1970-01-01 00:00:00.000000292,74.70644,63,10
1970-01-01 00:00:00.000000293,72.67727,63,11
1970-01-01 00:00:00.000000294,68.54929,63,12
1970-01-01 00:00:00.000000295,71.04829,63,13
1970-01-01 00:00:00.000000296,70.10421,63,14
1970-01-01 00:00:00.000000297,68.17565,63,15
1970-01-01 00:00:00.000000298,64.08328,63,16
1970-01-01 00:00:00.000000299,64.56569,63,17
1970-01-01 00:00:00.000000300,66.79255,63,18
1970-01-01 00:00:00.000000301,67.81526,63,19
1970-01-01 00:00:00.000000302,62.724323,63,20
1970-01-01 00:00:00.000000303,63.91769,63,21
1970-01-01 00:00:00.000000304,62.21322,63,22
1970-01-01 00:00:00.000000305,63.935463,63,23
1970-01-01 00:00:00.000000306,66.52562,63,24
1970-01-01 00:00:00.000000307,65.034096,63,25
1970-01-01 00:00:00.000000308,60.91901,63,26
1970-01-01 00:00:00.000000309,62.63883,63,27
1970-01-01 00:00:00.000000310,63.18104,63,28
1970-01-01 00:00:00.000000311,66.61821,63,29
1970-01-01 00:00:00.000000312,66.388824,63,30
1970-01-01 00:00:00.000000313,65.988945,63,31
1970-01-01 00:00:00.000000314,71.35668,63,32
1970-01-01 00:00:00.000000315,74.703964,63,33
1970-01-01 00:00:00.000000316,76.79826,63,34
1970-01-01 00:00:00.000000317,70.80086,63,35
1970-01-01 00:00:00.000000318,77.63485,63,36
1970-01-01 00:00:00.000000319,78.95642,63,37
1970-01-01 00:00:00.000000320,72.4911,63,38
1970-01-01 00:00:00.000000321,72.77203,63,39
1970-01-01 00:00:00.000000322,73.80601,63,40
1970-01-01 00:00:00.000000323,73.475105,63,41
1970-01-01 00:00:00.000000324,76.05484,63,42
1970-01-01 00:00:00.000000325,78.61924,63,43
1970-01-01 00:00:00.000000326,79.56762,63,44
1970-01-01 00:00:00.000000327,78.79551,63,45
1970-01-01 00:00:00.000000328,78.053444,63,46
1970-01-01 00:00:00.000000329,84.28742,63,47
1970-01-01 00:00:00.000000330,84.31751,63,48
1970-01-01 00:00:00.000000331,88.260704,63,49
1970-01-01 00:00:00.000000156,98.69084,64,10
1970-01-01 00:00:00.000000157,94.94883,64,11
1970-01-01 00:00:00.000000158,105.74059,64,12
1970-01-01 00:00:00.000000159,102.63871,64,13
1970-01-01 00:00:00.000000160,110.273384,64,14
1970-01-01 00:00:00.000000161,113.99789,64,15
1970-01-01 00:00:00.000000162,112.9279,64,16
1970-01-01 00:00:00.000000163,115.97164,64,17
1970-01-01 00:00:00.000000164,110.9207,64,18
1970-01-01 00:00:00.000000165,106.19734,64,19
1970-01-01 00:00:00.000000166,102.13609,64,20
1970-01-01 00:00:00.000000167,95.92604,64,21
1970-01-01 00:00:00.000000168,98.898415,64,22
1970-01-01 00:00:00.000000169,98.50099,64,23
1970-01-01 00:00:00.000000170,93.447105,64,24
1970-01-01 00:00:00.000000171,39.030598,64,25
1970-01-01 00:00:00.000000225,46.85783,65,10
1970-01-01 00:00:00.000000226,46.59274,65,11
1970-01-01 00:00:00.000000227,44.141926,65,12
1970-01-01 00:00:00.000000228,44.814972,65,13
1970-01-01 00:00:00.000000229,52.998783,65,14
1970-01-01 00:00:00.000000230,59.366203,65,15
1970-01-01 00:00:00.000000231,58.226154,65,16
1970-01-01 00:00:00.000000232,55.603134,65,17
1970-01-01 00:00:00.000000233,53.548847,65,18
1970-01-01 00:00:00.000000234,59.30288,65,19
1970-01-01 00:00:00.000000235,59.208286,65,20
1970-01-01 00:00:00.000000236,56.70397,65,21
1970-01-01 00:00:00.000000237,60.930557,65,22
1970-01-01 00:00:00.000000238,60.12518,65,23
1970-01-01 00:00:00.000000239,64.17083,65,24
1970-01-01 00:00:00.000000240,64.63554,65,25
1970-01-01 00:00:00.000000241,65.377014,65,26
1970-01-01 00:00:00.000000242,65.45933,65,27
1970-01-01 00:00:00.000000243,69.66601,65,28
1970-01-01 00:00:00.000000244,68.037346,65,29
1970-01-01 00:00:00.000000245,70.74226,65,30
1970-01-01 00:00:00.000000246,71.36338,65,31
1970-01-01 00:00:00.000000247,69.334656,65,32
1970-01-01 00:00:00.000000248,66.28436,65,33
1970-01-01 00:00:00.000000249,63.49894,65,34
1970-01-01 00:00:00.000000250,65.67299,65,35
1970-01-01 00:00:00.000000251,65.18727,65,36
1970-01-01 00:00:00.000000252,61.646038,65,37
1970-01-01 00:00:00.000000083,73.14629,66,10
1970-01-01 00:00:00.000000084,70.837166,66,11
1970-01-01 00:00:00.000000085,68.692604,66,12
1970-01-01 00:00:00.000000124,37.341766,67,10
1970-01-01 00:00:00.000000125,50.5729,67,11
1970-01-01 00:00:00.000000126,37.909336,67,12
1970-01-01 00:00:00.000000127,42.870087,67,13
1970-01-01 00:00:00.000000128,34.466496,67,14
1970-01-01 00:00:00.000000129,31.081318,67,15
1970-01-01 00:00:00.000000130,29.354437,67,16
1970-01-01 00:00:00.000000131,33.76873,67,17
1970-01-01 00:00:00.000000132,24.065672,67,18
1970-01-01 00:00:00.000000133,36.751705,67,19
1970-01-01 00:00:00.000000176,93.05907,69,10
1970-01-01 00:00:00.000000177,92.27178,69,11
1970-01-01 00:00:00.000000178,88.04663,69,12
1970-01-01 00:00:00.000000179,93.85586,69,13
1970-01-01 00:00:00.000000180,94.98446,69,14
1970-01-01 00:00:00.000000181,102.21943,69,15
1970-01-01 00:00:00.000000182,94.63767,69,16
1970-01-01 00:00:00.000000183,100.63876,69,17
1970-01-01 00:00:00.000000184,104.66251,69,18
1970-01-01 00:00:00.000000185,108.24495,69,19
1970-01-01 00:00:00.000000186,111.98359,69,20
1970-01-01 00:00:00.000000187,116.250084,69,21
1970-01-01 00:00:00.000000188,111.236206,69,22
1970-01-01 00:00:00.000000189,102.792656,69,23
1970-01-01 00:00:00.000000190,96.48821,69,24
1970-01-01 00:00:00.000000191,100.06976,69,25
1970-01-01 00:00:00.000000192,97.92396,69,26
1970-01-01 00:00:00.000000193,98.48007,69,27
1970-01-01 00:00:00.000000194,100.29462,69,28
1970-01-01 00:00:00.000000195,99.272415,69,29
1970-01-01 00:00:00.000000226,126.09759,70,10
1970-01-01 00:00:00.000000227,129.52003,70,11
1970-01-01 00:00:00.000000228,127.860985,70,12
1970-01-01 00:00:00.000000229,127.52006,70,13
1970-01-01 00:00:00.000000230,130.41022,70,14
1970-01-01 00:00:00.000000231,132.75932,70,15
1970-01-01 00:00:00.000000232,134.50206,70,16
1970-01-01 00:00:00.000000233,134.70691,70,17
1970-01-01 00:00:00.000000234,135.98003,70,18
1970-01-01 00:00:00.000000235,138.77455,70,19
1970-01-01 00:00:00.000000236,139.38414,70,20
1970-01-01 00:00:00.000000237,141.588,70,21
1970-01-01 00:00:00.000000238,144.82,70,22
1970-01-01 00:00:00.000000239,145.16696,70,23
1970-01-01 00:00:00.000000240,147.60695,70,24
1970-01-01 00:00:00.000000241,149.73709,70,25
1970-01-01 00:00:00.000000242,149.34262,70,26
1970-01-01 00:00:00.000000243,149.13219,70,27
1970-01-01 00:00:00.000000244,148.51051,70,28
1970-01-01 00:00:00.000000245,148.57751,70,29
1970-01-01 00:00:00.000000246,149.4857,70,30
1970-01-01 00:00:00.000000247,149.71063,70,31
1970-01-01 00:00:00.000000248,148.46909,70,32
1970-01-01 00:00:00.000000249,148.62935,70,33
1970-01-01 00:00:00.000000250,151.04555,70,34
1970-01-01 00:00:00.000000251,148.32494,70,35
1970-01-01 00:00:00.000000252,142.09616,70,36
1970-01-01 00:00:00.000000253,141.69449,70,37
1970-01-01 00:00:00.000000254,115.13652,70,38
1970-01-01 00:00:00.000000226,115.225136,71,10
1970-01-01 00:00:00.000000227,116.73427,71,11
1970-01-01 00:00:00.000000228,115.5916,71,12
1970-01-01 00:00:00.000000229,115.46313,71,13
1970-01-01 00:00:00.000000230,115.56241,71,14
1970-01-01 00:00:00.000000231,113.82671,71,15
1970-01-01 00:00:00.000000232,98.392136,71,16
1970-01-01 00:00:00.000000233,72.40799,71,17
1970-01-01 00:00:00.000000234,64.53101,71,18
1970-01-01 00:00:00.000000235,92.80119,71,19
1970-01-01 00:00:00.000000236,109.08903,71,20
1970-01-01 00:00:00.000000237,121.18956,71,21
1970-01-01 00:00:00.000000238,118.53608,71,22
1970-01-01 00:00:00.000000239,124.14738,71,23
1970-01-01 00:00:00.000000240,128.31006,71,24
1970-01-01 00:00:00.000000241,136.49573,71,25
1970-01-01 00:00:00.000000242,146.37906,71,26
1970-01-01 00:00:00.000000243,140.91835,71,27
1970-01-01 00:00:00.000000244,148.14435,71,28
1970-01-01 00:00:00.000000245,154.51605,71,29
1970-01-01 00:00:00.000000246,159.64903,71,30
1970-01-01 00:00:00.000000247,163.09987,71,31
1970-01-01 00:00:00.000000248,169.13222,71,32
1970-01-01 00:00:00.000000249,182.52998,71,33
1970-01-01 00:00:00.000000250,199.67184,71,34
1970-01-01 00:00:00.000000251,223.76451,71,35
1970-01-01 00:00:00.000000252,240.31953,71,36
1970-01-01 00:00:00.000000253,242.59084,71,37
1970-01-01 00:00:00.000000320,130.70808,72,10
1970-01-01 00:00:00.000000321,136.0366,72,11
1970-01-01 00:00:00.000000322,140.49013,72,12
1970-01-01 00:00:00.000000323,148.0107,72,13
1970-01-01 00:00:00.000000324,154.94568,72,14
1970-01-01 00:00:00.000000325,149.49545,72,15
1970-01-01 00:00:00.000000326,151.30809,72,16
1970-01-01 00:00:00.000000327,143.21957,72,17
1970-01-01 00:00:00.000000328,142.94771,72,18
1970-01-01 00:00:00.000000329,144.09833,72,19
1970-01-01 00:00:00.000000330,145.30908,72,20
1970-01-01 00:00:00.000000331,145.56218,72,21
1970-01-01 00:00:00.000000332,145.45462,72,22
1970-01-01 00:00:00.000000333,143.98285,72,23
1970-01-01 00:00:00.000000334,145.44972,72,24
1970-01-01 00:00:00.000000335,146.57292,72,25
1970-01-01 00:00:00.000000336,151.26189,72,26
1970-01-01 00:00:00.000000337,146.20993,72,27
1970-01-01 00:00:00.000000338,161.00827,72,28
1970-01-01 00:00:00.000000339,136.4754,72,29
1970-01-01 00:00:00.000000340,134.31454,72,30
1970-01-01 00:00:00.000000341,136.43982,72,31
1970-01-01 00:00:00.000000342,141.23782,72,32
1970-01-01 00:00:00.000000343,139.83382,72,33
1970-01-01 00:00:00.000000344,140.4977,72,34
1970-01-01 00:00:00.000000345,130.04755,72,35
1970-01-01 00:00:00.000000346,140.50554,72,36
1970-01-01 00:00:00.000000347,132.96309,72,37
1970-01-01 00:00:00.000000348,134.66183,72,38
1970-01-01 00:00:00.000000349,115.7379,72,39
1970-01-01 00:00:00.000000350,122.29567,72,40
1970-01-01 00:00:00.000000351,121.61488,72,41
1970-01-01 00:00:00.000000352,129.58206,72,42
1970-01-01 00:00:00.000000353,119.17113,72,43
1970-01-01 00:00:00.000000354,126.1123,72,44
1970-01-01 00:00:00.000000355,112.371735,72,45
1970-01-01 00:00:00.000000356,105.98943,72,46
1970-01-01 00:00:00.000000357,138.68967,72,47
1970-01-01 00:00:00.000000358,122.27295,72,48
1970-01-01 00:00:00.000000359,37.401333,72,49
1970-01-01 00:00:00.000000360,22.743685,72,50
1970-01-01 00:00:00.000000361,42.045387,72,51
1970-01-01 00:00:00.000000362,47.524597,72,52
1970-01-01 00:00:00.000000363,53.627785,72,53
1970-01-01 00:00:00.000000364,46.892044,72,54
1970-01-01 00:00:00.000000219,52.991047,73,10
1970-01-01 00:00:00.000000220,56.615936,73,11
1970-01-01 00:00:00.000000221,63.409756,73,12
1970-01-01 00:00:00.000000222,57.37159,73,13
1970-01-01 00:00:00.000000223,58.0786,73,14
1970-01-01 00:00:00.000000224,60.660534,73,15
1970-01-01 00:00:00.000000225,62.475353,73,16
1970-01-01 00:00:00.000000226,62.579277,73,17
1970-01-01 00:00:00.000000227,66.56961,73,18
1970-01-01 00:00:00.000000228,63.77491,73,19
1970-01-01 00:00:00.000000229,65.34449,73,20
1970-01-01 00:00:00.000000230,59.015156,73,21
1970-01-01 00:00:00.000000231,66.8095,73,22
1970-01-01 00:00:00.000000232,66.3361,73,23
1970-01-01 00:00:00.000000233,66.43952,73,24
1970-01-01 00:00:00.000000234,58.68551,73,25
1970-01-01 00:00:00.000000235,56.71617,73,26
1970-01-01 00:00:00.000000236,57.434856,73,27
1970-01-01 00:00:00.000000237,58.198128,73,28
1970-01-01 00:00:00.000000238,59.86133,73,29
1970-01-01 00:00:00.000000239,60.570827,73,30
1970-01-01 00:00:00.000000240,60.53752,73,31
1970-01-01 00:00:00.000000241,59.95726,73,32
1970-01-01 00:00:00.000000242,59.99941,73,33
1970-01-01 00:00:00.000000243,60.95061,73,34
1970-01-01 00:00:00.000000244,60.832005,73,35
1970-01-01 00:00:00.000000245,63.994083,73,36
1970-01-01 00:00:00.000000116,53.16915,74,10
1970-01-01 00:00:00.000000117,52.84365,74,11
1970-01-01 00:00:00.000000118,49.871677,74,12
1970-01-01 00:00:00.000000119,52.968678,74,13
1970-01-01 00:00:00.000000120,53.63603,74,14
1970-01-01 00:00:00.000000121,52.700005,74,15
1970-01-01 00:00:00.000000122,54.079086,74,16
1970-01-01 00:00:00.000000123,54.623135,74,17
1970-01-01 00:00:00.000000124,53.113235,74,18
1970-01-01 00:00:00.000000129,145.40776,76,10
1970-01-01 00:00:00.000000130,144.51492,76,11
1970-01-01 00:00:00.000000131,145.49734,76,12
1970-01-01 00:00:00.000000132,146.2215,76,13
1970-01-01 00:00:00.000000133,145.85156,76,14
1970-01-01 00:00:00.000000134,147.4798,76,15
1970-01-01 00:00:00.000000135,147.9581,76,16
1970-01-01 00:00:00.000000136,145.24466,76,17
1970-01-01 00:00:00.000000137,151.477,76,18
1970-01-01 00:00:00.000000138,152.3006,76,19
1970-01-01 00:00:00.000000139,153.56808,76,20
1970-01-01 00:00:00.000000151,50.356026,77,10
1970-01-01 00:00:00.000000152,53.167774,77,11
1970-01-01 00:00:00.000000153,51.589214,77,12
1970-01-01 00:00:00.000000154,49.489605,77,13
1970-01-01 00:00:00.000000155,51.41567,77,14
1970-01-01 00:00:00.000000156,51.50081,77,15
1970-01-01 00:00:00.000000157,49.652172,77,16
1970-01-01 00:00:00.000000158,45.927547,77,17
1970-01-01 00:00:00.000000159,51.05525,77,18
1970-01-01 00:00:00.000000160,49.700943,77,19
1970-01-01 00:00:00.000000161,47.12767,77,20
1970-01-01 00:00:00.000000162,48.69425,77,21
1970-01-01 00:00:00.000000163,50.185978,77,22
1970-01-01 00:00:00.000000164,52.046894,77,23
1970-01-01 00:00:00.000000165,46.605118,77,24
1970-01-01 00:00:00.000000098,0.0,78,10
1970-01-01 00:00:00.000000099,0.0,78,11
1970-01-01 00:00:00.000000100,0.0,78,12
1970-01-01 00:00:00.000000101,0.0,78,13
1970-01-01 00:00:00.000000102,0.0,78,14
1970-01-01 00:00:00.000000103,0.0,78,15
1970-01-01 00:00:00.000000275,100.70035,79,10
1970-01-01 00:00:00.000000276,100.380066,79,11
1970-01-01 00:00:00.000000277,104.05765,79,12
1970-01-01 00:00:00.000000278,103.38414,79,13
1970-01-01 00:00:00.000000279,102.813484,79,14
1970-01-01 00:00:00.000000280,104.018845,79,15
1970-01-01 00:00:00.000000281,102.6913,79,16
1970-01-01 00:00:00.000000282,103.0087,79,17
1970-01-01 00:00:00.000000283,101.54429,79,18
1970-01-01 00:00:00.000000284,102.3966,79,19
1970-01-01 00:00:00.000000285,101.90435,79,20
1970-01-01 00:00:00.000000286,101.6927,79,21
1970-01-01 00:00:00.000000287,102.54588,79,22
1970-01-01 00:00:00.000000288,98.68507,79,23
1970-01-01 00:00:00.000000289,97.366684,79,24
1970-01-01 00:00:00.000000290,100.07213,79,25
1970-01-01 00:00:00.000000291,102.40487,79,26
1970-01-01 00:00:00.000000292,99.5425,79,27
1970-01-01 00:00:00.000000293,97.40167,79,28
1970-01-01 00:00:00.000000294,93.02504,79,29
1970-01-01 00:00:00.000000295,90.2841,79,30
1970-01-01 00:00:00.000000296,93.875626,79,31
1970-01-01 00:00:00.000000297,93.934456,79,32
1970-01-01 00:00:00.000000298,91.31861,79,33
1970-01-01 00:00:00.000000299,95.60479,79,34
1970-01-01 00:00:00.000000300,92.77014,79,35
1970-01-01 00:00:00.000000301,89.5817,79,36
1970-01-01 00:00:00.000000302,87.325424,79,37
1970-01-01 00:00:00.000000303,88.627525,79,38
1970-01-01 00:00:00.000000304,92.44958,79,39
1970-01-01 00:00:00.000000305,98.2322,79,40
1970-01-01 00:00:00.000000306,101.91759,79,41
1970-01-01 00:00:00.000000307,100.772354,79,42
1970-01-01 00:00:00.000000308,98.96195,79,43
1970-01-01 00:00:00.000000309,98.987404,79,44
1970-01-01 00:00:00.000000310,98.48044,79,45
1970-01-01 00:00:00.000000311,97.73571,79,46
1970-01-01 00:00:00.000000148,152.86186,80,10
1970-01-01 00:00:00.000000149,154.4181,80,11
1970-01-01 00:00:00.000000150,150.23315,80,12
1970-01-01 00:00:00.000000151,147.01347,80,13
1970-01-01 00:00:00.000000152,142.02467,80,14
1970-01-01 00:00:00.000000153,140.63342,80,15
1970-01-01 00:00:00.000000154,135.38213,80,16
1970-01-01 00:00:00.000000155,130.30374,80,17
1970-01-01 00:00:00.000000156,120.73549,80,18
1970-01-01 00:00:00.000000157,93.39545,80,19
1970-01-01 00:00:00.000000158,53.772472,80,20
1970-01-01 00:00:00.000000159,45.21604,80,21
1970-01-01 00:00:00.000000160,32.52928,80,22
1970-01-01 00:00:00.000000161,18.942762,80,23
1970-01-01 00:00:00.000000162,0.0,80,24
1970-01-01 00:00:00.000000125,120.82283,81,10
1970-01-01 00:00:00.000000126,138.27333,81,11
1970-01-01 00:00:00.000000127,121.27977,81,12
1970-01-01 00:00:00.000000128,120.23032,81,13
1970-01-01 00:00:00.000000129,120.22962,81,14
1970-01-01 00:00:00.000000130,123.44153,81,15
1970-01-01 00:00:00.000000131,126.04477,81,16
1970-01-01 00:00:00.000000132,133.9244,81,17
1970-01-01 00:00:00.000000133,131.3392,81,18
1970-01-01 00:00:00.000000134,123.811714,81,19
1970-01-01 00:00:00.000000135,144.29077,81,20
1970-01-01 00:00:00.000000318,137.19273,83,10
1970-01-01 00:00:00.000000319,138.30574,83,11
1970-01-01 00:00:00.000000320,141.1731,83,12
1970-01-01 00:00:00.000000321,141.75693,83,13
1970-01-01 00:00:00.000000322,145.29851,83,14
1970-01-01 00:00:00.000000323,144.73477,83,15
1970-01-01 00:00:00.000000324,146.93417,83,16
1970-01-01 00:00:00.000000325,151.09569,83,17
1970-01-01 00:00:00.000000326,148.64587,83,18
1970-01-01 00:00:00.000000327,151.54657,83,19
1970-01-01 00:00:00.000000328,154.56546,83,20
1970-01-01 00:00:00.000000329,148.53627,83,21
1970-01-01 00:00:00.000000330,146.79965,83,22
1970-01-01 00:00:00.000000331,150.38075,83,23
1970-01-01 00:00:00.000000332,150.8946,83,24
1970-01-01 00:00:00.000000333,145.30023,83,25
1970-01-01 00:00:00.000000334,138.02924,83,26
1970-01-01 00:00:00.000000335,140.79825,83,27
1970-01-01 00:00:00.000000336,145.11574,83,28
1970-01-01 00:00:00.000000337,138.39713,83,29
1970-01-01 00:00:00.000000338,138.30653,83,30
1970-01-01 00:00:00.000000339,139.27208,83,31
1970-01-01 00:00:00.000000340,140.54927,83,32
1970-01-01 00:00:00.000000341,143.08495,83,33
1970-01-01 00:00:00.000000342,143.35107,83,34
1970-01-01 00:00:00.000000343,144.05345,83,35
1970-01-01 00:00:00.000000344,147.2906,83,36
1970-01-01 00:00:00.000000345,146.69443,83,37
1970-01-01 00:00:00.000000346,149.58226,83,38
1970-01-01 00:00:00.000000347,149.358,83,39
1970-01-01 00:00:00.000000348,152.19379,83,40
1970-01-01 00:00:00.000000349,152.93951,83,41
1970-01-01 00:00:00.000000350,155.78886,83,42
1970-01-01 00:00:00.000000351,158.3586,83,43
1970-01-01 00:00:00.000000352,158.772,83,44
1970-01-01 00:00:00.000000353,162.24509,83,45
1970-01-01 00:00:00.000000354,163.14552,83,46
1970-01-01 00:00:00.000000355,164.54977,83,47
1970-01-01 00:00:00.000000356,165.9475,83,48
1970-01-01 00:00:00.000000357,164.71106,83,49
1970-01-01 00:00:00.000000358,159.24362,83,50
1970-01-01 00:00:00.000000359,157.52475,83,51
1970-01-01 00:00:00.000000360,158.73528,83,52
1970-01-01 00:00:00.000000361,158.01134,83,53
1970-01-01 00:00:00.000000362,149.58751,83,54
1970-01-01 00:00:00.000000110,187.47093,84,10
1970-01-01 00:00:00.000000111,187.291,84,11
1970-01-01 00:00:00.000000112,186.78131,84,12
1970-01-01 00:00:00.000000113,185.69426,84,13
1970-01-01 00:00:00.000000114,187.5438,84,14
1970-01-01 00:00:00.000000115,190.89984,84,15
1970-01-01 00:00:00.000000116,191.93294,84,16
1970-01-01 00:00:00.000000117,192.85141,84,17
1970-01-01 00:00:00.000000118,141.19551,85,10
1970-01-01 00:00:00.000000119,137.14325,85,11
1970-01-01 00:00:00.000000120,137.07555,85,12
1970-01-01 00:00:00.000000121,137.40628,85,13
1970-01-01 00:00:00.000000122,140.28168,85,14
1970-01-01 00:00:00.000000123,145.53912,85,15
1970-01-01 00:00:00.000000124,148.01935,85,16
1970-01-01 00:00:00.000000125,152.85472,85,17
1970-01-01 00:00:00.000000126,154.47937,85,18
1970-01-01 00:00:00.000000215,149.57509,86,10
1970-01-01 00:00:00.000000216,155.09842,86,11
1970-01-01 00:00:00.000000217,152.03119,86,12
1970-01-01 00:00:00.000000218,148.71463,86,13
1970-01-01 00:00:00.000000219,140.66565,86,14
1970-01-01 00:00:00.000000220,136.86652,86,15
1970-01-01 00:00:00.000000221,140.3026,86,16
1970-01-01 00:00:00.000000222,140.79004,86,17
1970-01-01 00:00:00.000000223,142.73062,86,18
1970-01-01 00:00:00.000000224,147.78494,86,19
1970-01-01 00:00:00.000000225,150.13597,86,20
1970-01-01 00:00:00.000000226,151.14125,86,21
1970-01-01 00:00:00.000000227,153.53761,86,22
1970-01-01 00:00:00.000000228,144.03398,86,23
1970-01-01 00:00:00.000000229,134.22784,86,24
1970-01-01 00:00:00.000000230,131.84798,86,25
1970-01-01 00:00:00.000000231,134.31569,86,26
1970-01-01 00:00:00.000000232,138.38518,86,27
1970-01-01 00:00:00.000000233,133.37953,86,28
1970-01-01 00:00:00.000000234,133.03186,86,29
1970-01-01 00:00:00.000000235,140.5243,86,30
1970-01-01 00:00:00.000000236,140.50273,86,31
1970-01-01 00:00:00.000000237,146.16023,86,32
1970-01-01 00:00:00.000000238,150.95728,86,33
1970-01-01 00:00:00.000000239,140.56221,86,34
1970-01-01 00:00:00.000000240,134.46597,86,35
1970-01-01 00:00:00.000000385,124.87299,87,10
1970-01-01 00:00:00.000000386,126.24995,87,11
1970-01-01 00:00:00.000000387,130.6684,87,12
1970-01-01 00:00:00.000000388,127.26998,87,13
1970-01-01 00:00:00.000000389,123.17,87,14
1970-01-01 00:00:00.000000390,119.75735,87,15
1970-01-01 00:00:00.000000391,118.42631,87,16
1970-01-01 00:00:00.000000392,116.3213,87,17
1970-01-01 00:00:00.000000393,117.247215,87,18
1970-01-01 00:00:00.000000394,126.19526,87,19
1970-01-01 00:00:00.000000395,129.04335,87,20
1970-01-01 00:00:00.000000396,124.68258,87,21
1970-01-01 00:00:00.000000397,127.8153,87,22
1970-01-01 00:00:00.000000398,117.79545,87,23
1970-01-01 00:00:00.000000399,111.34622,87,24
1970-01-01 00:00:00.000000400,107.3288,87,25
1970-01-01 00:00:00.000000401,117.19967,87,26
1970-01-01 00:00:00.000000402,109.16593,87,27
1970-01-01 00:00:00.000000403,116.21297,87,28
1970-01-01 00:00:00.000000404,124.62594,87,29
1970-01-01 00:00:00.000000405,123.22789,87,30
1970-01-01 00:00:00.000000406,119.41767,87,31
1970-01-01 00:00:00.000000407,120.643,87,32
1970-01-01 00:00:00.000000408,120.86057,87,33
1970-01-01 00:00:00.000000409,119.93532,87,34
1970-01-01 00:00:00.000000410,123.493996,87,35
1970-01-01 00:00:00.000000411,132.17447,87,36
1970-01-01 00:00:00.000000412,125.29922,87,37
1970-01-01 00:00:00.000000413,116.6712,87,38
1970-01-01 00:00:00.000000414,123.147575,87,39
1970-01-01 00:00:00.000000415,119.91695,87,40
1970-01-01 00:00:00.000000416,112.38808,87,41
1970-01-01 00:00:00.000000417,115.83433,87,42
1970-01-01 00:00:00.000000418,112.68897,87,43
1970-01-01 00:00:00.000000419,113.23245,87,44
1970-01-01 00:00:00.000000420,109.918175,87,45
1970-01-01 00:00:00.000000421,107.756294,87,46
1970-01-01 00:00:00.000000422,102.00551,87,47
1970-01-01 00:00:00.000000423,97.48173,87,48
1970-01-01 00:00:00.000000424,99.30023,87,49
1970-01-01 00:00:00.000000425,102.05526,87,50
1970-01-01 00:00:00.000000426,118.32722,87,51
1970-01-01 00:00:00.000000427,125.832954,87,52
1970-01-01 00:00:00.000000428,114.361145,87,53
1970-01-01 00:00:00.000000429,96.95543,87,54
1970-01-01 00:00:00.000000430,83.786995,87,55
1970-01-01 00:00:00.000000431,89.64013,87,56
1970-01-01 00:00:00.000000432,102.98125,87,57
1970-01-01 00:00:00.000000433,114.76283,87,58
1970-01-01 00:00:00.000000434,84.07262,87,59
1970-01-01 00:00:00.000000435,62.268646,87,60
1970-01-01 00:00:00.000000436,65.6136,87,61
1970-01-01 00:00:00.000000437,81.846954,87,62
1970-01-01 00:00:00.000000438,87.691124,87,63
1970-01-01 00:00:00.000000439,106.05708,87,64
1970-01-01 00:00:00.000000440,127.298004,87,65
1970-01-01 00:00:00.000000441,118.987404,87,66
1970-01-01 00:00:00.000000355,143.472,88,10
1970-01-01 00:00:00.000000356,146.81317,88,11
1970-01-01 00:00:00.000000357,146.75267,88,12
1970-01-01 00:00:00.000000358,146.49611,88,13
1970-01-01 00:00:00.000000359,147.52087,88,14
1970-01-01 00:00:00.000000360,145.81961,88,15
1970-01-01 00:00:00.000000361,140.26006,88,16
1970-01-01 00:00:00.000000362,139.74904,88,17
1970-01-01 00:00:00.000000363,136.33534,88,18
1970-01-01 00:00:00.000000364,137.68382,88,19
1970-01-01 00:00:00.000000365,139.6789,88,20
1970-01-01 00:00:00.000000366,140.60123,88,21
1970-01-01 00:00:00.000000367,141.39944,88,22
1970-01-01 00:00:00.000000368,142.3307,88,23
1970-01-01 00:00:00.000000369,147.01715,88,24
1970-01-01 00:00:00.000000370,146.22125,88,25
1970-01-01 00:00:00.000000371,145.87935,88,26
1970-01-01 00:00:00.000000372,146.75145,88,27
1970-01-01 00:00:00.000000373,148.44989,88,28
1970-01-01 00:00:00.000000374,148.2025,88,29
1970-01-01 00:00:00.000000375,147.21977,88,30
1970-01-01 00:00:00.000000376,142.92403,88,31
1970-01-01 00:00:00.000000377,141.02904,88,32
1970-01-01 00:00:00.000000378,139.15028,88,33
1970-01-01 00:00:00.000000379,140.66214,88,34
1970-01-01 00:00:00.000000380,140.66917,88,35
1970-01-01 00:00:00.000000381,145.71504,88,36
1970-01-01 00:00:00.000000382,144.78258,88,37
1970-01-01 00:00:00.000000383,149.0143,88,38
1970-01-01 00:00:00.000000384,149.77469,88,39
1970-01-01 00:00:00.000000385,152.52641,88,40
1970-01-01 00:00:00.000000386,156.97539,88,41
1970-01-01 00:00:00.000000387,161.98517,88,42
1970-01-01 00:00:00.000000388,164.35997,88,43
1970-01-01 00:00:00.000000389,166.50307,88,44
1970-01-01 00:00:00.000000390,169.46135,88,45
1970-01-01 00:00:00.000000391,168.34872,88,46
1970-01-01 00:00:00.000000392,170.02129,88,47
1970-01-01 00:00:00.000000393,178.02763,88,48
1970-01-01 00:00:00.000000394,181.57742,88,49
1970-01-01 00:00:00.000000395,180.45241,88,50
1970-01-01 00:00:00.000000396,181.56355,88,51
1970-01-01 00:00:00.000000397,186.06885,88,52
1970-01-01 00:00:00.000000398,186.98944,88,53
1970-01-01 00:00:00.000000399,192.14499,88,54
1970-01-01 00:00:00.000000400,194.66675,88,55
1970-01-01 00:00:00.000000401,197.59544,88,56
1970-01-01 00:00:00.000000402,195.02702,88,57
1970-01-01 00:00:00.000000403,190.97505,88,58
1970-01-01 00:00:00.000000404,188.85484,88,59
1970-01-01 00:00:00.000000405,189.32724,88,60
1970-01-01 00:00:00.000000093,0.0,89,10
1970-01-01 00:00:00.000000094,0.0,89,11
1970-01-01 00:00:00.000000095,0.0,89,12
1970-01-01 00:00:00.000000096,0.0,89,13
1970-01-01 00:00:00.000000097,0.0,89,14
1970-01-01 00:00:00.000000101,41.575195,92,10
1970-01-01 00:00:00.000000102,44.02673,92,11
1970-01-01 00:00:00.000000103,41.24169,92,12
1970-01-01 00:00:00.000000104,43.22184,92,13
1970-01-01 00:00:00.000000105,41.23731,92,14
1970-01-01 00:00:00.000000106,41.987667,92,15
1970-01-01 00:00:00.000000166,89.565994,93,10
1970-01-01 00:00:00.000000167,83.81532,93,11
1970-01-01 00:00:00.000000168,75.05293,93,12
1970-01-01 00:00:00.000000169,74.63037,93,13
1970-01-01 00:00:00.000000170,81.34125,93,14
1970-01-01 00:00:00.000000171,82.33199,93,15
1970-01-01 00:00:00.000000172,89.27664,93,16
1970-01-01 00:00:00.000000173,99.83009,93,17
1970-01-01 00:00:00.000000174,113.394516,93,18
1970-01-01 00:00:00.000000175,117.73051,93,19
1970-01-01 00:00:00.000000176,78.81003,93,20
1970-01-01 00:00:00.000000177,0.0,93,21
1970-01-01 00:00:00.000000178,0.0,93,22
1970-01-01 00:00:00.000000179,0.0,93,23
1970-01-01 00:00:00.000000180,0.0,93,24
1970-01-01 00:00:00.000000181,0.0,93,25
1970-01-01 00:00:00.000000182,0.0,93,26
1970-01-01 00:00:00.000000183,0.0,93,27
1970-01-01 00:00:00.000000114,92.22336,95,10
1970-01-01 00:00:00.000000115,88.74884,95,11
1970-01-01 00:00:00.000000116,94.940346,95,12
1970-01-01 00:00:00.000000117,84.24654,95,13
1970-01-01 00:00:00.000000118,86.40257,95,14
1970-01-01 00:00:00.000000119,81.81797,95,15
1970-01-01 00:00:00.000000120,91.26132,95,16
1970-01-01 00:00:00.000000121,91.98703,95,17
1970-01-01 00:00:00.000000122,89.28152,95,18
1970-01-01 00:00:00.000000183,105.90796,96,10
1970-01-01 00:00:00.000000184,112.23331,96,11
1970-01-01 00:00:00.000000185,117.115654,96,12
1970-01-01 00:00:00.000000186,112.55264,96,13
1970-01-01 00:00:00.000000187,117.63871,96,14
1970-01-01 00:00:00.000000188,121.09429,96,15
1970-01-01 00:00:00.000000189,120.11119,96,16
1970-01-01 00:00:00.000000190,119.97901,96,17
1970-01-01 00:00:00.000000191,118.08564,96,18
1970-01-01 00:00:00.000000192,120.697205,96,19
1970-01-01 00:00:00.000000193,123.745514,96,20
1970-01-01 00:00:00.000000194,124.16124,96,21
1970-01-01 00:00:00.000000195,121.04501,96,22
1970-01-01 00:00:00.000000196,121.05955,96,23
1970-01-01 00:00:00.000000197,122.20095,96,24
1970-01-01 00:00:00.000000198,124.52871,96,25
1970-01-01 00:00:00.000000199,119.98235,96,26
1970-01-01 00:00:00.000000200,118.73666,96,27
1970-01-01 00:00:00.000000201,107.2308,96,28
1970-01-01 00:00:00.000000202,98.56564,96,29
1970-01-01 00:00:00.000000203,82.36389,96,30
1970-01-01 00:00:00.000000079,32.402348,98,10
1970-01-01 00:00:00.000000080,22.687918,98,11
1970-01-01 00:00:00.000000081,11.345277,98,12
1970-01-01 00:00:00.000000096,0.0,99,10
1970-01-01 00:00:00.000000097,0.0,99,11
1970-01-01 00:00:00.000000098,2.8353903,99,12
1970-01-01 00:00:00.000000099,0.0,99,13
1970-01-01 00:00:00.000000100,0.0,99,14
1970-01-01 00:00:00.000000101,0.0,99,15
1970-01-01 00:00:00.000000340,137.51486,100,10
1970-01-01 00:00:00.000000341,133.43222,100,11
1970-01-01 00:00:00.000000342,125.092415,100,12
1970-01-01 00:00:00.000000343,129.17827,100,13
1970-01-01 00:00:00.000000344,117.50639,100,14
1970-01-01 00:00:00.000000345,116.85357,100,15
1970-01-01 00:00:00.000000346,110.81009,100,16
1970-01-01 00:00:00.000000347,108.49843,100,17
1970-01-01 00:00:00.000000348,106.901474,100,18
1970-01-01 00:00:00.000000349,108.95246,100,19
1970-01-01 00:00:00.000000350,105.93596,100,20
1970-01-01 00:00:00.000000351,102.415375,100,21
1970-01-01 00:00:00.000000352,94.46775,100,22
1970-01-01 00:00:00.000000353,91.835526,100,23
1970-01-01 00:00:00.000000354,88.91896,100,24
1970-01-01 00:00:00.000000355,82.932976,100,25
1970-01-01 00:00:00.000000356,78.04979,100,26
1970-01-01 00:00:00.000000357,79.4943,100,27
1970-01-01 00:00:00.000000358,77.12572,100,28
1970-01-01 00:00:00.000000359,78.34299,100,29
1970-01-01 00:00:00.000000360,77.398,100,30
1970-01-01 00:00:00.000000361,76.53035,100,31
1970-01-01 00:00:00.000000362,77.744514,100,32
1970-01-01 00:00:00.000000363,78.85548,100,33
1970-01-01 00:00:00.000000364,79.462875,100,34
1970-01-01 00:00:00.000000365,81.12753,100,35
1970-01-01 00:00:00.000000366,80.370445,100,36
1970-01-01 00:00:00.000000367,82.15567,100,37
1970-01-01 00:00:00.000000368,78.116585,100,38
1970-01-01 00:00:00.000000369,78.84292,100,39
1970-01-01 00:00:00.000000370,78.70657,100,40
1970-01-01 00:00:00.000000371,68.777985,100,41
1970-01-01 00:00:00.000000372,75.423965,100,42
1970-01-01 00:00:00.000000373,79.42719,100,43
1970-01-01 00:00:00.000000374,81.4145,100,44
1970-01-01 00:00:00.000000375,76.44628,100,45
1970-01-01 00:00:00.000000376,73.54547,100,46
1970-01-01 00:00:00.000000377,65.91759,100,47
1970-01-01 00:00:00.000000378,53.79303,100,48
1970-01-01 00:00:00.000000379,40.3728,100,49
1970-01-01 00:00:00.000000380,36.698357,100,50
1970-01-01 00:00:00.000000381,38.96421,100,51
1970-01-01 00:00:00.000000382,15.341831,100,52
1970-01-01 00:00:00.000000383,0.3191594,100,53
1970-01-01 00:00:00.000000384,3.477723,100,54
1970-01-01 00:00:00.000000385,1.7147009,100,55
1970-01-01 00:00:00.000000386,0.0,100,56
1970-01-01 00:00:00.000000387,0.0,100,57
1970-01-01 00:00:00.000000388,0.0,100,58
1970-01-01 00:00:00.000000142,117.562706,101,10
1970-01-01 00:00:00.000000143,121.916374,101,11
1970-01-01 00:00:00.000000144,129.76456,101,12
1970-01-01 00:00:00.000000145,139.11342,101,13
1970-01-01 00:00:00.000000146,146.65434,101,14
1970-01-01 00:00:00.000000147,153.1989,101,15
1970-01-01 00:00:00.000000148,163.14407,101,16
1970-01-01 00:00:00.000000149,169.4573,101,17
1970-01-01 00:00:00.000000150,169.16475,101,18
1970-01-01 00:00:00.000000151,164.513,101,19
1970-01-01 00:00:00.000000152,164.9746,101,20
1970-01-01 00:00:00.000000153,164.30455,101,21
1970-01-01 00:00:00.000000154,166.73962,101,22
1970-01-01 00:00:00.000000155,165.63937,101,23
1970-01-01 00:00:00.000000187,164.52864,103,10
1970-01-01 00:00:00.000000188,164.88881,103,11
1970-01-01 00:00:00.000000189,161.87048,103,12
1970-01-01 00:00:00.000000190,166.2001,103,13
1970-01-01 00:00:00.000000191,170.22359,103,14
1970-01-01 00:00:00.000000192,171.78989,103,15
1970-01-01 00:00:00.000000193,176.3437,103,16
1970-01-01 00:00:00.000000194,182.63333,103,17
1970-01-01 00:00:00.000000195,183.2696,103,18
1970-01-01 00:00:00.000000196,181.17953,103,19
1970-01-01 00:00:00.000000197,179.08377,103,20
1970-01-01 00:00:00.000000198,180.36377,103,21
1970-01-01 00:00:00.000000199,187.17822,103,22
1970-01-01 00:00:00.000000200,190.11963,103,23
1970-01-01 00:00:00.000000201,195.70755,103,24
1970-01-01 00:00:00.000000202,192.7773,103,25
1970-01-01 00:00:00.000000203,194.93948,103,26
1970-01-01 00:00:00.000000204,194.38303,103,27
1970-01-01 00:00:00.000000205,186.02757,103,28
1970-01-01 00:00:00.000000206,185.177,103,29
1970-01-01 00:00:00.000000207,183.73067,103,30
1970-01-01 00:00:00.000000208,190.59901,103,31
1970-01-01 00:00:00.000000080,0.0,104,10
1970-01-01 00:00:00.000000081,0.0,104,11
1970-01-01 00:00:00.000000082,0.0,104,12
1970-01-01 00:00:00.000000190,183.90736,105,10
1970-01-01 00:00:00.000000191,192.39548,105,11
1970-01-01 00:00:00.000000192,206.4627,105,12
1970-01-01 00:00:00.000000193,214.17186,105,13
1970-01-01 00:00:00.000000194,207.54143,105,14
1970-01-01 00:00:00.000000195,216.29651,105,15
1970-01-01 00:00:00.000000196,209.53726,105,16
1970-01-01 00:00:00.000000197,203.68753,105,17
1970-01-01 00:00:00.000000198,205.85927,105,18
1970-01-01 00:00:00.000000199,204.9548,105,19
1970-01-01 00:00:00.000000200,207.84189,105,20
1970-01-01 00:00:00.000000201,219.91272,105,21
1970-01-01 00:00:00.000000202,229.76262,105,22
1970-01-01 00:00:00.000000203,243.05312,105,23
1970-01-01 00:00:00.000000204,246.50322,105,24
1970-01-01 00:00:00.000000205,214.35883,105,25
1970-01-01 00:00:00.000000206,198.29134,105,26
1970-01-01 00:00:00.000000207,188.11931,105,27
1970-01-01 00:00:00.000000208,188.5203,105,28
1970-01-01 00:00:00.000000209,187.32489,105,29
1970-01-01 00:00:00.000000210,180.93275,105,30
1970-01-01 00:00:00.000000211,153.33878,105,31
1970-01-01 00:00:00.000000281,190.90834,106,10
1970-01-01 00:00:00.000000282,189.82895,106,11
1970-01-01 00:00:00.000000283,190.16972,106,12
1970-01-01 00:00:00.000000284,187.13138,106,13
1970-01-01 00:00:00.000000285,185.83913,106,14
1970-01-01 00:00:00.000000286,186.36548,106,15
1970-01-01 00:00:00.000000287,185.1486,106,16
1970-01-01 00:00:00.000000288,185.41124,106,17
1970-01-01 00:00:00.000000289,185.01675,106,18
1970-01-01 00:00:00.000000290,184.4934,106,19
1970-01-01 00:00:00.000000291,180.2276,106,20
1970-01-01 00:00:00.000000292,177.77678,106,21
1970-01-01 00:00:00.000000293,176.49695,106,22
1970-01-01 00:00:00.000000294,173.43584,106,23
1970-01-01 00:00:00.000000295,173.71602,106,24
1970-01-01 00:00:00.000000296,172.96878,106,25
1970-01-01 00:00:00.000000297,168.96115,106,26
1970-01-01 00:00:00.000000298,169.92023,106,27
1970-01-01 00:00:00.000000299,160.6,106,28
1970-01-01 00:00:00.000000300,161.40326,106,29
1970-01-01 00:00:00.000000301,158.98897,106,30
1970-01-01 00:00:00.000000302,159.52736,106,31
1970-01-01 00:00:00.000000303,156.6343,106,32
1970-01-01 00:00:00.000000304,153.58398,106,33
1970-01-01 00:00:00.000000305,150.58632,106,34
1970-01-01 00:00:00.000000306,148.64348,106,35
1970-01-01 00:00:00.000000307,145.68475,106,36
1970-01-01 00:00:00.000000308,145.16333,106,37
1970-01-01 00:00:00.000000309,142.29291,106,38
1970-01-01 00:00:00.000000310,140.73013,106,39
1970-01-01 00:00:00.000000311,112.26408,106,40
1970-01-01 00:00:00.000000312,0.0,106,41
1970-01-01 00:00:00.000000313,0.0,106,42
1970-01-01 00:00:00.000000314,0.0,106,43
1970-01-01 00:00:00.000000315,0.0,106,44
1970-01-01 00:00:00.000000316,0.0,106,45
1970-01-01 00:00:00.000000317,0.0,106,46
1970-01-01 00:00:00.000000318,0.0,106,47
1970-01-01 00:00:00.000000083,0.0,107,10
1970-01-01 00:00:00.000000084,0.0,107,11
1970-01-01 00:00:00.000000085,0.0,107,12
1970-01-01 00:00:00.000000213,201.99605,108,10
1970-01-01 00:00:00.000000214,202.31358,108,11
1970-01-01 00:00:00.000000215,202.1627,108,12
1970-01-01 00:00:00.000000216,201.00978,108,13
1970-01-01 00:00:00.000000217,202.44925,108,14
1970-01-01 00:00:00.000000218,200.68567,108,15
1970-01-01 00:00:00.000000219,200.56082,108,16
1970-01-01 00:00:00.000000220,203.77002,108,17
1970-01-01 00:00:00.000000221,198.46227,108,18
1970-01-01 00:00:00.000000222,197.58487,108,19
1970-01-01 00:00:00.000000223,201.33153,108,20
1970-01-01 00:00:00.000000224,204.56726,108,21
1970-01-01 00:00:00.000000225,203.31245,108,22
1970-01-01 00:00:00.000000226,208.13182,108,23
1970-01-01 00:00:00.000000227,208.98166,108,24
1970-01-01 00:00:00.000000228,208.71121,108,25
1970-01-01 00:00:00.000000229,207.41713,108,26
1970-01-01 00:00:00.000000230,205.8884,108,27
1970-01-01 00:00:00.000000231,213.30861,108,28
1970-01-01 00:00:00.000000232,218.84465,108,29
1970-01-01 00:00:00.000000233,221.25786,108,30
1970-01-01 00:00:00.000000234,225.43811,108,31
1970-01-01 00:00:00.000000235,228.72,108,32
1970-01-01 00:00:00.000000236,234.66772,108,33
1970-01-01 00:00:00.000000237,237.97318,108,34
1970-01-01 00:00:00.000000238,243.84415,108,35
1970-01-01 00:00:00.000000083,203.14272,109,10
1970-01-01 00:00:00.000000084,200.56381,109,11
1970-01-01 00:00:00.000000085,198.37874,109,12
1970-01-01 00:00:00.000000505,135.49063,110,10
1970-01-01 00:00:00.000000506,142.10469,110,11
1970-01-01 00:00:00.000000507,145.37178,110,12
1970-01-01 00:00:00.000000508,148.32977,110,13
1970-01-01 00:00:00.000000509,149.20197,110,14
1970-01-01 00:00:00.000000510,155.92897,110,15
1970-01-01 00:00:00.000000511,158.85416,110,16
1970-01-01 00:00:00.000000512,163.93784,110,17
1970-01-01 00:00:00.000000513,167.24117,110,18
1970-01-01 00:00:00.000000514,171.35223,110,19
1970-01-01 00:00:00.000000515,177.10405,110,20
1970-01-01 00:00:00.000000516,182.24681,110,21
1970-01-01 00:00:00.000000517,185.5194,110,22
1970-01-01 00:00:00.000000518,182.73009,110,23
1970-01-01 00:00:00.000000519,173.77629,110,24
1970-01-01 00:00:00.000000520,176.16814,110,25
1970-01-01 00:00:00.000000521,172.62733,110,26
1970-01-01 00:00:00.000000522,169.81686,110,27
1970-01-01 00:00:00.000000523,168.10054,110,28
1970-01-01 00:00:00.000000524,167.37415,110,29
1970-01-01 00:00:00.000000525,171.57968,110,30
1970-01-01 00:00:00.000000526,169.76678,110,31
1970-01-01 00:00:00.000000527,170.6341,110,32
1970-01-01 00:00:00.000000528,178.06548,110,33
1970-01-01 00:00:00.000000529,181.79048,110,34
1970-01-01 00:00:00.000000530,188.99251,110,35
1970-01-01 00:00:00.000000531,193.97153,110,36
1970-01-01 00:00:00.000000532,188.34879,110,37
1970-01-01 00:00:00.000000533,182.5506,110,38
1970-01-01 00:00:00.000000534,177.84898,110,39
1970-01-01 00:00:00.000000535,178.52718,110,40
1970-01-01 00:00:00.000000536,177.23463,110,41
1970-01-01 00:00:00.000000537,171.20688,110,42
1970-01-01 00:00:00.000000538,169.01363,110,43
1970-01-01 00:00:00.000000539,162.32018,110,44
1970-01-01 00:00:00.000000540,155.15518,110,45
1970-01-01 00:00:00.000000541,148.58913,110,46
1970-01-01 00:00:00.000000542,143.20985,110,47
1970-01-01 00:00:00.000000543,143.27956,110,48
1970-01-01 00:00:00.000000544,140.14395,110,49
1970-01-01 00:00:00.000000545,138.18011,110,50
1970-01-01 00:00:00.000000546,134.96342,110,51
1970-01-01 00:00:00.000000547,128.58308,110,52
1970-01-01 00:00:00.000000548,123.30905,110,53
1970-01-01 00:00:00.000000549,124.62707,110,54
1970-01-01 00:00:00.000000550,123.244255,110,55
1970-01-01 00:00:00.000000551,138.59045,110,56
1970-01-01 00:00:00.000000552,129.01166,110,57
1970-01-01 00:00:00.000000553,131.97217,110,58
1970-01-01 00:00:00.000000554,135.35376,110,59
1970-01-01 00:00:00.000000555,130.13284,110,60
1970-01-01 00:00:00.000000556,133.34418,110,61
1970-01-01 00:00:00.000000557,131.79947,110,62
1970-01-01 00:00:00.000000558,124.60787,110,63
1970-01-01 00:00:00.000000559,123.17788,110,64
1970-01-01 00:00:00.000000560,110.71515,110,65
1970-01-01 00:00:00.000000561,117.68436,110,66
1970-01-01 00:00:00.000000562,123.529945,110,67
1970-01-01 00:00:00.000000563,134.52913,110,68
1970-01-01 00:00:00.000000564,113.99444,110,69
1970-01-01 00:00:00.000000565,141.79247,110,70
1970-01-01 00:00:00.000000566,137.58607,110,71
1970-01-01 00:00:00.000000567,137.54393,110,72
1970-01-01 00:00:00.000000568,122.556366,110,73
1970-01-01 00:00:00.000000569,54.121857,110,74
1970-01-01 00:00:00.000000570,1.3916278,110,75
1970-01-01 00:00:00.000000571,0.0,110,76
1970-01-01 00:00:00.000000572,0.0,110,77
1970-01-01 00:00:00.000000573,0.0,110,78
1970-01-01 00:00:00.000000574,0.0,110,79
1970-01-01 00:00:00.000000575,0.0,110,80
1970-01-01 00:00:00.000000576,1.8697555,110,81
1970-01-01 00:00:00.000000577,0.0,110,82
1970-01-01 00:00:00.000000578,0.0,110,83
1970-01-01 00:00:00.000000579,0.0,110,84
1970-01-01 00:00:00.000000580,0.0,110,85
1970-01-01 00:00:00.000000581,0.0,110,86
1970-01-01 00:00:00.000000582,0.0,110,87
1970-01-01 00:00:00.000000183,238.75931,112,10
1970-01-01 00:00:00.000000184,230.22833,112,11
1970-01-01 00:00:00.000000185,148.10172,112,12
1970-01-01 00:00:00.000000186,102.27812,112,13
1970-01-01 00:00:00.000000187,130.77432,112,14
1970-01-01 00:00:00.000000188,133.65477,112,15
1970-01-01 00:00:00.000000189,131.23747,112,16
1970-01-01 00:00:00.000000190,124.94329,112,17
1970-01-01 00:00:00.000000191,116.6622,112,18
1970-01-01 00:00:00.000000192,116.63697,112,19
1970-01-01 00:00:00.000000193,111.61589,112,20
1970-01-01 00:00:00.000000194,107.667946,112,21
1970-01-01 00:00:00.000000195,106.282455,112,22
1970-01-01 00:00:00.000000196,101.532845,112,23
1970-01-01 00:00:00.000000197,103.96632,112,24
1970-01-01 00:00:00.000000198,110.27356,112,25
1970-01-01 00:00:00.000000199,109.72084,112,26
1970-01-01 00:00:00.000000200,109.54282,112,27
1970-01-01 00:00:00.000000201,111.95614,112,28
1970-01-01 00:00:00.000000202,113.72075,112,29
1970-01-01 00:00:00.000000203,112.62357,112,30
1970-01-01 00:00:00.000000172,78.59095,113,10
1970-01-01 00:00:00.000000173,79.02226,113,11
1970-01-01 00:00:00.000000174,80.57638,113,12
1970-01-01 00:00:00.000000175,82.76692,113,13
1970-01-01 00:00:00.000000176,82.076485,113,14
1970-01-01 00:00:00.000000177,79.90839,113,15
1970-01-01 00:00:00.000000178,78.47157,113,16
1970-01-01 00:00:00.000000179,78.322136,113,17
1970-01-01 00:00:00.000000180,80.1014,113,18
1970-01-01 00:00:00.000000181,83.455025,113,19
1970-01-01 00:00:00.000000182,79.73302,113,20
1970-01-01 00:00:00.000000183,73.85044,113,21
1970-01-01 00:00:00.000000184,77.8019,113,22
1970-01-01 00:00:00.000000185,80.713684,113,23
1970-01-01 00:00:00.000000186,78.307846,113,24
1970-01-01 00:00:00.000000187,78.2251,113,25
1970-01-01 00:00:00.000000188,74.96068,113,26
1970-01-01 00:00:00.000000189,79.07651,113,27
1970-01-01 00:00:00.000000190,79.309845,113,28
1970-01-01 00:00:00.000000157,129.72203,114,10
1970-01-01 00:00:00.000000158,129.22151,114,11
1970-01-01 00:00:00.000000159,126.35443,114,12
1970-01-01 00:00:00.000000160,125.4302,114,13
1970-01-01 00:00:00.000000161,127.69548,114,14
1970-01-01 00:00:00.000000162,129.04118,114,15
1970-01-01 00:00:00.000000163,125.475945,114,16
1970-01-01 00:00:00.000000164,91.11474,114,17
1970-01-01 00:00:00.000000165,0.0,114,18
1970-01-01 00:00:00.000000166,0.0,114,19
1970-01-01 00:00:00.000000167,0.0,114,20
1970-01-01 00:00:00.000000168,0.0,114,21
1970-01-01 00:00:00.000000169,0.0,114,22
1970-01-01 00:00:00.000000170,0.0,114,23
1970-01-01 00:00:00.000000171,0.0,114,24
1970-01-01 00:00:00.000000172,0.0,114,25
1970-01-01 00:00:00.000000086,6.331544,115,10
1970-01-01 00:00:00.000000087,1.6213518,115,11
1970-01-01 00:00:00.000000088,0.0,115,12
1970-01-01 00:00:00.000000089,0.0,115,13
1970-01-01 00:00:00.000000096,74.27199,117,10
1970-01-01 00:00:00.000000097,76.341934,117,11
1970-01-01 00:00:00.000000098,76.84324,117,12
1970-01-01 00:00:00.000000099,78.696526,117,13
1970-01-01 00:00:00.000000100,71.986786,117,14
1970-01-01 00:00:00.000000082,44.138084,118,10
1970-01-01 00:00:00.000000083,48.88765,118,11
1970-01-01 00:00:00.000000084,46.56107,118,12
1970-01-01 00:00:00.000000109,30.510206,121,10
1970-01-01 00:00:00.000000110,29.559374,121,11
1970-01-01 00:00:00.000000111,32.03483,121,12
1970-01-01 00:00:00.000000112,33.212254,121,13
1970-01-01 00:00:00.000000113,28.694939,121,14
1970-01-01 00:00:00.000000114,35.890053,121,15
1970-01-01 00:00:00.000000115,27.51208,121,16
1970-01-01 00:00:00.000000116,15.184078,121,17
1970-01-01 00:00:00.000000165,193.68747,122,10
1970-01-01 00:00:00.000000166,193.19762,122,11
1970-01-01 00:00:00.000000167,168.10506,122,12
1970-01-01 00:00:00.000000168,163.458,122,13
1970-01-01 00:00:00.000000169,167.4417,122,14
1970-01-01 00:00:00.000000170,176.46393,122,15
1970-01-01 00:00:00.000000171,180.77232,122,16
1970-01-01 00:00:00.000000172,176.7061,122,17
1970-01-01 00:00:00.000000173,179.53642,122,18
1970-01-01 00:00:00.000000174,165.594,122,19
1970-01-01 00:00:00.000000175,156.4289,122,20
1970-01-01 00:00:00.000000176,146.98666,122,21
1970-01-01 00:00:00.000000177,137.71523,122,22
1970-01-01 00:00:00.000000178,141.90738,122,23
1970-01-01 00:00:00.000000179,149.07204,122,24
1970-01-01 00:00:00.000000180,153.0605,122,25
1970-01-01 00:00:00.000000181,143.53188,122,26
1970-01-01 00:00:00.000000182,142.87422,122,27
1970-01-01 00:00:00.000000101,138.93434,123,10
1970-01-01 00:00:00.000000102,116.75337,123,11
1970-01-01 00:00:00.000000103,116.550896,123,12
1970-01-01 00:00:00.000000104,110.76315,123,13
1970-01-01 00:00:00.000000105,84.772705,123,14
1970-01-01 00:00:00.000000106,85.45519,123,15
1970-01-01 00:00:00.000000107,93.023544,123,16
1970-01-01 00:00:00.000000107,0.0,124,10
1970-01-01 00:00:00.000000108,34.08284,124,11
1970-01-01 00:00:00.000000109,26.660557,124,12
1970-01-01 00:00:00.000000110,1.9293649,124,13
1970-01-01 00:00:00.000000111,0.0,124,14
1970-01-01 00:00:00.000000112,0.0,124,15
1970-01-01 00:00:00.000000113,0.0,124,16
1970-01-01 00:00:00.000000164,112.62916,125,10
1970-01-01 00:00:00.000000165,113.49958,125,11
1970-01-01 00:00:00.000000166,107.78734,125,12
1970-01-01 00:00:00.000000167,104.63699,125,13
1970-01-01 00:00:00.000000168,105.12614,125,14
1970-01-01 00:00:00.000000169,103.159935,125,15
1970-01-01 00:00:00.000000170,104.28722,125,16
1970-01-01 00:00:00.000000171,104.33806,125,17
1970-01-01 00:00:00.000000172,105.936424,125,18
1970-01-01 00:00:00.000000173,71.1398,125,19
1970-01-01 00:00:00.000000174,0.0,125,20
1970-01-01 00:00:00.000000175,0.0,125,21
1970-01-01 00:00:00.000000176,0.0,125,22
1970-01-01 00:00:00.000000177,0.0,125,23
1970-01-01 00:00:00.000000178,0.0,125,24
1970-01-01 00:00:00.000000179,0.0,125,25
1970-01-01 00:00:00.000000180,0.0,125,26
1970-01-01 00:00:00.000000208,39.580597,126,10
1970-01-01 00:00:00.000000209,60.66462,126,11
1970-01-01 00:00:00.000000210,66.36468,126,12
1970-01-01 00:00:00.000000211,63.628292,126,13
1970-01-01 00:00:00.000000212,63.908913,126,14
1970-01-01 00:00:00.000000213,63.112713,126,15
1970-01-01 00:00:00.000000214,65.69685,126,16
1970-01-01 00:00:00.000000215,65.04131,126,17
1970-01-01 00:00:00.000000216,58.062077,126,18
1970-01-01 00:00:00.000000217,58.52139,126,19
1970-01-01 00:00:00.000000218,57.01586,126,20
1970-01-01 00:00:00.000000219,60.15091,126,21
1970-01-01 00:00:00.000000220,63.70044,126,22
1970-01-01 00:00:00.000000221,65.635414,126,23
1970-01-01 00:00:00.000000222,67.77563,126,24
1970-01-01 00:00:00.000000223,70.57718,126,25
1970-01-01 00:00:00.000000224,71.75471,126,26
1970-01-01 00:00:00.000000225,41.794876,126,27
1970-01-01 00:00:00.000000226,48.224945,126,28
1970-01-01 00:00:00.000000227,52.07526,126,29
1970-01-01 00:00:00.000000228,50.044327,126,30
1970-01-01 00:00:00.000000229,59.780262,126,31
1970-01-01 00:00:00.000000230,63.817497,126,32
1970-01-01 00:00:00.000000231,65.63598,126,33
1970-01-01 00:00:00.000000232,72.64158,126,34
1970-01-01 00:00:00.000000188,103.01781,127,10
1970-01-01 00:00:00.000000189,102.48346,127,11
1970-01-01 00:00:00.000000190,104.38571,127,12
1970-01-01 00:00:00.000000191,100.76865,127,13
1970-01-01 00:00:00.000000192,94.715866,127,14
1970-01-01 00:00:00.000000193,89.712494,127,15
1970-01-01 00:00:00.000000194,86.09716,127,16
1970-01-01 00:00:00.000000195,84.465324,127,17
1970-01-01 00:00:00.000000196,82.59377,127,18
1970-01-01 00:00:00.000000197,79.18756,127,19
1970-01-01 00:00:00.000000198,75.002075,127,20
1970-01-01 00:00:00.000000199,74.56255,127,21
1970-01-01 00:00:00.000000200,72.382195,127,22
1970-01-01 00:00:00.000000201,74.213394,127,23
1970-01-01 00:00:00.000000202,75.965065,127,24
1970-01-01 00:00:00.000000203,76.80002,127,25
1970-01-01 00:00:00.000000204,72.592896,127,26
1970-01-01 00:00:00.000000205,74.172646,127,27
1970-01-01 00:00:00.000000206,74.762825,127,28
1970-01-01 00:00:00.000000207,74.71797,127,29
1970-01-01 00:00:00.000000208,75.4304,127,30
1970-01-01 00:00:00.000000209,70.77015,127,31
1970-01-01 00:00:00.000000082,0.0,129,10
1970-01-01 00:00:00.000000083,0.0,129,11
1970-01-01 00:00:00.000000084,0.0,129,12
