,second_chamber_filling,block_idx,fcst_origin
1970-01-01 00:00:00.000000097,78.37191,0,10
1970-01-01 00:00:00.000000098,77.37269,0,11
1970-01-01 00:00:00.000000099,77.35532,0,12
1970-01-01 00:00:00.000000100,76.955055,0,13
1970-01-01 00:00:00.000000101,76.509445,0,14
1970-01-01 00:00:00.000000102,76.57117,0,15
1970-01-01 00:00:00.000000081,74.70293,1,10
1970-01-01 00:00:00.000000082,74.62673,1,11
1970-01-01 00:00:00.000000083,74.64024,1,12
1970-01-01 00:00:00.000000079,69.316154,4,10
1970-01-01 00:00:00.000000080,68.04398,4,11
1970-01-01 00:00:00.000000081,67.9157,4,12
1970-01-01 00:00:00.000000079,74.69521,5,10
1970-01-01 00:00:00.000000080,74.71355,5,11
1970-01-01 00:00:00.000000081,74.8042,5,12
1970-01-01 00:00:00.000000119,78.666084,11,10
1970-01-01 00:00:00.000000120,79.0162,11,11
1970-01-01 00:00:00.000000121,79.402,11,12
1970-01-01 00:00:00.000000122,78.33622,11,13
1970-01-01 00:00:00.000000123,78.043976,11,14
1970-01-01 00:00:00.000000124,78.1848,11,15
1970-01-01 00:00:00.000000125,78.11631,11,16
1970-01-01 00:00:00.000000126,78.11825,11,17
1970-01-01 00:00:00.000000127,77.86072,11,18
1970-01-01 00:00:00.000000128,77.226074,11,19
1970-01-01 00:00:00.000000113,68.2388,12,10
1970-01-01 00:00:00.000000114,68.50984,12,11
1970-01-01 00:00:00.000000115,68.23785,12,12
1970-01-01 00:00:00.000000116,69.35378,12,13
1970-01-01 00:00:00.000000117,69.63252,12,14
1970-01-01 00:00:00.000000118,69.48689,12,15
1970-01-01 00:00:00.000000119,69.6007,12,16
1970-01-01 00:00:00.000000120,69.23997,12,17
1970-01-01 00:00:00.000000121,67.449844,12,18
1970-01-01 00:00:00.000000157,81.71393,13,10
1970-01-01 00:00:00.000000158,81.57892,13,11
1970-01-01 00:00:00.000000159,81.48053,13,12
1970-01-01 00:00:00.000000160,81.3532,13,13
1970-01-01 00:00:00.000000161,81.53455,13,14
1970-01-01 00:00:00.000000162,81.60206,13,15
1970-01-01 00:00:00.000000163,81.81423,13,16
1970-01-01 00:00:00.000000164,82.07658,13,17
1970-01-01 00:00:00.000000165,82.05246,13,18
1970-01-01 00:00:00.000000166,82.11611,13,19
1970-01-01 00:00:00.000000167,82.23765,13,20
1970-01-01 00:00:00.000000168,82.50964,13,21
1970-01-01 00:00:00.000000169,82.49613,13,22
1970-01-01 00:00:00.000000170,82.70447,13,23
1970-01-01 00:00:00.000000171,82.725685,13,24
1970-01-01 00:00:00.000000172,82.635,13,25
1970-01-01 00:00:00.000000141,68.449066,15,10
1970-01-01 00:00:00.000000142,69.28338,15,11
1970-01-01 00:00:00.000000143,69.25347,15,12
1970-01-01 00:00:00.000000144,70.798615,15,13
1970-01-01 00:00:00.000000145,71.49884,15,14
1970-01-01 00:00:00.000000146,71.506546,15,15
1970-01-01 00:00:00.000000147,71.61362,15,16
1970-01-01 00:00:00.000000148,71.821945,15,17
1970-01-01 00:00:00.000000149,71.55381,15,18
1970-01-01 00:00:00.000000150,71.55381,15,19
1970-01-01 00:00:00.000000151,71.64159,15,20
1970-01-01 00:00:00.000000152,71.84702,15,21
1970-01-01 00:00:00.000000153,72.36689,15,22
1970-01-01 00:00:00.000000156,81.010796,16,10
1970-01-01 00:00:00.000000157,80.32215,16,11
1970-01-01 00:00:00.000000158,79.45891,16,12
1970-01-01 00:00:00.000000159,79.53219,16,13
1970-01-01 00:00:00.000000160,79.84279,16,14
1970-01-01 00:00:00.000000161,79.96046,16,15
1970-01-01 00:00:00.000000162,80.28068,16,16
1970-01-01 00:00:00.000000163,80.05497,16,17
1970-01-01 00:00:00.000000164,79.535095,16,18
1970-01-01 00:00:00.000000165,79.550514,16,19
1970-01-01 00:00:00.000000166,79.24286,16,20
1970-01-01 00:00:00.000000167,79.082756,16,21
1970-01-01 00:00:00.000000168,78.53009,16,22
1970-01-01 00:00:00.000000169,77.985146,16,23
1970-01-01 00:00:00.000000170,77.576195,16,24
1970-01-01 00:00:00.000000171,77.87713,16,25
1970-01-01 00:00:00.000000123,66.24422,17,10
1970-01-01 00:00:00.000000124,66.31558,17,11
1970-01-01 00:00:00.000000125,65.73881,17,12
1970-01-01 00:00:00.000000126,65.479355,17,13
1970-01-01 00:00:00.000000127,66.03394,17,14
1970-01-01 00:00:00.000000128,66.19696,17,15
1970-01-01 00:00:00.000000129,65.93845,17,16
1970-01-01 00:00:00.000000130,64.61613,17,17
1970-01-01 00:00:00.000000131,64.18211,17,18
1970-01-01 00:00:00.000000132,63.935192,17,19
1970-01-01 00:00:00.000000134,84.91609,19,10
1970-01-01 00:00:00.000000135,84.93634,19,11
1970-01-01 00:00:00.000000136,84.928635,19,12
1970-01-01 00:00:00.000000137,85.03279,19,13
1970-01-01 00:00:00.000000138,84.975876,19,14
1970-01-01 00:00:00.000000139,84.938286,19,15
1970-01-01 00:00:00.000000140,84.61324,19,16
1970-01-01 00:00:00.000000141,84.69619,19,17
1970-01-01 00:00:00.000000142,84.95853,19,18
1970-01-01 00:00:00.000000143,85.295135,19,19
1970-01-01 00:00:00.000000144,85.31732,19,20
1970-01-01 00:00:00.000000145,85.83912,19,21
1970-01-01 00:00:00.000000121,70.50444,20,10
1970-01-01 00:00:00.000000122,70.2228,20,11
1970-01-01 00:00:00.000000123,70.75039,20,12
1970-01-01 00:00:00.000000124,71.66473,20,13
1970-01-01 00:00:00.000000125,71.6927,20,14
1970-01-01 00:00:00.000000126,71.18731,20,15
1970-01-01 00:00:00.000000127,71.264465,20,16
1970-01-01 00:00:00.000000128,71.173805,20,17
1970-01-01 00:00:00.000000129,70.83913,20,18
1970-01-01 00:00:00.000000130,70.2334,20,19
1970-01-01 00:00:00.000000130,72.17979,21,10
1970-01-01 00:00:00.000000131,73.31404,21,11
1970-01-01 00:00:00.000000132,74.545715,21,12
1970-01-01 00:00:00.000000133,75.048225,21,13
1970-01-01 00:00:00.000000134,74.58718,21,14
1970-01-01 00:00:00.000000135,74.10108,21,15
1970-01-01 00:00:00.000000136,74.26504,21,16
1970-01-01 00:00:00.000000137,75.23245,21,17
1970-01-01 00:00:00.000000138,75.400276,21,18
1970-01-01 00:00:00.000000139,75.63175,21,19
1970-01-01 00:00:00.000000140,74.520645,21,20
1970-01-01 00:00:00.000000171,58.61594,22,10
1970-01-01 00:00:00.000000172,58.413395,22,11
1970-01-01 00:00:00.000000173,57.615738,22,12
1970-01-01 00:00:00.000000174,57.44984,22,13
1970-01-01 00:00:00.000000175,57.819244,22,14
1970-01-01 00:00:00.000000176,58.125,22,15
1970-01-01 00:00:00.000000177,55.72435,22,16
1970-01-01 00:00:00.000000178,55.36748,22,17
1970-01-01 00:00:00.000000179,55.750393,22,18
1970-01-01 00:00:00.000000180,55.679966,22,19
1970-01-01 00:00:00.000000181,55.45524,22,20
1970-01-01 00:00:00.000000182,55.098377,22,21
1970-01-01 00:00:00.000000183,54.619022,22,22
1970-01-01 00:00:00.000000184,54.66725,22,23
1970-01-01 00:00:00.000000185,53.90238,22,24
1970-01-01 00:00:00.000000186,53.384453,22,25
1970-01-01 00:00:00.000000187,53.459675,22,26
1970-01-01 00:00:00.000000188,53.231106,22,27
1970-01-01 00:00:00.000000189,53.926514,22,28
1970-01-01 00:00:00.000000130,74.60164,23,10
1970-01-01 00:00:00.000000131,74.352806,23,11
1970-01-01 00:00:00.000000132,74.16282,23,12
1970-01-01 00:00:00.000000133,74.48206,23,13
1970-01-01 00:00:00.000000134,74.61032,23,14
1970-01-01 00:00:00.000000135,74.84568,23,15
1970-01-01 00:00:00.000000136,75.16879,23,16
1970-01-01 00:00:00.000000137,75.52276,23,17
1970-01-01 00:00:00.000000138,75.68673,23,18
1970-01-01 00:00:00.000000139,75.65779,23,19
1970-01-01 00:00:00.000000140,75.633675,23,20
1970-01-01 00:00:00.000000141,75.65971,23,21
1970-01-01 00:00:00.000000095,64.018135,25,10
1970-01-01 00:00:00.000000096,64.80421,25,11
1970-01-01 00:00:00.000000097,67.36111,25,12
1970-01-01 00:00:00.000000098,61.929966,25,13
1970-01-01 00:00:00.000000099,64.31135,25,14
1970-01-01 00:00:00.000000231,82.265625,26,10
1970-01-01 00:00:00.000000232,81.77565,26,11
1970-01-01 00:00:00.000000233,81.23167,26,12
1970-01-01 00:00:00.000000234,80.75329,26,13
1970-01-01 00:00:00.000000235,80.15914,26,14
1970-01-01 00:00:00.000000236,79.46662,26,15
1970-01-01 00:00:00.000000237,78.729744,26,16
1970-01-01 00:00:00.000000238,78.28125,26,17
1970-01-01 00:00:00.000000239,77.68711,26,18
1970-01-01 00:00:00.000000240,77.12866,26,19
1970-01-01 00:00:00.000000241,76.58466,26,20
1970-01-01 00:00:00.000000242,76.18151,26,21
1970-01-01 00:00:00.000000243,75.63271,26,22
1970-01-01 00:00:00.000000244,75.32119,26,23
1970-01-01 00:00:00.000000245,74.946945,26,24
1970-01-01 00:00:00.000000246,74.590065,26,25
1970-01-01 00:00:00.000000247,74.72702,26,26
1970-01-01 00:00:00.000000248,74.18884,26,27
1970-01-01 00:00:00.000000249,75.48804,26,28
1970-01-01 00:00:00.000000250,77.011955,26,29
1970-01-01 00:00:00.000000251,79.86689,26,30
1970-01-01 00:00:00.000000252,80.22184,26,31
1970-01-01 00:00:00.000000253,85.0868,26,32
1970-01-01 00:00:00.000000254,89.91511,26,33
1970-01-01 00:00:00.000000255,88.1144,26,34
1970-01-01 00:00:00.000000256,87.618645,26,35
1970-01-01 00:00:00.000000257,87.63696,26,36
1970-01-01 00:00:00.000000258,87.653366,26,37
1970-01-01 00:00:00.000000259,87.89354,26,38
1970-01-01 00:00:00.000000181,63.725883,29,10
1970-01-01 00:00:00.000000182,63.7664,29,11
1970-01-01 00:00:00.000000183,64.54188,29,12
1970-01-01 00:00:00.000000184,64.95853,29,13
1970-01-01 00:00:00.000000185,65.36747,29,14
1970-01-01 00:00:00.000000186,66.25577,29,15
1970-01-01 00:00:00.000000187,68.26196,29,16
1970-01-01 00:00:00.000000188,68.9564,29,17
1970-01-01 00:00:00.000000189,66.33102,29,18
1970-01-01 00:00:00.000000190,66.61168,29,19
1970-01-01 00:00:00.000000191,67.37462,29,20
1970-01-01 00:00:00.000000192,68.20408,29,21
1970-01-01 00:00:00.000000193,67.7228,29,22
1970-01-01 00:00:00.000000194,65.89505,29,23
1970-01-01 00:00:00.000000195,67.45948,29,24
1970-01-01 00:00:00.000000196,66.68112,29,25
1970-01-01 00:00:00.000000197,65.98283,29,26
1970-01-01 00:00:00.000000198,67.17592,29,27
1970-01-01 00:00:00.000000199,65.981865,29,28
1970-01-01 00:00:00.000000200,65.75135,29,29
1970-01-01 00:00:00.000000201,70.79282,29,30
1970-01-01 00:00:00.000000092,37.60995,40,10
1970-01-01 00:00:00.000000093,37.825996,40,11
1970-01-01 00:00:00.000000094,39.087578,40,12
1970-01-01 00:00:00.000000095,38.98245,40,13
1970-01-01 00:00:00.000000096,38.80593,40,14
1970-01-01 00:00:00.000000092,38.62846,42,10
1970-01-01 00:00:00.000000093,38.82523,42,11
1970-01-01 00:00:00.000000094,36.982048,42,12
1970-01-01 00:00:00.000000095,34.93634,42,13
1970-01-01 00:00:00.000000096,33.814625,42,14
1970-01-01 00:00:00.000000156,61.10339,45,10
1970-01-01 00:00:00.000000157,61.110138,45,11
1970-01-01 00:00:00.000000158,60.97898,45,12
1970-01-01 00:00:00.000000159,60.86034,45,13
1970-01-01 00:00:00.000000160,60.9809,45,14
1970-01-01 00:00:00.000000161,60.97512,45,15
1970-01-01 00:00:00.000000162,60.942333,45,16
1970-01-01 00:00:00.000000163,60.763885,45,17
1970-01-01 00:00:00.000000164,61.21817,45,18
1970-01-01 00:00:00.000000165,61.18249,45,19
1970-01-01 00:00:00.000000166,60.867085,45,20
1970-01-01 00:00:00.000000167,60.864193,45,21
1970-01-01 00:00:00.000000168,60.894108,45,22
1970-01-01 00:00:00.000000169,61.14198,45,23
1970-01-01 00:00:00.000000170,61.194046,45,24
1970-01-01 00:00:00.000000171,59.326775,45,25
1970-01-01 00:00:00.000000116,55.334686,46,10
1970-01-01 00:00:00.000000117,55.983788,46,11
1970-01-01 00:00:00.000000118,56.84509,46,12
1970-01-01 00:00:00.000000119,57.18557,46,13
1970-01-01 00:00:00.000000120,58.440388,46,14
1970-01-01 00:00:00.000000121,58.73939,46,15
1970-01-01 00:00:00.000000122,59.56886,46,16
1970-01-01 00:00:00.000000123,60.37712,46,17
1970-01-01 00:00:00.000000124,60.88252,46,18
1970-01-01 00:00:00.000000243,40.203506,53,10
1970-01-01 00:00:00.000000244,40.70601,53,11
1970-01-01 00:00:00.000000245,41.63773,53,12
1970-01-01 00:00:00.000000246,42.846252,53,13
1970-01-01 00:00:00.000000247,42.919556,53,14
1970-01-01 00:00:00.000000248,41.62422,53,15
1970-01-01 00:00:00.000000249,40.53144,53,16
1970-01-01 00:00:00.000000250,40.669357,53,17
1970-01-01 00:00:00.000000251,41.12075,53,18
1970-01-01 00:00:00.000000252,41.51908,53,19
1970-01-01 00:00:00.000000253,40.76003,53,20
1970-01-01 00:00:00.000000254,39.664345,53,21
1970-01-01 00:00:00.000000255,42.810574,53,22
1970-01-01 00:00:00.000000256,45.030876,53,23
1970-01-01 00:00:00.000000257,46.107265,53,24
1970-01-01 00:00:00.000000258,47.392933,53,25
1970-01-01 00:00:00.000000259,45.73205,53,26
1970-01-01 00:00:00.000000260,43.21179,53,27
1970-01-01 00:00:00.000000261,42.799,53,28
1970-01-01 00:00:00.000000262,41.916466,53,29
1970-01-01 00:00:00.000000263,41.390816,53,30
1970-01-01 00:00:00.000000264,41.846054,53,31
1970-01-01 00:00:00.000000265,40.708908,53,32
1970-01-01 00:00:00.000000266,39.52063,53,33
1970-01-01 00:00:00.000000267,39.064423,53,34
1970-01-01 00:00:00.000000268,37.837555,53,35
1970-01-01 00:00:00.000000269,36.858604,53,36
1970-01-01 00:00:00.000000270,36.292435,53,37
1970-01-01 00:00:00.000000271,36.597214,53,38
1970-01-01 00:00:00.000000272,36.81038,53,39
1970-01-01 00:00:00.000000273,38.410492,53,40
1970-01-01 00:00:00.000000274,40.254623,53,41
1970-01-01 00:00:00.000000097,65.10417,54,10
1970-01-01 00:00:00.000000098,65.58448,54,11
1970-01-01 00:00:00.000000099,66.19405,54,12
1970-01-01 00:00:00.000000100,66.97338,54,13
1970-01-01 00:00:00.000000101,67.63601,54,14
1970-01-01 00:00:00.000000102,67.91378,54,15
1970-01-01 00:00:00.000000277,17.791286,60,10
1970-01-01 00:00:00.000000278,18.017956,60,11
1970-01-01 00:00:00.000000279,19.958523,60,12
1970-01-01 00:00:00.000000280,24.258303,60,13
1970-01-01 00:00:00.000000281,27.45757,60,14
1970-01-01 00:00:00.000000282,29.562117,60,15
1970-01-01 00:00:00.000000283,27.484562,60,16
1970-01-01 00:00:00.000000284,25.857452,60,17
1970-01-01 00:00:00.000000285,24.783949,60,18
1970-01-01 00:00:00.000000286,24.767544,60,19
1970-01-01 00:00:00.000000287,24.891006,60,20
1970-01-01 00:00:00.000000288,24.325815,60,21
1970-01-01 00:00:00.000000289,24.30941,60,22
1970-01-01 00:00:00.000000290,23.612074,60,23
1970-01-01 00:00:00.000000291,23.125006,60,24
1970-01-01 00:00:00.000000292,21.914547,60,25
1970-01-01 00:00:00.000000293,20.711803,60,26
1970-01-01 00:00:00.000000294,20.632727,60,27
1970-01-01 00:00:00.000000295,19.99807,60,28
1970-01-01 00:00:00.000000296,18.73939,60,29
1970-01-01 00:00:00.000000297,18.290897,60,30
1970-01-01 00:00:00.000000298,18.307287,60,31
1970-01-01 00:00:00.000000299,19.21393,60,32
1970-01-01 00:00:00.000000300,20.01736,60,33
1970-01-01 00:00:00.000000301,24.041273,60,34
1970-01-01 00:00:00.000000302,27.409342,60,35
1970-01-01 00:00:00.000000303,29.237076,60,36
1970-01-01 00:00:00.000000304,29.44541,60,37
1970-01-01 00:00:00.000000305,25.551687,60,38
1970-01-01 00:00:00.000000306,24.32581,60,39
1970-01-01 00:00:00.000000307,23.54746,60,40
1970-01-01 00:00:00.000000308,23.398916,60,41
1970-01-01 00:00:00.000000309,24.092394,60,42
1970-01-01 00:00:00.000000310,21.90876,60,43
1970-01-01 00:00:00.000000311,19.813847,60,44
1970-01-01 00:00:00.000000312,19.58912,60,45
1970-01-01 00:00:00.000000313,18.777018,60,46
1970-01-01 00:00:00.000000314,17.41416,60,47
1970-01-01 00:00:00.000000102,81.60881,61,10
1970-01-01 00:00:00.000000103,82.20196,61,11
1970-01-01 00:00:00.000000104,82.27912,61,12
1970-01-01 00:00:00.000000105,82.08139,61,13
1970-01-01 00:00:00.000000106,81.983,61,14
1970-01-01 00:00:00.000000107,82.096825,61,15
1970-01-01 00:00:00.000000108,82.3804,61,16
1970-01-01 00:00:00.000000125,49.981678,62,10
1970-01-01 00:00:00.000000126,47.878086,62,11
1970-01-01 00:00:00.000000127,45.97897,62,12
1970-01-01 00:00:00.000000128,45.310566,62,13
1970-01-01 00:00:00.000000129,45.086807,62,14
1970-01-01 00:00:00.000000130,44.51582,62,15
1970-01-01 00:00:00.000000131,44.43479,62,16
1970-01-01 00:00:00.000000132,44.625763,62,17
1970-01-01 00:00:00.000000133,45.110924,62,18
1970-01-01 00:00:00.000000134,45.822727,62,19
1970-01-01 00:00:00.000000135,46.71971,62,20
1970-01-01 00:00:00.000000292,53.010227,63,10
1970-01-01 00:00:00.000000293,52.5135,63,11
1970-01-01 00:00:00.000000294,52.28105,63,12
1970-01-01 00:00:00.000000295,52.812508,63,13
1970-01-01 00:00:00.000000296,53.970867,63,14
1970-01-01 00:00:00.000000297,54.78781,63,15
1970-01-01 00:00:00.000000298,55.391586,63,16
1970-01-01 00:00:00.000000299,55.944256,63,17
1970-01-01 00:00:00.000000300,56.35513,63,18
1970-01-01 00:00:00.000000301,55.83044,63,19
1970-01-01 00:00:00.000000302,55.745564,63,20
1970-01-01 00:00:00.000000303,54.7338,63,21
1970-01-01 00:00:00.000000304,52.47395,63,22
1970-01-01 00:00:00.000000305,49.662434,63,23
1970-01-01 00:00:00.000000306,46.913578,63,24
1970-01-01 00:00:00.000000307,43.61979,63,25
1970-01-01 00:00:00.000000308,42.94849,63,26
1970-01-01 00:00:00.000000309,43.198315,63,27
1970-01-01 00:00:00.000000310,43.570595,63,28
1970-01-01 00:00:00.000000311,44.31616,63,29
1970-01-01 00:00:00.000000312,45.39159,63,30
1970-01-01 00:00:00.000000313,47.348568,63,31
1970-01-01 00:00:00.000000314,49.019096,63,32
1970-01-01 00:00:00.000000315,50.543022,63,33
1970-01-01 00:00:00.000000316,51.51426,63,34
1970-01-01 00:00:00.000000317,49.28145,63,35
1970-01-01 00:00:00.000000318,47.328316,63,36
1970-01-01 00:00:00.000000319,43.501156,63,37
1970-01-01 00:00:00.000000320,42.804783,63,38
1970-01-01 00:00:00.000000321,43.127895,63,39
1970-01-01 00:00:00.000000322,43.21277,63,40
1970-01-01 00:00:00.000000323,43.7365,63,41
1970-01-01 00:00:00.000000324,44.73379,63,42
1970-01-01 00:00:00.000000325,45.92688,63,43
1970-01-01 00:00:00.000000326,46.61457,63,44
1970-01-01 00:00:00.000000327,47.580048,63,45
1970-01-01 00:00:00.000000328,48.730705,63,46
1970-01-01 00:00:00.000000329,50.105133,63,47
1970-01-01 00:00:00.000000330,51.785305,63,48
1970-01-01 00:00:00.000000331,51.089893,63,49
1970-01-01 00:00:00.000000156,42.063076,64,10
1970-01-01 00:00:00.000000157,42.711235,64,11
1970-01-01 00:00:00.000000158,43.61111,64,12
1970-01-01 00:00:00.000000159,44.78202,64,13
1970-01-01 00:00:00.000000160,45.49672,64,14
1970-01-01 00:00:00.000000161,45.879623,64,15
1970-01-01 00:00:00.000000162,46.569252,64,16
1970-01-01 00:00:00.000000163,46.391777,64,17
1970-01-01 00:00:00.000000164,45.68481,64,18
1970-01-01 00:00:00.000000165,45.597027,64,19
1970-01-01 00:00:00.000000166,45.40509,64,20
1970-01-01 00:00:00.000000167,45.234386,64,21
1970-01-01 00:00:00.000000168,45.602818,64,22
1970-01-01 00:00:00.000000169,45.94232,64,23
1970-01-01 00:00:00.000000170,46.341625,64,24
1970-01-01 00:00:00.000000171,47.623463,64,25
1970-01-01 00:00:00.000000225,24.103973,65,10
1970-01-01 00:00:00.000000226,24.13485,65,11
1970-01-01 00:00:00.000000227,24.592978,65,12
1970-01-01 00:00:00.000000228,24.652773,65,13
1970-01-01 00:00:00.000000229,25.259449,65,14
1970-01-01 00:00:00.000000230,25.624031,65,15
1970-01-01 00:00:00.000000231,25.721441,65,16
1970-01-01 00:00:00.000000232,26.410103,65,17
1970-01-01 00:00:00.000000233,26.160313,65,18
1970-01-01 00:00:00.000000234,26.06482,65,19
1970-01-01 00:00:00.000000235,26.130404,65,20
1970-01-01 00:00:00.000000236,26.125574,65,21
1970-01-01 00:00:00.000000237,26.069637,65,22
1970-01-01 00:00:00.000000238,26.036837,65,23
1970-01-01 00:00:00.000000239,26.42747,65,24
1970-01-01 00:00:00.000000240,26.108213,65,25
1970-01-01 00:00:00.000000241,26.249027,65,26
1970-01-01 00:00:00.000000242,25.853577,65,27
1970-01-01 00:00:00.000000243,26.24132,65,28
1970-01-01 00:00:00.000000244,26.548029,65,29
1970-01-01 00:00:00.000000245,26.394674,65,30
1970-01-01 00:00:00.000000246,26.239388,65,31
1970-01-01 00:00:00.000000247,25.891203,65,32
1970-01-01 00:00:00.000000248,25.597025,65,33
1970-01-01 00:00:00.000000249,25.34047,65,34
1970-01-01 00:00:00.000000250,25.99055,65,35
1970-01-01 00:00:00.000000251,25.614388,65,36
1970-01-01 00:00:00.000000252,24.565964,65,37
1970-01-01 00:00:00.000000083,77.87326,66,10
1970-01-01 00:00:00.000000084,76.9049,66,11
1970-01-01 00:00:00.000000085,76.09857,66,12
1970-01-01 00:00:00.000000124,84.76852,67,10
1970-01-01 00:00:00.000000125,83.79533,67,11
1970-01-01 00:00:00.000000126,86.57021,67,12
1970-01-01 00:00:00.000000127,87.49421,67,13
1970-01-01 00:00:00.000000128,87.149864,67,14
1970-01-01 00:00:00.000000129,86.082184,67,15
1970-01-01 00:00:00.000000130,85.14853,67,16
1970-01-01 00:00:00.000000131,84.98457,67,17
1970-01-01 00:00:00.000000132,85.34529,67,18
1970-01-01 00:00:00.000000133,85.8179,67,19
1970-01-01 00:00:00.000000176,45.96643,69,10
1970-01-01 00:00:00.000000177,47.75752,69,11
1970-01-01 00:00:00.000000178,49.601658,69,12
1970-01-01 00:00:00.000000179,50.55364,69,13
1970-01-01 00:00:00.000000180,49.299767,69,14
1970-01-01 00:00:00.000000181,44.29494,69,15
1970-01-01 00:00:00.000000182,43.392162,69,16
1970-01-01 00:00:00.000000183,41.482445,69,17
1970-01-01 00:00:00.000000184,39.918983,69,18
1970-01-01 00:00:00.000000185,38.75866,69,19
1970-01-01 00:00:00.000000186,37.4238,69,20
1970-01-01 00:00:00.000000187,37.531834,69,21
1970-01-01 00:00:00.000000188,37.648525,69,22
1970-01-01 00:00:00.000000189,40.271988,69,23
1970-01-01 00:00:00.000000190,42.84915,69,24
1970-01-01 00:00:00.000000191,45.778362,69,25
1970-01-01 00:00:00.000000192,47.741116,69,26
1970-01-01 00:00:00.000000193,49.063457,69,27
1970-01-01 00:00:00.000000194,50.46972,69,28
1970-01-01 00:00:00.000000195,51.517162,69,29
1970-01-01 00:00:00.000000226,58.53395,70,10
1970-01-01 00:00:00.000000227,58.129818,70,11
1970-01-01 00:00:00.000000228,57.612843,70,12
1970-01-01 00:00:00.000000229,57.393898,70,13
1970-01-01 00:00:00.000000230,57.528923,70,14
1970-01-01 00:00:00.000000231,57.46528,70,15
1970-01-01 00:00:00.000000232,57.633102,70,16
1970-01-01 00:00:00.000000233,57.020645,70,17
1970-01-01 00:00:00.000000234,56.930935,70,18
1970-01-01 00:00:00.000000235,56.548027,70,19
1970-01-01 00:00:00.000000236,57.105507,70,20
1970-01-01 00:00:00.000000237,57.264652,70,21
1970-01-01 00:00:00.000000238,57.456585,70,22
1970-01-01 00:00:00.000000239,57.45274,70,23
1970-01-01 00:00:00.000000240,57.494213,70,24
1970-01-01 00:00:00.000000241,57.727615,70,25
1970-01-01 00:00:00.000000242,58.047836,70,26
1970-01-01 00:00:00.000000243,57.845295,70,27
1970-01-01 00:00:00.000000244,57.70737,70,28
1970-01-01 00:00:00.000000245,57.65721,70,29
1970-01-01 00:00:00.000000246,57.468174,70,30
1970-01-01 00:00:00.000000247,57.415134,70,31
1970-01-01 00:00:00.000000248,57.24922,70,32
1970-01-01 00:00:00.000000249,57.06018,70,33
1970-01-01 00:00:00.000000250,57.002316,70,34
1970-01-01 00:00:00.000000251,56.937683,70,35
1970-01-01 00:00:00.000000252,56.917435,70,36
1970-01-01 00:00:00.000000253,56.67824,70,37
1970-01-01 00:00:00.000000254,55.386765,70,38
1970-01-01 00:00:00.000000226,16.449654,71,10
1970-01-01 00:00:00.000000227,16.144857,71,11
1970-01-01 00:00:00.000000228,16.276997,71,12
1970-01-01 00:00:00.000000229,16.523916,71,13
1970-01-01 00:00:00.000000230,16.53549,71,14
1970-01-01 00:00:00.000000231,17.134453,71,15
1970-01-01 00:00:00.000000232,17.180754,71,16
1970-01-01 00:00:00.000000233,17.457554,71,17
1970-01-01 00:00:00.000000234,15.751344,71,18
1970-01-01 00:00:00.000000235,16.497877,71,19
1970-01-01 00:00:00.000000236,17.742104,71,20
1970-01-01 00:00:00.000000237,15.236297,71,21
1970-01-01 00:00:00.000000238,17.86458,71,22
1970-01-01 00:00:00.000000239,18.966047,71,23
1970-01-01 00:00:00.000000240,18.95833,71,24
1970-01-01 00:00:00.000000241,23.90335,71,25
1970-01-01 00:00:00.000000242,20.38194,71,26
1970-01-01 00:00:00.000000243,23.26872,71,27
1970-01-01 00:00:00.000000244,23.52142,71,28
1970-01-01 00:00:00.000000245,25.26717,71,29
1970-01-01 00:00:00.000000246,25.641397,71,30
1970-01-01 00:00:00.000000247,28.686346,71,31
1970-01-01 00:00:00.000000248,31.22781,71,32
1970-01-01 00:00:00.000000249,36.689804,71,33
1970-01-01 00:00:00.000000250,43.59472,71,34
1970-01-01 00:00:00.000000251,50.146603,71,35
1970-01-01 00:00:00.000000252,52.899296,71,36
1970-01-01 00:00:00.000000253,55.832367,71,37
1970-01-01 00:00:00.000000320,55.352047,72,10
1970-01-01 00:00:00.000000321,56.547073,72,11
1970-01-01 00:00:00.000000322,57.62056,72,12
1970-01-01 00:00:00.000000323,59.056725,72,13
1970-01-01 00:00:00.000000324,60.24884,72,14
1970-01-01 00:00:00.000000325,61.154522,72,15
1970-01-01 00:00:00.000000326,59.766586,72,16
1970-01-01 00:00:00.000000327,57.127693,72,17
1970-01-01 00:00:00.000000328,56.029133,72,18
1970-01-01 00:00:00.000000329,55.55364,72,19
1970-01-01 00:00:00.000000330,55.46489,72,20
1970-01-01 00:00:00.000000331,55.536266,72,21
1970-01-01 00:00:00.000000332,56.13716,72,22
1970-01-01 00:00:00.000000333,56.875954,72,23
1970-01-01 00:00:00.000000334,57.56462,72,24
1970-01-01 00:00:00.000000335,59.129055,72,25
1970-01-01 00:00:00.000000336,60.278744,72,26
1970-01-01 00:00:00.000000337,62.169174,72,27
1970-01-01 00:00:00.000000338,58.69888,72,28
1970-01-01 00:00:00.000000339,55.87191,72,29
1970-01-01 00:00:00.000000340,55.40896,72,30
1970-01-01 00:00:00.000000341,55.054966,72,31
1970-01-01 00:00:00.000000342,55.3559,72,32
1970-01-01 00:00:00.000000343,55.808254,72,33
1970-01-01 00:00:00.000000344,55.81791,72,34
1970-01-01 00:00:00.000000345,55.766792,72,35
1970-01-01 00:00:00.000000346,56.53356,72,36
1970-01-01 00:00:00.000000347,56.09954,72,37
1970-01-01 00:00:00.000000348,55.51408,72,38
1970-01-01 00:00:00.000000349,55.217007,72,39
1970-01-01 00:00:00.000000350,56.40142,72,40
1970-01-01 00:00:00.000000351,56.663773,72,41
1970-01-01 00:00:00.000000352,53.3671,72,42
1970-01-01 00:00:00.000000353,51.798805,72,43
1970-01-01 00:00:00.000000354,50.211216,72,44
1970-01-01 00:00:00.000000355,49.355698,72,45
1970-01-01 00:00:00.000000356,51.127518,72,46
1970-01-01 00:00:00.000000357,53.49729,72,47
1970-01-01 00:00:00.000000358,54.15702,72,48
1970-01-01 00:00:00.000000359,52.331215,72,49
1970-01-01 00:00:00.000000360,49.242878,72,50
1970-01-01 00:00:00.000000361,52.19618,72,51
1970-01-01 00:00:00.000000362,52.718945,72,52
1970-01-01 00:00:00.000000363,54.050915,72,53
1970-01-01 00:00:00.000000364,54.816742,72,54
1970-01-01 00:00:00.000000219,66.165115,73,10
1970-01-01 00:00:00.000000220,65.56038,73,11
1970-01-01 00:00:00.000000221,64.28627,73,12
1970-01-01 00:00:00.000000222,65.89699,73,13
1970-01-01 00:00:00.000000223,66.79977,73,14
1970-01-01 00:00:00.000000224,67.37751,73,15
1970-01-01 00:00:00.000000225,66.523926,73,16
1970-01-01 00:00:00.000000226,64.4676,73,17
1970-01-01 00:00:00.000000227,65.1794,73,18
1970-01-01 00:00:00.000000228,65.738815,73,19
1970-01-01 00:00:00.000000229,65.947136,73,20
1970-01-01 00:00:00.000000230,65.15046,73,21
1970-01-01 00:00:00.000000231,63.55903,73,22
1970-01-01 00:00:00.000000232,62.6032,73,23
1970-01-01 00:00:00.000000233,63.12403,73,24
1970-01-01 00:00:00.000000234,65.19869,73,25
1970-01-01 00:00:00.000000235,66.100494,73,26
1970-01-01 00:00:00.000000236,66.21045,73,27
1970-01-01 00:00:00.000000237,68.71914,73,28
1970-01-01 00:00:00.000000238,71.53454,73,29
1970-01-01 00:00:00.000000239,73.854164,73,30
1970-01-01 00:00:00.000000240,75.4157,73,31
1970-01-01 00:00:00.000000241,75.25077,73,32
1970-01-01 00:00:00.000000242,74.13388,73,33
1970-01-01 00:00:00.000000243,74.71739,73,34
1970-01-01 00:00:00.000000244,76.52681,73,35
1970-01-01 00:00:00.000000245,77.976456,73,36
1970-01-01 00:00:00.000000116,73.664154,74,10
1970-01-01 00:00:00.000000117,74.18692,74,11
1970-01-01 00:00:00.000000118,74.85628,74,12
1970-01-01 00:00:00.000000119,75.58739,74,13
1970-01-01 00:00:00.000000120,75.84201,74,14
1970-01-01 00:00:00.000000121,76.86149,74,15
1970-01-01 00:00:00.000000122,77.9813,74,16
1970-01-01 00:00:00.000000123,78.765434,74,17
1970-01-01 00:00:00.000000124,79.51388,74,18
1970-01-01 00:00:00.000000129,67.03895,76,10
1970-01-01 00:00:00.000000130,66.92707,76,11
1970-01-01 00:00:00.000000131,67.24248,76,12
1970-01-01 00:00:00.000000132,67.17207,76,13
1970-01-01 00:00:00.000000133,67.24731,76,14
1970-01-01 00:00:00.000000134,67.28589,76,15
1970-01-01 00:00:00.000000135,67.34472,76,16
1970-01-01 00:00:00.000000136,67.41899,76,17
1970-01-01 00:00:00.000000137,67.57525,76,18
1970-01-01 00:00:00.000000138,67.428635,76,19
1970-01-01 00:00:00.000000139,67.40356,76,20
1970-01-01 00:00:00.000000151,55.167824,77,10
1970-01-01 00:00:00.000000152,56.10049,77,11
1970-01-01 00:00:00.000000153,57.10359,77,12
1970-01-01 00:00:00.000000154,58.15201,77,13
1970-01-01 00:00:00.000000155,59.216824,77,14
1970-01-01 00:00:00.000000156,59.937298,77,15
1970-01-01 00:00:00.000000157,60.575813,77,16
1970-01-01 00:00:00.000000158,61.13329,77,17
1970-01-01 00:00:00.000000159,61.594322,77,18
1970-01-01 00:00:00.000000160,62.432495,77,19
1970-01-01 00:00:00.000000161,63.313076,77,20
1970-01-01 00:00:00.000000162,64.182106,77,21
1970-01-01 00:00:00.000000163,65.29031,77,22
1970-01-01 00:00:00.000000164,66.21914,77,23
1970-01-01 00:00:00.000000165,66.84991,77,24
1970-01-01 00:00:00.000000098,94.31038,78,10
1970-01-01 00:00:00.000000099,99.99999,78,11
1970-01-01 00:00:00.000000100,99.99999,78,12
1970-01-01 00:00:00.000000101,99.99999,78,13
1970-01-01 00:00:00.000000102,99.99999,78,14
1970-01-01 00:00:00.000000103,99.99999,78,15
1970-01-01 00:00:00.000000275,61.16319,79,10
1970-01-01 00:00:00.000000276,60.84395,79,11
1970-01-01 00:00:00.000000277,60.93846,79,12
1970-01-01 00:00:00.000000278,60.97223,79,13
1970-01-01 00:00:00.000000279,60.79378,79,14
1970-01-01 00:00:00.000000280,61.03395,79,15
1970-01-01 00:00:00.000000281,60.84781,79,16
1970-01-01 00:00:00.000000282,60.83044,79,17
1970-01-01 00:00:00.000000283,60.96547,79,18
1970-01-01 00:00:00.000000284,60.71856,79,19
1970-01-01 00:00:00.000000285,60.522766,79,20
1970-01-01 00:00:00.000000286,60.128265,79,21
1970-01-01 00:00:00.000000287,59.54475,79,22
1970-01-01 00:00:00.000000288,58.89371,79,23
1970-01-01 00:00:00.000000289,58.699852,79,24
1970-01-01 00:00:00.000000290,57.931118,79,25
1970-01-01 00:00:00.000000291,57.71026,79,26
1970-01-01 00:00:00.000000292,56.995564,79,27
1970-01-01 00:00:00.000000293,56.618435,79,28
1970-01-01 00:00:00.000000294,56.12558,79,29
1970-01-01 00:00:00.000000295,55.62982,79,30
1970-01-01 00:00:00.000000296,54.84568,79,31
1970-01-01 00:00:00.000000297,54.29012,79,32
1970-01-01 00:00:00.000000298,53.817516,79,33
1970-01-01 00:00:00.000000299,53.680553,79,34
1970-01-01 00:00:00.000000300,54.925735,79,35
1970-01-01 00:00:00.000000301,57.1412,79,36
1970-01-01 00:00:00.000000302,61.11787,79,37
1970-01-01 00:00:00.000000303,61.30208,79,38
1970-01-01 00:00:00.000000304,59.407795,79,39
1970-01-01 00:00:00.000000305,58.838745,79,40
1970-01-01 00:00:00.000000306,58.83391,79,41
1970-01-01 00:00:00.000000307,59.434788,79,42
1970-01-01 00:00:00.000000308,59.505207,79,43
1970-01-01 00:00:00.000000309,58.657417,79,44
1970-01-01 00:00:00.000000310,58.041084,79,45
1970-01-01 00:00:00.000000311,57.77102,79,46
1970-01-01 00:00:00.000000148,55.38387,80,10
1970-01-01 00:00:00.000000149,55.04629,80,11
1970-01-01 00:00:00.000000150,54.916084,80,12
1970-01-01 00:00:00.000000151,54.15509,80,13
1970-01-01 00:00:00.000000152,53.92264,80,14
1970-01-01 00:00:00.000000153,53.120174,80,15
1970-01-01 00:00:00.000000154,51.99845,80,16
1970-01-01 00:00:00.000000155,52.55306,80,17
1970-01-01 00:00:00.000000156,53.283188,80,18
1970-01-01 00:00:00.000000157,82.84433,80,19
1970-01-01 00:00:00.000000158,99.99999,80,20
1970-01-01 00:00:00.000000159,99.99999,80,21
1970-01-01 00:00:00.000000160,99.99999,80,22
1970-01-01 00:00:00.000000161,99.99999,80,23
1970-01-01 00:00:00.000000162,99.99999,80,24
1970-01-01 00:00:00.000000125,44.103004,81,10
1970-01-01 00:00:00.000000126,44.445393,81,11
1970-01-01 00:00:00.000000127,42.023525,81,12
1970-01-01 00:00:00.000000128,42.918594,81,13
1970-01-01 00:00:00.000000129,43.33237,81,14
1970-01-01 00:00:00.000000130,43.01987,81,15
1970-01-01 00:00:00.000000131,43.50887,81,16
1970-01-01 00:00:00.000000132,43.312115,81,17
1970-01-01 00:00:00.000000133,43.41724,81,18
1970-01-01 00:00:00.000000134,46.51235,81,19
1970-01-01 00:00:00.000000135,43.878284,81,20
1970-01-01 00:00:00.000000318,50.618244,83,10
1970-01-01 00:00:00.000000319,51.139088,83,11
1970-01-01 00:00:00.000000320,51.28376,83,12
1970-01-01 00:00:00.000000321,51.272194,83,13
1970-01-01 00:00:00.000000322,51.514275,83,14
1970-01-01 00:00:00.000000323,51.391773,83,15
1970-01-01 00:00:00.000000324,51.533566,83,16
1970-01-01 00:00:00.000000325,51.90297,83,17
1970-01-01 00:00:00.000000326,52.114197,83,18
1970-01-01 00:00:00.000000327,52.42574,83,19
1970-01-01 00:00:00.000000328,52.676502,83,20
1970-01-01 00:00:00.000000329,52.883873,83,21
1970-01-01 00:00:00.000000330,52.60899,83,22
1970-01-01 00:00:00.000000331,52.100697,83,23
1970-01-01 00:00:00.000000332,52.35533,83,24
1970-01-01 00:00:00.000000333,52.314816,83,25
1970-01-01 00:00:00.000000334,51.852818,83,26
1970-01-01 00:00:00.000000335,51.32811,83,27
1970-01-01 00:00:00.000000336,51.188274,83,28
1970-01-01 00:00:00.000000337,51.412994,83,29
1970-01-01 00:00:00.000000338,51.2558,83,30
1970-01-01 00:00:00.000000339,51.163197,83,31
1970-01-01 00:00:00.000000340,51.38986,83,32
1970-01-01 00:00:00.000000341,51.325226,83,33
1970-01-01 00:00:00.000000342,51.60784,83,34
1970-01-01 00:00:00.000000343,51.78337,83,35
1970-01-01 00:00:00.000000344,51.87981,83,36
1970-01-01 00:00:00.000000345,51.8451,83,37
1970-01-01 00:00:00.000000346,52.22415,83,38
1970-01-01 00:00:00.000000347,51.99845,83,39
1970-01-01 00:00:00.000000348,52.260803,83,40
1970-01-01 00:00:00.000000349,52.473957,83,41
1970-01-01 00:00:00.000000350,52.79804,83,42
1970-01-01 00:00:00.000000351,52.889668,83,43
1970-01-01 00:00:00.000000352,53.314045,83,44
1970-01-01 00:00:00.000000353,53.40663,83,45
1970-01-01 00:00:00.000000354,53.684425,83,46
1970-01-01 00:00:00.000000355,53.615932,83,47
1970-01-01 00:00:00.000000356,53.67959,83,48
1970-01-01 00:00:00.000000357,53.530087,83,49
1970-01-01 00:00:00.000000358,53.37577,83,50
1970-01-01 00:00:00.000000359,52.704475,83,51
1970-01-01 00:00:00.000000360,52.674576,83,52
1970-01-01 00:00:00.000000361,52.844334,83,53
1970-01-01 00:00:00.000000362,52.633106,83,54
1970-01-01 00:00:00.000000110,74.45891,84,10
1970-01-01 00:00:00.000000111,74.60551,84,11
1970-01-01 00:00:00.000000112,74.723175,84,12
1970-01-01 00:00:00.000000113,74.630585,84,13
1970-01-01 00:00:00.000000114,74.8775,84,14
1970-01-01 00:00:00.000000115,75.09454,84,15
1970-01-01 00:00:00.000000116,75.07042,84,16
1970-01-01 00:00:00.000000117,75.114784,84,17
1970-01-01 00:00:00.000000118,70.60474,85,10
1970-01-01 00:00:00.000000119,70.32792,85,11
1970-01-01 00:00:00.000000120,70.20543,85,12
1970-01-01 00:00:00.000000121,70.28355,85,13
1970-01-01 00:00:00.000000122,70.54109,85,14
1970-01-01 00:00:00.000000123,70.97223,85,15
1970-01-01 00:00:00.000000124,71.359,85,16
1970-01-01 00:00:00.000000125,71.57214,85,17
1970-01-01 00:00:00.000000126,71.87886,85,18
1970-01-01 00:00:00.000000215,54.27855,86,10
1970-01-01 00:00:00.000000216,54.78202,86,11
1970-01-01 00:00:00.000000217,52.885803,86,12
1970-01-01 00:00:00.000000218,52.09105,86,13
1970-01-01 00:00:00.000000219,51.69367,86,14
1970-01-01 00:00:00.000000220,51.000187,86,15
1970-01-01 00:00:00.000000221,50.70023,86,16
1970-01-01 00:00:00.000000222,49.03549,86,17
1970-01-01 00:00:00.000000223,49.932484,86,18
1970-01-01 00:00:00.000000224,50.613434,86,19
1970-01-01 00:00:00.000000225,51.300148,86,20
1970-01-01 00:00:00.000000226,51.74093,86,21
1970-01-01 00:00:00.000000227,51.051308,86,22
1970-01-01 00:00:00.000000228,49.103,86,23
1970-01-01 00:00:00.000000229,48.2687,86,24
1970-01-01 00:00:00.000000230,48.199272,86,25
1970-01-01 00:00:00.000000231,50.272003,86,26
1970-01-01 00:00:00.000000232,49.01041,86,27
1970-01-01 00:00:00.000000233,44.704857,86,28
1970-01-01 00:00:00.000000234,45.62982,86,29
1970-01-01 00:00:00.000000235,46.950222,86,30
1970-01-01 00:00:00.000000236,47.313847,86,31
1970-01-01 00:00:00.000000237,49.021034,86,32
1970-01-01 00:00:00.000000238,48.554203,86,33
1970-01-01 00:00:00.000000239,47.53857,86,34
1970-01-01 00:00:00.000000240,48.760605,86,35
1970-01-01 00:00:00.000000385,82.195206,87,10
1970-01-01 00:00:00.000000386,82.116104,87,11
1970-01-01 00:00:00.000000387,82.24633,87,12
1970-01-01 00:00:00.000000388,81.99459,87,13
1970-01-01 00:00:00.000000389,81.698494,87,14
1970-01-01 00:00:00.000000390,81.589516,87,15
1970-01-01 00:00:00.000000391,81.32137,87,16
1970-01-01 00:00:00.000000392,81.49596,87,17
1970-01-01 00:00:00.000000393,82.0129,87,18
1970-01-01 00:00:00.000000394,82.04472,87,19
1970-01-01 00:00:00.000000395,81.63773,87,20
1970-01-01 00:00:00.000000396,81.5056,87,21
1970-01-01 00:00:00.000000397,81.03008,87,22
1970-01-01 00:00:00.000000398,80.89023,87,23
1970-01-01 00:00:00.000000399,80.93556,87,24
1970-01-01 00:00:00.000000400,80.98283,87,25
1970-01-01 00:00:00.000000401,81.325226,87,26
1970-01-01 00:00:00.000000402,82.71894,87,27
1970-01-01 00:00:00.000000403,82.89448,87,28
1970-01-01 00:00:00.000000404,82.11032,87,29
1970-01-01 00:00:00.000000405,82.256935,87,30
1970-01-01 00:00:00.000000406,82.86266,87,31
1970-01-01 00:00:00.000000407,83.24847,87,32
1970-01-01 00:00:00.000000408,83.24556,87,33
1970-01-01 00:00:00.000000409,83.516594,87,34
1970-01-01 00:00:00.000000410,83.877304,87,35
1970-01-01 00:00:00.000000411,83.288,87,36
1970-01-01 00:00:00.000000412,82.03316,87,37
1970-01-01 00:00:00.000000413,80.72821,87,38
1970-01-01 00:00:00.000000414,79.985535,87,39
1970-01-01 00:00:00.000000415,80.45622,87,40
1970-01-01 00:00:00.000000416,81.43036,87,41
1970-01-01 00:00:00.000000417,82.61285,87,42
1970-01-01 00:00:00.000000418,83.26678,87,43
1970-01-01 00:00:00.000000419,83.69888,87,44
1970-01-01 00:00:00.000000420,84.09046,87,45
1970-01-01 00:00:00.000000421,84.38078,87,46
1970-01-01 00:00:00.000000422,84.6711,87,47
1970-01-01 00:00:00.000000423,84.9267,87,48
1970-01-01 00:00:00.000000424,84.47723,87,49
1970-01-01 00:00:00.000000425,83.422066,87,50
1970-01-01 00:00:00.000000426,82.94174,87,51
1970-01-01 00:00:00.000000427,80.38388,87,52
1970-01-01 00:00:00.000000428,79.94599,87,53
1970-01-01 00:00:00.000000429,80.108025,87,54
1970-01-01 00:00:00.000000430,81.81617,87,55
1970-01-01 00:00:00.000000431,83.26487,87,56
1970-01-01 00:00:00.000000432,83.89081,87,57
1970-01-01 00:00:00.000000433,83.17709,87,58
1970-01-01 00:00:00.000000434,81.853775,87,59
1970-01-01 00:00:00.000000435,80.42149,87,60
1970-01-01 00:00:00.000000436,83.73552,87,61
1970-01-01 00:00:00.000000437,86.69849,87,62
1970-01-01 00:00:00.000000438,87.63021,87,63
1970-01-01 00:00:00.000000439,87.146996,87,64
1970-01-01 00:00:00.000000440,85.5816,87,65
1970-01-01 00:00:00.000000441,84.54956,87,66
1970-01-01 00:00:00.000000355,72.78935,88,10
1970-01-01 00:00:00.000000356,73.13656,88,11
1970-01-01 00:00:00.000000357,73.31787,88,12
1970-01-01 00:00:00.000000358,73.497284,88,13
1970-01-01 00:00:00.000000359,73.526215,88,14
1970-01-01 00:00:00.000000360,73.62268,88,15
1970-01-01 00:00:00.000000361,73.53105,88,16
1970-01-01 00:00:00.000000362,73.278336,88,17
1970-01-01 00:00:00.000000363,72.98418,88,18
1970-01-01 00:00:00.000000364,72.89641,88,19
1970-01-01 00:00:00.000000365,72.82793,88,20
1970-01-01 00:00:00.000000366,72.72859,88,21
1970-01-01 00:00:00.000000367,73.03625,88,22
1970-01-01 00:00:00.000000368,73.072914,88,23
1970-01-01 00:00:00.000000369,73.209854,88,24
1970-01-01 00:00:00.000000370,73.3092,88,25
1970-01-01 00:00:00.000000371,73.43361,88,26
1970-01-01 00:00:00.000000372,73.64968,88,27
1970-01-01 00:00:00.000000373,73.75387,88,28
1970-01-01 00:00:00.000000374,73.859955,88,29
1970-01-01 00:00:00.000000375,73.768326,88,30
1970-01-01 00:00:00.000000376,73.61111,88,31
1970-01-01 00:00:00.000000377,73.47895,88,32
1970-01-01 00:00:00.000000378,73.41529,88,33
1970-01-01 00:00:00.000000379,73.29088,88,34
1970-01-01 00:00:00.000000380,73.41143,88,35
1970-01-01 00:00:00.000000381,73.39698,88,36
1970-01-01 00:00:00.000000382,73.58602,88,37
1970-01-01 00:00:00.000000383,73.9429,88,38
1970-01-01 00:00:00.000000384,74.117485,88,39
1970-01-01 00:00:00.000000385,74.24865,88,40
1970-01-01 00:00:00.000000386,74.69326,88,41
1970-01-01 00:00:00.000000387,75.04921,88,42
1970-01-01 00:00:00.000000388,75.431145,88,43
1970-01-01 00:00:00.000000389,75.339516,88,44
1970-01-01 00:00:00.000000390,75.55266,88,45
1970-01-01 00:00:00.000000391,75.859375,88,46
1970-01-01 00:00:00.000000392,75.62403,88,47
1970-01-01 00:00:00.000000393,75.42535,88,48
1970-01-01 00:00:00.000000394,75.424385,88,49
1970-01-01 00:00:00.000000395,75.35688,88,50
1970-01-01 00:00:00.000000396,75.35397,88,51
1970-01-01 00:00:00.000000397,75.21993,88,52
1970-01-01 00:00:00.000000398,75.3212,88,53
1970-01-01 00:00:00.000000399,75.29901,88,54
1970-01-01 00:00:00.000000400,75.27393,88,55
1970-01-01 00:00:00.000000401,75.61053,88,56
1970-01-01 00:00:00.000000402,75.44657,88,57
1970-01-01 00:00:00.000000403,74.86882,88,58
1970-01-01 00:00:00.000000404,74.591034,88,59
1970-01-01 00:00:00.000000405,74.40201,88,60
1970-01-01 00:00:00.000000093,99.99999,89,10
1970-01-01 00:00:00.000000094,99.99999,89,11
1970-01-01 00:00:00.000000095,99.99999,89,12
1970-01-01 00:00:00.000000096,99.99999,89,13
1970-01-01 00:00:00.000000097,99.99999,89,14
1970-01-01 00:00:00.000000101,66.073494,92,10
1970-01-01 00:00:00.000000102,66.57407,92,11
1970-01-01 00:00:00.000000103,66.851845,92,12
1970-01-01 00:00:00.000000104,67.201965,92,13
1970-01-01 00:00:00.000000105,67.39104,92,14
1970-01-01 00:00:00.000000106,67.493256,92,15
1970-01-01 00:00:00.000000166,46.71875,93,10
1970-01-01 00:00:00.000000167,45.713737,93,11
1970-01-01 00:00:00.000000168,44.215855,93,12
1970-01-01 00:00:00.000000169,43.535885,93,13
1970-01-01 00:00:00.000000170,43.73939,93,14
1970-01-01 00:00:00.000000171,44.1165,93,15
1970-01-01 00:00:00.000000172,46.206593,93,16
1970-01-01 00:00:00.000000173,48.726852,93,17
1970-01-01 00:00:00.000000174,51.080242,93,18
1970-01-01 00:00:00.000000175,51.005013,93,19
1970-01-01 00:00:00.000000176,50.636578,93,20
1970-01-01 00:00:00.000000177,62.17979,93,21
1970-01-01 00:00:00.000000178,99.99999,93,22
1970-01-01 00:00:00.000000179,99.99999,93,23
1970-01-01 00:00:00.000000180,99.99999,93,24
1970-01-01 00:00:00.000000181,99.99999,93,25
1970-01-01 00:00:00.000000182,99.99999,93,26
1970-01-01 00:00:00.000000183,99.99999,93,27
1970-01-01 00:00:00.000000114,75.72047,95,10
1970-01-01 00:00:00.000000115,75.57485,95,11
1970-01-01 00:00:00.000000116,75.65684,95,12
1970-01-01 00:00:00.000000117,76.02525,95,13
1970-01-01 00:00:00.000000118,76.409134,95,14
1970-01-01 00:00:00.000000119,76.72743,95,15
1970-01-01 00:00:00.000000120,76.648346,95,16
1970-01-01 00:00:00.000000121,76.84801,95,17
1970-01-01 00:00:00.000000122,76.91359,95,18
1970-01-01 00:00:00.000000183,61.575993,96,10
1970-01-01 00:00:00.000000184,62.17689,96,11
1970-01-01 00:00:00.000000185,62.81442,96,12
1970-01-01 00:00:00.000000186,63.41821,96,13
1970-01-01 00:00:00.000000187,63.96412,96,14
1970-01-01 00:00:00.000000188,64.72513,96,15
1970-01-01 00:00:00.000000189,65.055954,96,16
1970-01-01 00:00:00.000000190,65.54494,96,17
1970-01-01 00:00:00.000000191,65.49575,96,18
1970-01-01 00:00:00.000000192,65.289345,96,19
1970-01-01 00:00:00.000000193,65.48225,96,20
1970-01-01 00:00:00.000000194,65.65297,96,21
1970-01-01 00:00:00.000000195,65.64525,96,22
1970-01-01 00:00:00.000000196,65.52565,96,23
1970-01-01 00:00:00.000000197,65.443665,96,24
1970-01-01 00:00:00.000000198,65.56327,96,25
1970-01-01 00:00:00.000000199,65.55846,96,26
1970-01-01 00:00:00.000000200,65.597984,96,27
1970-01-01 00:00:00.000000201,65.3067,96,28
1970-01-01 00:00:00.000000202,64.75888,96,29
1970-01-01 00:00:00.000000203,64.19174,96,30
1970-01-01 00:00:00.000000079,99.99999,98,10
1970-01-01 00:00:00.000000080,99.99999,98,11
1970-01-01 00:00:00.000000081,99.99999,98,12
1970-01-01 00:00:00.000000096,99.99999,99,10
1970-01-01 00:00:00.000000097,99.99999,99,11
1970-01-01 00:00:00.000000098,99.99999,99,12
1970-01-01 00:00:00.000000099,99.99999,99,13
1970-01-01 00:00:00.000000100,99.99999,99,14
1970-01-01 00:00:00.000000101,99.99999,99,15
1970-01-01 00:00:00.000000340,57.082355,100,10
1970-01-01 00:00:00.000000341,57.063072,100,11
1970-01-01 00:00:00.000000342,56.97241,100,12
1970-01-01 00:00:00.000000343,57.194252,100,13
1970-01-01 00:00:00.000000344,57.08718,100,14
1970-01-01 00:00:00.000000345,57.37171,100,15
1970-01-01 00:00:00.000000346,57.623444,100,16
1970-01-01 00:00:00.000000347,57.788387,100,17
1970-01-01 00:00:00.000000348,57.989956,100,18
1970-01-01 00:00:00.000000349,57.943672,100,19
1970-01-01 00:00:00.000000350,58.63523,100,20
1970-01-01 00:00:00.000000351,59.15896,100,21
1970-01-01 00:00:00.000000352,59.678814,100,22
1970-01-01 00:00:00.000000353,60.106094,100,23
1970-01-01 00:00:00.000000354,60.45814,100,24
1970-01-01 00:00:00.000000355,60.7774,100,25
1970-01-01 00:00:00.000000356,60.99247,100,26
1970-01-01 00:00:00.000000357,61.331017,100,27
1970-01-01 00:00:00.000000358,61.449642,100,28
1970-01-01 00:00:00.000000359,61.578896,100,29
1970-01-01 00:00:00.000000360,61.983997,100,30
1970-01-01 00:00:00.000000361,62.337,100,31
1970-01-01 00:00:00.000000362,62.776802,100,32
1970-01-01 00:00:00.000000363,63.351658,100,33
1970-01-01 00:00:00.000000364,64.01428,100,34
1970-01-01 00:00:00.000000365,64.51678,100,35
1970-01-01 00:00:00.000000366,64.903564,100,36
1970-01-01 00:00:00.000000367,65.47935,100,37
1970-01-01 00:00:00.000000368,65.51696,100,38
1970-01-01 00:00:00.000000369,65.82658,100,39
1970-01-01 00:00:00.000000370,65.93749,100,40
1970-01-01 00:00:00.000000371,66.33584,100,41
1970-01-01 00:00:00.000000372,66.60493,100,42
1970-01-01 00:00:00.000000373,66.55864,100,43
1970-01-01 00:00:00.000000374,66.93285,100,44
1970-01-01 00:00:00.000000375,67.267555,100,45
1970-01-01 00:00:00.000000376,67.28878,100,46
1970-01-01 00:00:00.000000377,67.04957,100,47
1970-01-01 00:00:00.000000378,66.8364,100,48
1970-01-01 00:00:00.000000379,66.36864,100,49
1970-01-01 00:00:00.000000380,65.6684,100,50
1970-01-01 00:00:00.000000381,65.515045,100,51
1970-01-01 00:00:00.000000382,66.39661,100,52
1970-01-01 00:00:00.000000383,99.46373,100,53
1970-01-01 00:00:00.000000384,99.99999,100,54
1970-01-01 00:00:00.000000385,99.99999,100,55
1970-01-01 00:00:00.000000386,99.99999,100,56
1970-01-01 00:00:00.000000387,99.99999,100,57
1970-01-01 00:00:00.000000388,99.99999,100,58
1970-01-01 00:00:00.000000142,46.28087,101,10
1970-01-01 00:00:00.000000143,47.391003,101,11
1970-01-01 00:00:00.000000144,49.258293,101,12
1970-01-01 00:00:00.000000145,51.427456,101,13
1970-01-01 00:00:00.000000146,52.94945,101,14
1970-01-01 00:00:00.000000147,54.236107,101,15
1970-01-01 00:00:00.000000148,55.763893,101,16
1970-01-01 00:00:00.000000149,57.00617,101,17
1970-01-01 00:00:00.000000150,58.25039,101,18
1970-01-01 00:00:00.000000151,59.610344,101,19
1970-01-01 00:00:00.000000152,60.326958,101,20
1970-01-01 00:00:00.000000153,60.797653,101,21
1970-01-01 00:00:00.000000154,61.20081,101,22
1970-01-01 00:00:00.000000155,61.6522,101,23
1970-01-01 00:00:00.000000187,69.816734,103,10
1970-01-01 00:00:00.000000188,70.37132,103,11
1970-01-01 00:00:00.000000189,70.7012,103,12
1970-01-01 00:00:00.000000190,71.05807,103,13
1970-01-01 00:00:00.000000191,71.6898,103,14
1970-01-01 00:00:00.000000192,72.22512,103,15
1970-01-01 00:00:00.000000193,72.58583,103,16
1970-01-01 00:00:00.000000194,73.27834,103,17
1970-01-01 00:00:00.000000195,73.68828,103,18
1970-01-01 00:00:00.000000196,73.89661,103,19
1970-01-01 00:00:00.000000197,73.72205,103,20
1970-01-01 00:00:00.000000198,73.82718,103,21
1970-01-01 00:00:00.000000199,74.22453,103,22
1970-01-01 00:00:00.000000200,74.57368,103,23
1970-01-01 00:00:00.000000201,74.63732,103,24
1970-01-01 00:00:00.000000202,75.10225,103,25
1970-01-01 00:00:00.000000203,75.23631,103,26
1970-01-01 00:00:00.000000204,74.85627,103,27
1970-01-01 00:00:00.000000205,74.987465,103,28
1970-01-01 00:00:00.000000206,74.762726,103,29
1970-01-01 00:00:00.000000207,74.85531,103,30
1970-01-01 00:00:00.000000208,74.80032,103,31
1970-01-01 00:00:00.000000080,99.99999,104,10
1970-01-01 00:00:00.000000081,99.99999,104,11
1970-01-01 00:00:00.000000082,99.99999,104,12
1970-01-01 00:00:00.000000190,59.767555,105,10
1970-01-01 00:00:00.000000191,61.11497,105,11
1970-01-01 00:00:00.000000192,62.818287,105,12
1970-01-01 00:00:00.000000193,64.19174,105,13
1970-01-01 00:00:00.000000194,63.500195,105,14
1970-01-01 00:00:00.000000195,63.930374,105,15
1970-01-01 00:00:00.000000196,63.939045,105,16
1970-01-01 00:00:00.000000197,65.25656,105,17
1970-01-01 00:00:00.000000198,65.41474,105,18
1970-01-01 00:00:00.000000199,63.746128,105,19
1970-01-01 00:00:00.000000200,64.02296,105,20
1970-01-01 00:00:00.000000201,64.494606,105,21
1970-01-01 00:00:00.000000202,66.055176,105,22
1970-01-01 00:00:00.000000203,67.839516,105,23
1970-01-01 00:00:00.000000204,67.6196,105,24
1970-01-01 00:00:00.000000205,66.62038,105,25
1970-01-01 00:00:00.000000206,66.31655,105,26
1970-01-01 00:00:00.000000207,65.800545,105,27
1970-01-01 00:00:00.000000208,64.144485,105,28
1970-01-01 00:00:00.000000209,62.952354,105,29
1970-01-01 00:00:00.000000210,59.99035,105,30
1970-01-01 00:00:00.000000211,57.857838,105,31
1970-01-01 00:00:00.000000281,57.53761,106,10
1970-01-01 00:00:00.000000282,57.275265,106,11
1970-01-01 00:00:00.000000283,57.487465,106,12
1970-01-01 00:00:00.000000284,57.21354,106,13
1970-01-01 00:00:00.000000285,57.02354,106,14
1970-01-01 00:00:00.000000286,56.819065,106,15
1970-01-01 00:00:00.000000287,56.76119,106,16
1970-01-01 00:00:00.000000288,56.742855,106,17
1970-01-01 00:00:00.000000289,56.878864,106,18
1970-01-01 00:00:00.000000290,56.606865,106,19
1970-01-01 00:00:00.000000291,56.474735,106,20
1970-01-01 00:00:00.000000292,55.998264,106,21
1970-01-01 00:00:00.000000293,56.026226,106,22
1970-01-01 00:00:00.000000294,56.032024,106,23
1970-01-01 00:00:00.000000295,55.58063,106,24
1970-01-01 00:00:00.000000296,55.36072,106,25
1970-01-01 00:00:00.000000297,55.12442,106,26
1970-01-01 00:00:00.000000298,54.82832,106,27
1970-01-01 00:00:00.000000299,54.663387,106,28
1970-01-01 00:00:00.000000300,54.102036,106,29
1970-01-01 00:00:00.000000301,53.934216,106,30
1970-01-01 00:00:00.000000302,53.76157,106,31
1970-01-01 00:00:00.000000303,53.35552,106,32
1970-01-01 00:00:00.000000304,53.302475,106,33
1970-01-01 00:00:00.000000305,52.87327,106,34
1970-01-01 00:00:00.000000306,52.166286,106,35
1970-01-01 00:00:00.000000307,52.282986,106,36
1970-01-01 00:00:00.000000308,51.956013,106,37
1970-01-01 00:00:00.000000309,51.445793,106,38
1970-01-01 00:00:00.000000310,51.21046,106,39
1970-01-01 00:00:00.000000311,52.39969,106,40
1970-01-01 00:00:00.000000312,72.9292,106,41
1970-01-01 00:00:00.000000313,99.99999,106,42
1970-01-01 00:00:00.000000314,99.99999,106,43
1970-01-01 00:00:00.000000315,99.99999,106,44
1970-01-01 00:00:00.000000316,99.99999,106,45
1970-01-01 00:00:00.000000317,99.99999,106,46
1970-01-01 00:00:00.000000318,99.99999,106,47
1970-01-01 00:00:00.000000083,99.99999,107,10
1970-01-01 00:00:00.000000084,99.99999,107,11
1970-01-01 00:00:00.000000085,99.99999,107,12
1970-01-01 00:00:00.000000213,63.601463,108,10
1970-01-01 00:00:00.000000214,63.787605,108,11
1970-01-01 00:00:00.000000215,64.13002,108,12
1970-01-01 00:00:00.000000216,64.13195,108,13
1970-01-01 00:00:00.000000217,64.00753,108,14
1970-01-01 00:00:00.000000218,64.06057,108,15
1970-01-01 00:00:00.000000219,64.39333,108,16
1970-01-01 00:00:00.000000220,64.555374,108,17
1970-01-01 00:00:00.000000221,64.953705,108,18
1970-01-01 00:00:00.000000222,64.6441,108,19
1970-01-01 00:00:00.000000223,64.5737,108,20
1970-01-01 00:00:00.000000224,64.84376,108,21
1970-01-01 00:00:00.000000225,65.25752,108,22
1970-01-01 00:00:00.000000226,65.49286,108,23
1970-01-01 00:00:00.000000227,65.8478,108,24
1970-01-01 00:00:00.000000228,65.58931,108,25
1970-01-01 00:00:00.000000229,65.41281,108,26
1970-01-01 00:00:00.000000230,66.06385,108,27
1970-01-01 00:00:00.000000231,66.74574,108,28
1970-01-01 00:00:00.000000232,67.199066,108,29
1970-01-01 00:00:00.000000233,67.95911,108,30
1970-01-01 00:00:00.000000234,68.606285,108,31
1970-01-01 00:00:00.000000235,69.213936,108,32
1970-01-01 00:00:00.000000236,69.7415,108,33
1970-01-01 00:00:00.000000237,70.47744,108,34
1970-01-01 00:00:00.000000238,70.96645,108,35
1970-01-01 00:00:00.000000083,69.328705,109,10
1970-01-01 00:00:00.000000084,68.2253,109,11
1970-01-01 00:00:00.000000085,68.64679,109,12
1970-01-01 00:00:00.000000505,74.10977,110,10
1970-01-01 00:00:00.000000506,74.10301,110,11
1970-01-01 00:00:00.000000507,74.207184,110,12
1970-01-01 00:00:00.000000508,74.22744,110,13
1970-01-01 00:00:00.000000509,74.57465,110,14
1970-01-01 00:00:00.000000510,74.87171,110,15
1970-01-01 00:00:00.000000511,75.13022,110,16
1970-01-01 00:00:00.000000512,75.29611,110,17
1970-01-01 00:00:00.000000513,75.71275,110,18
1970-01-01 00:00:00.000000514,75.93268,110,19
1970-01-01 00:00:00.000000515,76.12075,110,20
1970-01-01 00:00:00.000000516,76.25867,110,21
1970-01-01 00:00:00.000000517,76.639656,110,22
1970-01-01 00:00:00.000000518,76.53645,110,23
1970-01-01 00:00:00.000000519,76.160286,110,24
1970-01-01 00:00:00.000000520,75.39931,110,25
1970-01-01 00:00:00.000000521,74.98843,110,26
1970-01-01 00:00:00.000000522,74.64505,110,27
1970-01-01 00:00:00.000000523,74.09724,110,28
1970-01-01 00:00:00.000000524,73.51465,110,29
1970-01-01 00:00:00.000000525,73.15199,110,30
1970-01-01 00:00:00.000000526,72.79225,110,31
1970-01-01 00:00:00.000000527,72.423805,110,32
1970-01-01 00:00:00.000000528,72.39584,110,33
1970-01-01 00:00:00.000000529,72.63021,110,34
1970-01-01 00:00:00.000000530,72.59741,110,35
1970-01-01 00:00:00.000000531,72.66975,110,36
1970-01-01 00:00:00.000000532,72.21355,110,37
1970-01-01 00:00:00.000000533,71.130394,110,38
1970-01-01 00:00:00.000000534,70.73304,110,39
1970-01-01 00:00:00.000000535,70.002884,110,40
1970-01-01 00:00:00.000000536,69.46953,110,41
1970-01-01 00:00:00.000000537,68.8233,110,42
1970-01-01 00:00:00.000000538,67.552086,110,43
1970-01-01 00:00:00.000000539,66.40432,110,44
1970-01-01 00:00:00.000000540,65.07909,110,45
1970-01-01 00:00:00.000000541,64.0355,110,46
1970-01-01 00:00:00.000000542,63.090282,110,47
1970-01-01 00:00:00.000000543,62.71412,110,48
1970-01-01 00:00:00.000000544,61.804592,110,49
1970-01-01 00:00:00.000000545,60.74555,110,50
1970-01-01 00:00:00.000000546,59.825424,110,51
1970-01-01 00:00:00.000000547,58.28993,110,52
1970-01-01 00:00:00.000000548,57.424763,110,53
1970-01-01 00:00:00.000000549,56.09953,110,54
1970-01-01 00:00:00.000000550,56.872105,110,55
1970-01-01 00:00:00.000000551,56.56636,110,56
1970-01-01 00:00:00.000000552,55.785107,110,57
1970-01-01 00:00:00.000000553,55.079098,110,58
1970-01-01 00:00:00.000000554,54.743435,110,59
1970-01-01 00:00:00.000000555,54.25733,110,60
1970-01-01 00:00:00.000000556,53.893715,110,61
1970-01-01 00:00:00.000000557,53.23013,110,62
1970-01-01 00:00:00.000000558,52.767162,110,63
1970-01-01 00:00:00.000000559,52.32157,110,64
1970-01-01 00:00:00.000000560,49.665314,110,65
1970-01-01 00:00:00.000000561,49.840847,110,66
1970-01-01 00:00:00.000000562,51.1034,110,67
1970-01-01 00:00:00.000000563,52.33217,110,68
1970-01-01 00:00:00.000000564,52.111313,110,69
1970-01-01 00:00:00.000000565,52.99671,110,70
1970-01-01 00:00:00.000000566,54.440586,110,71
1970-01-01 00:00:00.000000567,56.194057,110,72
1970-01-01 00:00:00.000000568,56.430355,110,73
1970-01-01 00:00:00.000000569,57.410305,110,74
1970-01-01 00:00:00.000000570,51.417816,110,75
1970-01-01 00:00:00.000000571,53.559982,110,76
1970-01-01 00:00:00.000000572,56.327145,110,77
1970-01-01 00:00:00.000000573,62.337,110,78
1970-01-01 00:00:00.000000574,70.11768,110,79
1970-01-01 00:00:00.000000575,73.68633,110,80
1970-01-01 00:00:00.000000576,92.10359,110,81
1970-01-01 00:00:00.000000577,99.99999,110,82
1970-01-01 00:00:00.000000578,99.99999,110,83
1970-01-01 00:00:00.000000579,99.99999,110,84
1970-01-01 00:00:00.000000580,99.99999,110,85
1970-01-01 00:00:00.000000581,99.99999,110,86
1970-01-01 00:00:00.000000582,99.99999,110,87
1970-01-01 00:00:00.000000183,76.26736,112,10
1970-01-01 00:00:00.000000184,76.444824,112,11
1970-01-01 00:00:00.000000185,75.52758,112,12
1970-01-01 00:00:00.000000186,71.739975,112,13
1970-01-01 00:00:00.000000187,66.38502,112,14
1970-01-01 00:00:00.000000188,65.643326,112,15
1970-01-01 00:00:00.000000189,65.30672,112,16
1970-01-01 00:00:00.000000190,65.28163,112,17
1970-01-01 00:00:00.000000191,65.50445,112,18
1970-01-01 00:00:00.000000192,65.84586,112,19
1970-01-01 00:00:00.000000193,66.0677,112,20
1970-01-01 00:00:00.000000194,65.70216,112,21
1970-01-01 00:00:00.000000195,65.92785,112,22
1970-01-01 00:00:00.000000196,66.005974,112,23
1970-01-01 00:00:00.000000197,66.18537,112,24
1970-01-01 00:00:00.000000198,66.53548,112,25
1970-01-01 00:00:00.000000199,66.83448,112,26
1970-01-01 00:00:00.000000200,66.83738,112,27
1970-01-01 00:00:00.000000201,67.2637,112,28
1970-01-01 00:00:00.000000202,67.430565,112,29
1970-01-01 00:00:00.000000203,67.39584,112,30
1970-01-01 00:00:00.000000172,68.75386,113,10
1970-01-01 00:00:00.000000173,68.54359,113,11
1970-01-01 00:00:00.000000174,68.28511,113,12
1970-01-01 00:00:00.000000175,67.88291,113,13
1970-01-01 00:00:00.000000176,67.712204,113,14
1970-01-01 00:00:00.000000177,67.80287,113,15
1970-01-01 00:00:00.000000178,67.28106,113,16
1970-01-01 00:00:00.000000179,67.22127,113,17
1970-01-01 00:00:00.000000180,66.44193,113,18
1970-01-01 00:00:00.000000181,66.27894,113,19
1970-01-01 00:00:00.000000182,65.57001,113,20
1970-01-01 00:00:00.000000183,65.22279,113,21
1970-01-01 00:00:00.000000184,64.34318,113,22
1970-01-01 00:00:00.000000185,64.025856,113,23
1970-01-01 00:00:00.000000186,64.26119,113,24
1970-01-01 00:00:00.000000187,64.49172,113,25
1970-01-01 00:00:00.000000188,63.879253,113,26
1970-01-01 00:00:00.000000189,63.750965,113,27
1970-01-01 00:00:00.000000190,63.478962,113,28
1970-01-01 00:00:00.000000157,55.07329,114,10
1970-01-01 00:00:00.000000158,54.918983,114,11
1970-01-01 00:00:00.000000159,54.7145,114,12
1970-01-01 00:00:00.000000160,54.685566,114,13
1970-01-01 00:00:00.000000161,54.83988,114,14
1970-01-01 00:00:00.000000162,54.707756,114,15
1970-01-01 00:00:00.000000163,54.770443,114,16
1970-01-01 00:00:00.000000164,54.654705,114,17
1970-01-01 00:00:00.000000165,56.617466,114,18
1970-01-01 00:00:00.000000166,91.4593,114,19
1970-01-01 00:00:00.000000167,99.99999,114,20
1970-01-01 00:00:00.000000168,99.99999,114,21
1970-01-01 00:00:00.000000169,99.99999,114,22
1970-01-01 00:00:00.000000170,99.99999,114,23
1970-01-01 00:00:00.000000171,99.99999,114,24
1970-01-01 00:00:00.000000172,99.99999,114,25
1970-01-01 00:00:00.000000086,99.99999,115,10
1970-01-01 00:00:00.000000087,99.99999,115,11
1970-01-01 00:00:00.000000088,99.99999,115,12
1970-01-01 00:00:00.000000089,99.90451,115,13
1970-01-01 00:00:00.000000096,70.295135,117,10
1970-01-01 00:00:00.000000097,70.46972,117,11
1970-01-01 00:00:00.000000098,70.5218,117,12
1970-01-01 00:00:00.000000099,70.709885,117,13
1970-01-01 00:00:00.000000100,70.76389,117,14
1970-01-01 00:00:00.000000082,66.28183,118,10
1970-01-01 00:00:00.000000083,68.81559,118,11
1970-01-01 00:00:00.000000084,70.87287,118,12
1970-01-01 00:00:00.000000109,50.9346,121,10
1970-01-01 00:00:00.000000110,50.67804,121,11
1970-01-01 00:00:00.000000111,50.6221,121,12
1970-01-01 00:00:00.000000112,51.26736,121,13
1970-01-01 00:00:00.000000113,51.787212,121,14
1970-01-01 00:00:00.000000114,52.70544,121,15
1970-01-01 00:00:00.000000115,53.822342,121,16
1970-01-01 00:00:00.000000116,54.14352,121,17
1970-01-01 00:00:00.000000165,71.25289,122,10
1970-01-01 00:00:00.000000166,69.304596,122,11
1970-01-01 00:00:00.000000167,67.5,122,12
1970-01-01 00:00:00.000000168,65.451385,122,13
1970-01-01 00:00:00.000000169,66.358986,122,14
1970-01-01 00:00:00.000000170,67.3698,122,15
1970-01-01 00:00:00.000000171,67.9379,122,16
1970-01-01 00:00:00.000000172,66.9454,122,17
1970-01-01 00:00:00.000000173,67.067894,122,18
1970-01-01 00:00:00.000000174,66.15065,122,19
1970-01-01 00:00:00.000000175,64.56115,122,20
1970-01-01 00:00:00.000000176,63.223373,122,21
1970-01-01 00:00:00.000000177,61.330055,122,22
1970-01-01 00:00:00.000000178,61.68499,122,23
1970-01-01 00:00:00.000000179,63.07484,122,24
1970-01-01 00:00:00.000000180,62.872303,122,25
1970-01-01 00:00:00.000000181,60.98669,122,26
1970-01-01 00:00:00.000000182,60.94425,122,27
1970-01-01 00:00:00.000000101,69.39814,123,10
1970-01-01 00:00:00.000000102,68.8098,123,11
1970-01-01 00:00:00.000000103,67.82408,123,12
1970-01-01 00:00:00.000000104,66.12558,123,13
1970-01-01 00:00:00.000000105,64.42324,123,14
1970-01-01 00:00:00.000000106,64.94888,123,15
1970-01-01 00:00:00.000000107,66.296295,123,16
1970-01-01 00:00:00.000000107,65.1466,124,10
1970-01-01 00:00:00.000000108,99.99999,124,11
1970-01-01 00:00:00.000000109,99.99999,124,12
1970-01-01 00:00:00.000000110,99.99999,124,13
1970-01-01 00:00:00.000000111,99.99999,124,14
1970-01-01 00:00:00.000000112,99.99999,124,15
1970-01-01 00:00:00.000000113,99.99999,124,16
1970-01-01 00:00:00.000000164,55.989574,125,10
1970-01-01 00:00:00.000000165,55.91725,125,11
1970-01-01 00:00:00.000000166,56.09472,125,12
1970-01-01 00:00:00.000000167,55.473583,125,13
1970-01-01 00:00:00.000000168,55.861305,125,14
1970-01-01 00:00:00.000000169,55.943283,125,15
1970-01-01 00:00:00.000000170,55.560383,125,16
1970-01-01 00:00:00.000000171,55.370373,125,17
1970-01-01 00:00:00.000000172,55.86323,125,18
1970-01-01 00:00:00.000000173,55.64911,125,19
1970-01-01 00:00:00.000000174,65.79476,125,20
1970-01-01 00:00:00.000000175,99.99999,125,21
1970-01-01 00:00:00.000000176,99.99999,125,22
1970-01-01 00:00:00.000000177,99.99999,125,23
1970-01-01 00:00:00.000000178,99.99999,125,24
1970-01-01 00:00:00.000000179,99.99999,125,25
1970-01-01 00:00:00.000000180,99.99999,125,26
1970-01-01 00:00:00.000000208,53.885998,126,10
1970-01-01 00:00:00.000000209,53.39892,126,11
1970-01-01 00:00:00.000000210,54.31327,126,12
1970-01-01 00:00:00.000000211,55.79378,126,13
1970-01-01 00:00:00.000000212,57.34375,126,14
1970-01-01 00:00:00.000000213,58.696953,126,15
1970-01-01 00:00:00.000000214,60.15529,126,16
1970-01-01 00:00:00.000000215,61.506565,126,17
1970-01-01 00:00:00.000000216,64.12038,126,18
1970-01-01 00:00:00.000000217,65.49769,126,19
1970-01-01 00:00:00.000000218,67.01293,126,20
1970-01-01 00:00:00.000000219,68.30728,126,21
1970-01-01 00:00:00.000000220,70.00964,126,22
1970-01-01 00:00:00.000000221,71.37056,126,23
1970-01-01 00:00:00.000000222,72.283966,126,24
1970-01-01 00:00:00.000000223,72.59742,126,25
1970-01-01 00:00:00.000000224,72.725685,126,26
1970-01-01 00:00:00.000000225,72.57811,126,27
1970-01-01 00:00:00.000000226,72.46239,126,28
1970-01-01 00:00:00.000000227,72.90991,126,29
1970-01-01 00:00:00.000000228,73.7201,126,30
1970-01-01 00:00:00.000000229,74.95949,126,31
1970-01-01 00:00:00.000000230,75.456215,126,32
1970-01-01 00:00:00.000000231,75.703125,126,33
1970-01-01 00:00:00.000000232,75.64429,126,34
1970-01-01 00:00:00.000000188,66.56442,127,10
1970-01-01 00:00:00.000000189,66.569244,127,11
1970-01-01 00:00:00.000000190,66.817116,127,12
1970-01-01 00:00:00.000000191,66.8692,127,13
1970-01-01 00:00:00.000000192,66.234566,127,14
1970-01-01 00:00:00.000000193,65.75618,127,15
1970-01-01 00:00:00.000000194,65.48225,127,16
1970-01-01 00:00:00.000000195,65.4022,127,17
1970-01-01 00:00:00.000000196,65.10803,127,18
1970-01-01 00:00:00.000000197,65.04726,127,19
1970-01-01 00:00:00.000000198,65.10513,127,20
1970-01-01 00:00:00.000000199,65.2662,127,21
1970-01-01 00:00:00.000000200,64.79747,127,22
1970-01-01 00:00:00.000000201,65.20832,127,23
1970-01-01 00:00:00.000000202,64.0789,127,24
1970-01-01 00:00:00.000000203,62.475876,127,25
1970-01-01 00:00:00.000000204,60.530476,127,26
1970-01-01 00:00:00.000000205,58.608223,127,27
1970-01-01 00:00:00.000000206,56.0542,127,28
1970-01-01 00:00:00.000000207,53.072918,127,29
1970-01-01 00:00:00.000000208,49.236115,127,30
1970-01-01 00:00:00.000000209,46.43614,127,31
1970-01-01 00:00:00.000000082,99.99999,129,10
1970-01-01 00:00:00.000000083,99.99999,129,11
1970-01-01 00:00:00.000000084,99.99999,129,12
