sequence_index,first_chamber_filling,block_idx,fcst_origin
1970-01-01 00:00:00.000000097,97.12424,0,10
1970-01-01 00:00:00.000000098,97.412346,0,11
1970-01-01 00:00:00.000000099,97.49422,0,12
1970-01-01 00:00:00.000000100,97.39666,0,13
1970-01-01 00:00:00.000000101,97.30849,0,14
1970-01-01 00:00:00.000000102,97.36724,0,15
1970-01-01 00:00:00.000000081,95.424225,1,10
1970-01-01 00:00:00.000000082,95.46021,1,11
1970-01-01 00:00:00.000000083,95.46782,1,12
1970-01-01 00:00:00.000000079,97.11371,4,10
1970-01-01 00:00:00.000000080,97.064255,4,11
1970-01-01 00:00:00.000000081,97.07668,4,12
1970-01-01 00:00:00.000000079,96.76703,5,10
1970-01-01 00:00:00.000000080,96.6443,5,11
1970-01-01 00:00:00.000000081,96.57936,5,12
1970-01-01 00:00:00.000000119,93.84432,11,10
1970-01-01 00:00:00.000000120,93.74665,11,11
1970-01-01 00:00:00.000000121,93.68814,11,12
1970-01-01 00:00:00.000000122,93.652016,11,13
1970-01-01 00:00:00.000000123,93.69872,11,14
1970-01-01 00:00:00.000000124,93.92738,11,15
1970-01-01 00:00:00.000000125,94.08159,11,16
1970-01-01 00:00:00.000000126,94.26627,11,17
1970-01-01 00:00:00.000000127,94.36682,11,18
1970-01-01 00:00:00.000000128,94.44594,11,19
1970-01-01 00:00:00.000000113,97.03517,12,10
1970-01-01 00:00:00.000000114,97.03764,12,11
1970-01-01 00:00:00.000000115,96.9813,12,12
1970-01-01 00:00:00.000000116,96.72135,12,13
1970-01-01 00:00:00.000000117,96.55348,12,14
1970-01-01 00:00:00.000000118,96.50366,12,15
1970-01-01 00:00:00.000000119,96.37929,12,16
1970-01-01 00:00:00.000000120,96.22103,12,17
1970-01-01 00:00:00.000000121,96.24492,12,18
1970-01-01 00:00:00.000000157,99.79659,13,10
1970-01-01 00:00:00.000000158,99.77491,13,11
1970-01-01 00:00:00.000000159,99.78003,13,12
1970-01-01 00:00:00.000000160,99.761536,13,13
1970-01-01 00:00:00.000000161,99.73514,13,14
1970-01-01 00:00:00.000000162,99.72187,13,15
1970-01-01 00:00:00.000000163,99.69166,13,16
1970-01-01 00:00:00.000000164,99.66455,13,17
1970-01-01 00:00:00.000000165,99.64741,13,18
1970-01-01 00:00:00.000000166,99.64169,13,19
1970-01-01 00:00:00.000000167,99.64247,13,20
1970-01-01 00:00:00.000000168,99.66528,13,21
1970-01-01 00:00:00.000000169,99.66863,13,22
1970-01-01 00:00:00.000000170,99.67707,13,23
1970-01-01 00:00:00.000000171,99.6948,13,24
1970-01-01 00:00:00.000000172,99.68833,13,25
1970-01-01 00:00:00.000000141,99.24075,15,10
1970-01-01 00:00:00.000000142,99.29246,15,11
1970-01-01 00:00:00.000000143,99.35658,15,12
1970-01-01 00:00:00.000000144,99.493774,15,13
1970-01-01 00:00:00.000000145,99.57787,15,14
1970-01-01 00:00:00.000000146,99.59494,15,15
1970-01-01 00:00:00.000000147,99.6136,15,16
1970-01-01 00:00:00.000000148,99.64875,15,17
1970-01-01 00:00:00.000000149,99.64958,15,18
1970-01-01 00:00:00.000000150,99.65091,15,19
1970-01-01 00:00:00.000000151,99.65392,15,20
1970-01-01 00:00:00.000000152,99.6635,15,21
1970-01-01 00:00:00.000000153,99.63423,15,22
1970-01-01 00:00:00.000000156,95.28425,16,10
1970-01-01 00:00:00.000000157,95.344086,16,11
1970-01-01 00:00:00.000000158,95.48909,16,12
1970-01-01 00:00:00.000000159,95.6079,16,13
1970-01-01 00:00:00.000000160,95.59665,16,14
1970-01-01 00:00:00.000000161,95.50638,16,15
1970-01-01 00:00:00.000000162,95.455864,16,16
1970-01-01 00:00:00.000000163,95.36699,16,17
1970-01-01 00:00:00.000000164,95.10869,16,18
1970-01-01 00:00:00.000000165,95.070114,16,19
1970-01-01 00:00:00.000000166,95.24073,16,20
1970-01-01 00:00:00.000000167,95.30489,16,21
1970-01-01 00:00:00.000000168,95.410736,16,22
1970-01-01 00:00:00.000000169,95.602295,16,23
1970-01-01 00:00:00.000000170,95.68074,16,24
1970-01-01 00:00:00.000000171,95.73392,16,25
1970-01-01 00:00:00.000000123,93.928314,17,10
1970-01-01 00:00:00.000000124,93.86904,17,11
1970-01-01 00:00:00.000000125,93.81805,17,12
1970-01-01 00:00:00.000000126,93.69503,17,13
1970-01-01 00:00:00.000000127,93.59222,17,14
1970-01-01 00:00:00.000000128,93.03535,17,15
1970-01-01 00:00:00.000000129,92.222404,17,16
1970-01-01 00:00:00.000000130,91.404,17,17
1970-01-01 00:00:00.000000131,89.67462,17,18
1970-01-01 00:00:00.000000132,89.6403,17,19
1970-01-01 00:00:00.000000134,99.4249,19,10
1970-01-01 00:00:00.000000135,99.41697,19,11
1970-01-01 00:00:00.000000136,99.40965,19,12
1970-01-01 00:00:00.000000137,99.405365,19,13
1970-01-01 00:00:00.000000138,99.4001,19,14
1970-01-01 00:00:00.000000139,99.42246,19,15
1970-01-01 00:00:00.000000140,99.43477,19,16
1970-01-01 00:00:00.000000141,99.44487,19,17
1970-01-01 00:00:00.000000142,99.443634,19,18
1970-01-01 00:00:00.000000143,99.46175,19,19
1970-01-01 00:00:00.000000144,99.49285,19,20
1970-01-01 00:00:00.000000145,99.42921,19,21
1970-01-01 00:00:00.000000121,97.29841,20,10
1970-01-01 00:00:00.000000122,97.14176,20,11
1970-01-01 00:00:00.000000123,97.21131,20,12
1970-01-01 00:00:00.000000124,97.39654,20,13
1970-01-01 00:00:00.000000125,97.28583,20,14
1970-01-01 00:00:00.000000126,97.18068,20,15
1970-01-01 00:00:00.000000127,97.198746,20,16
1970-01-01 00:00:00.000000128,97.21124,20,17
1970-01-01 00:00:00.000000129,97.09676,20,18
1970-01-01 00:00:00.000000130,97.015686,20,19
1970-01-01 00:00:00.000000130,95.75279,21,10
1970-01-01 00:00:00.000000131,96.68221,21,11
1970-01-01 00:00:00.000000132,97.43197,21,12
1970-01-01 00:00:00.000000133,97.61019,21,13
1970-01-01 00:00:00.000000134,97.45389,21,14
1970-01-01 00:00:00.000000135,97.35779,21,15
1970-01-01 00:00:00.000000136,96.96109,21,16
1970-01-01 00:00:00.000000137,96.35644,21,17
1970-01-01 00:00:00.000000138,95.941986,21,18
1970-01-01 00:00:00.000000139,95.77853,21,19
1970-01-01 00:00:00.000000140,95.52652,21,20
1970-01-01 00:00:00.000000171,97.45127,22,10
1970-01-01 00:00:00.000000172,97.405365,22,11
1970-01-01 00:00:00.000000173,97.329025,22,12
1970-01-01 00:00:00.000000174,97.146194,22,13
1970-01-01 00:00:00.000000175,96.41845,22,14
1970-01-01 00:00:00.000000176,95.36721,22,15
1970-01-01 00:00:00.000000177,95.111,22,16
1970-01-01 00:00:00.000000178,95.4771,22,17
1970-01-01 00:00:00.000000179,95.54397,22,18
1970-01-01 00:00:00.000000180,95.76536,22,19
1970-01-01 00:00:00.000000181,95.92749,22,20
1970-01-01 00:00:00.000000182,96.033676,22,21
1970-01-01 00:00:00.000000183,96.07973,22,22
1970-01-01 00:00:00.000000184,95.95864,22,23
1970-01-01 00:00:00.000000185,95.476456,22,24
1970-01-01 00:00:00.000000186,95.18385,22,25
1970-01-01 00:00:00.000000187,94.82043,22,26
1970-01-01 00:00:00.000000188,94.371315,22,27
1970-01-01 00:00:00.000000189,93.241425,22,28
1970-01-01 00:00:00.000000130,93.24342,23,10
1970-01-01 00:00:00.000000131,93.22495,23,11
1970-01-01 00:00:00.000000132,93.26675,23,12
1970-01-01 00:00:00.000000133,93.29911,23,13
1970-01-01 00:00:00.000000134,93.33878,23,14
1970-01-01 00:00:00.000000135,93.484764,23,15
1970-01-01 00:00:00.000000136,93.60624,23,16
1970-01-01 00:00:00.000000137,93.68394,23,17
1970-01-01 00:00:00.000000138,93.75703,23,18
1970-01-01 00:00:00.000000139,93.81571,23,19
1970-01-01 00:00:00.000000140,93.99392,23,20
1970-01-01 00:00:00.000000141,94.039154,23,21
1970-01-01 00:00:00.000000095,97.912,25,10
1970-01-01 00:00:00.000000096,98.197845,25,11
1970-01-01 00:00:00.000000097,96.95657,25,12
1970-01-01 00:00:00.000000098,97.02595,25,13
1970-01-01 00:00:00.000000099,94.61301,25,14
1970-01-01 00:00:00.000000231,92.88002,26,10
1970-01-01 00:00:00.000000232,92.96978,26,11
1970-01-01 00:00:00.000000233,93.0469,26,12
1970-01-01 00:00:00.000000234,93.1457,26,13
1970-01-01 00:00:00.000000235,93.24333,26,14
1970-01-01 00:00:00.000000236,93.278336,26,15
1970-01-01 00:00:00.000000237,93.25077,26,16
1970-01-01 00:00:00.000000238,93.251785,26,17
1970-01-01 00:00:00.000000239,93.20062,26,18
1970-01-01 00:00:00.000000240,92.985725,26,19
1970-01-01 00:00:00.000000241,92.89886,26,20
1970-01-01 00:00:00.000000242,92.86181,26,21
1970-01-01 00:00:00.000000243,92.80467,26,22
1970-01-01 00:00:00.000000244,92.75726,26,23
1970-01-01 00:00:00.000000245,92.72446,26,24
1970-01-01 00:00:00.000000246,92.742424,26,25
1970-01-01 00:00:00.000000247,92.768654,26,26
1970-01-01 00:00:00.000000248,92.66625,26,27
1970-01-01 00:00:00.000000249,90.79597,26,28
1970-01-01 00:00:00.000000250,87.87885,26,29
1970-01-01 00:00:00.000000251,86.16235,26,30
1970-01-01 00:00:00.000000252,86.736206,26,31
1970-01-01 00:00:00.000000253,86.43097,26,32
1970-01-01 00:00:00.000000254,88.130486,26,33
1970-01-01 00:00:00.000000255,89.85857,26,34
1970-01-01 00:00:00.000000256,90.072365,26,35
1970-01-01 00:00:00.000000257,90.28902,26,36
1970-01-01 00:00:00.000000258,90.62405,26,37
1970-01-01 00:00:00.000000259,90.79576,26,38
1970-01-01 00:00:00.000000181,90.1169,29,10
1970-01-01 00:00:00.000000182,90.67655,29,11
1970-01-01 00:00:00.000000183,90.88658,29,12
1970-01-01 00:00:00.000000184,91.04353,29,13
1970-01-01 00:00:00.000000185,91.34157,29,14
1970-01-01 00:00:00.000000186,91.828545,29,15
1970-01-01 00:00:00.000000187,91.88635,29,16
1970-01-01 00:00:00.000000188,91.27661,29,17
1970-01-01 00:00:00.000000189,91.598076,29,18
1970-01-01 00:00:00.000000190,92.3453,29,19
1970-01-01 00:00:00.000000191,92.29945,29,20
1970-01-01 00:00:00.000000192,91.59749,29,21
1970-01-01 00:00:00.000000193,91.62729,29,22
1970-01-01 00:00:00.000000194,87.64285,29,23
1970-01-01 00:00:00.000000195,87.89674,29,24
1970-01-01 00:00:00.000000196,88.73952,29,25
1970-01-01 00:00:00.000000197,88.67998,29,26
1970-01-01 00:00:00.000000198,87.42527,29,27
1970-01-01 00:00:00.000000199,88.69053,29,28
1970-01-01 00:00:00.000000200,88.30897,29,29
1970-01-01 00:00:00.000000201,87.238625,29,30
1970-01-01 00:00:00.000000092,88.685005,40,10
1970-01-01 00:00:00.000000093,89.20567,40,11
1970-01-01 00:00:00.000000094,89.89269,40,12
1970-01-01 00:00:00.000000095,90.22054,40,13
1970-01-01 00:00:00.000000096,90.43704,40,14
1970-01-01 00:00:00.000000092,84.681816,42,10
1970-01-01 00:00:00.000000093,84.87726,42,11
1970-01-01 00:00:00.000000094,85.1306,42,12
1970-01-01 00:00:00.000000095,85.80171,42,13
1970-01-01 00:00:00.000000096,87.11986,42,14
1970-01-01 00:00:00.000000156,71.717545,45,10
1970-01-01 00:00:00.000000157,71.63238,45,11
1970-01-01 00:00:00.000000158,71.38777,45,12
1970-01-01 00:00:00.000000159,71.490685,45,13
1970-01-01 00:00:00.000000160,71.33507,45,14
1970-01-01 00:00:00.000000161,71.35499,45,15
1970-01-01 00:00:00.000000162,71.51252,45,16
1970-01-01 00:00:00.000000163,71.90216,45,17
1970-01-01 00:00:00.000000164,71.83062,45,18
1970-01-01 00:00:00.000000165,71.78133,45,19
1970-01-01 00:00:00.000000166,71.69562,45,20
1970-01-01 00:00:00.000000167,71.25612,45,21
1970-01-01 00:00:00.000000168,71.05319,45,22
1970-01-01 00:00:00.000000169,71.42816,45,23
1970-01-01 00:00:00.000000170,71.62053,45,24
1970-01-01 00:00:00.000000171,68.6201,45,25
1970-01-01 00:00:00.000000116,86.73605,46,10
1970-01-01 00:00:00.000000117,87.73234,46,11
1970-01-01 00:00:00.000000118,86.916176,46,12
1970-01-01 00:00:00.000000119,86.72767,46,13
1970-01-01 00:00:00.000000120,86.49468,46,14
1970-01-01 00:00:00.000000121,86.27174,46,15
1970-01-01 00:00:00.000000122,86.18247,46,16
1970-01-01 00:00:00.000000123,86.44715,46,17
1970-01-01 00:00:00.000000124,86.74833,46,18
1970-01-01 00:00:00.000000243,77.297264,53,10
1970-01-01 00:00:00.000000244,79.04256,53,11
1970-01-01 00:00:00.000000245,79.130196,53,12
1970-01-01 00:00:00.000000246,80.41684,53,13
1970-01-01 00:00:00.000000247,80.6071,53,14
1970-01-01 00:00:00.000000248,79.45929,53,15
1970-01-01 00:00:00.000000249,79.8693,53,16
1970-01-01 00:00:00.000000250,80.83713,53,17
1970-01-01 00:00:00.000000251,81.99541,53,18
1970-01-01 00:00:00.000000252,82.48729,53,19
1970-01-01 00:00:00.000000253,81.22608,53,20
1970-01-01 00:00:00.000000254,80.803,53,21
1970-01-01 00:00:00.000000255,79.08177,53,22
1970-01-01 00:00:00.000000256,77.921776,53,23
1970-01-01 00:00:00.000000257,77.448105,53,24
1970-01-01 00:00:00.000000258,77.22461,53,25
1970-01-01 00:00:00.000000259,76.92641,53,26
1970-01-01 00:00:00.000000260,76.68404,53,27
1970-01-01 00:00:00.000000261,76.56503,53,28
1970-01-01 00:00:00.000000262,77.58386,53,29
1970-01-01 00:00:00.000000263,78.45759,53,30
1970-01-01 00:00:00.000000264,79.42596,53,31
1970-01-01 00:00:00.000000265,79.42155,53,32
1970-01-01 00:00:00.000000266,79.46885,53,33
1970-01-01 00:00:00.000000267,79.18087,53,34
1970-01-01 00:00:00.000000268,78.642105,53,35
1970-01-01 00:00:00.000000269,76.80487,53,36
1970-01-01 00:00:00.000000270,75.43822,53,37
1970-01-01 00:00:00.000000271,76.80785,53,38
1970-01-01 00:00:00.000000272,78.79821,53,39
1970-01-01 00:00:00.000000273,80.10731,53,40
1970-01-01 00:00:00.000000274,78.90251,53,41
1970-01-01 00:00:00.000000097,54.779873,54,10
1970-01-01 00:00:00.000000098,54.02636,54,11
1970-01-01 00:00:00.000000099,53.574314,54,12
1970-01-01 00:00:00.000000100,54.252293,54,13
1970-01-01 00:00:00.000000101,54.974556,54,14
1970-01-01 00:00:00.000000102,54.07785,54,15
1970-01-01 00:00:00.000000277,71.1415,60,10
1970-01-01 00:00:00.000000278,70.11166,60,11
1970-01-01 00:00:00.000000279,66.67793,60,12
1970-01-01 00:00:00.000000280,66.34353,60,13
1970-01-01 00:00:00.000000281,66.35014,60,14
1970-01-01 00:00:00.000000282,67.554726,60,15
1970-01-01 00:00:00.000000283,69.086395,60,16
1970-01-01 00:00:00.000000284,70.27358,60,17
1970-01-01 00:00:00.000000285,71.07798,60,18
1970-01-01 00:00:00.000000286,71.64869,60,19
1970-01-01 00:00:00.000000287,72.628334,60,20
1970-01-01 00:00:00.000000288,73.063934,60,21
1970-01-01 00:00:00.000000289,72.70063,60,22
1970-01-01 00:00:00.000000290,72.10806,60,23
1970-01-01 00:00:00.000000291,72.282074,60,24
1970-01-01 00:00:00.000000292,71.706894,60,25
1970-01-01 00:00:00.000000293,71.803474,60,26
1970-01-01 00:00:00.000000294,72.11633,60,27
1970-01-01 00:00:00.000000295,71.14597,60,28
1970-01-01 00:00:00.000000296,70.1521,60,29
1970-01-01 00:00:00.000000297,70.23672,60,30
1970-01-01 00:00:00.000000298,70.535736,60,31
1970-01-01 00:00:00.000000299,70.424446,60,32
1970-01-01 00:00:00.000000300,69.34258,60,33
1970-01-01 00:00:00.000000301,67.767456,60,34
1970-01-01 00:00:00.000000302,67.755424,60,35
1970-01-01 00:00:00.000000303,67.42922,60,36
1970-01-01 00:00:00.000000304,67.69551,60,37
1970-01-01 00:00:00.000000305,66.994545,60,38
1970-01-01 00:00:00.000000306,67.56821,60,39
1970-01-01 00:00:00.000000307,68.79638,60,40
1970-01-01 00:00:00.000000308,71.19117,60,41
1970-01-01 00:00:00.000000309,69.42396,60,42
1970-01-01 00:00:00.000000310,66.41625,60,43
1970-01-01 00:00:00.000000311,64.65299,60,44
1970-01-01 00:00:00.000000312,66.33643,60,45
1970-01-01 00:00:00.000000313,67.895454,60,46
1970-01-01 00:00:00.000000314,66.2097,60,47
1970-01-01 00:00:00.000000102,94.371315,61,10
1970-01-01 00:00:00.000000103,94.4553,61,11
1970-01-01 00:00:00.000000104,94.544205,61,12
1970-01-01 00:00:00.000000105,94.79186,61,13
1970-01-01 00:00:00.000000106,94.9292,61,14
1970-01-01 00:00:00.000000107,95.03949,61,15
1970-01-01 00:00:00.000000108,95.10579,61,16
1970-01-01 00:00:00.000000125,87.90449,62,10
1970-01-01 00:00:00.000000126,88.568245,62,11
1970-01-01 00:00:00.000000127,88.721886,62,12
1970-01-01 00:00:00.000000128,88.49502,62,13
1970-01-01 00:00:00.000000129,88.11138,62,14
1970-01-01 00:00:00.000000130,87.613396,62,15
1970-01-01 00:00:00.000000131,87.269295,62,16
1970-01-01 00:00:00.000000132,87.25877,62,17
1970-01-01 00:00:00.000000133,87.342896,62,18
1970-01-01 00:00:00.000000134,87.336975,62,19
1970-01-01 00:00:00.000000135,87.23115,62,20
1970-01-01 00:00:00.000000292,85.2487,63,10
1970-01-01 00:00:00.000000293,84.06649,63,11
1970-01-01 00:00:00.000000294,83.02897,63,12
1970-01-01 00:00:00.000000295,82.595856,63,13
1970-01-01 00:00:00.000000296,82.01712,63,14
1970-01-01 00:00:00.000000297,81.91231,63,15
1970-01-01 00:00:00.000000298,79.74823,63,16
1970-01-01 00:00:00.000000299,77.34965,63,17
1970-01-01 00:00:00.000000300,76.848564,63,18
1970-01-01 00:00:00.000000301,77.18538,63,19
1970-01-01 00:00:00.000000302,78.66327,63,20
1970-01-01 00:00:00.000000303,79.010376,63,21
1970-01-01 00:00:00.000000304,78.275826,63,22
1970-01-01 00:00:00.000000305,78.62893,63,23
1970-01-01 00:00:00.000000306,79.14397,63,24
1970-01-01 00:00:00.000000307,80.45071,63,25
1970-01-01 00:00:00.000000308,80.47979,63,26
1970-01-01 00:00:00.000000309,80.27675,63,27
1970-01-01 00:00:00.000000310,81.37492,63,28
1970-01-01 00:00:00.000000311,82.60276,63,29
1970-01-01 00:00:00.000000312,83.80159,63,30
1970-01-01 00:00:00.000000313,84.275894,63,31
1970-01-01 00:00:00.000000314,84.87115,63,32
1970-01-01 00:00:00.000000315,85.47536,63,33
1970-01-01 00:00:00.000000316,86.09363,63,34
1970-01-01 00:00:00.000000317,85.88617,63,35
1970-01-01 00:00:00.000000318,85.447815,63,36
1970-01-01 00:00:00.000000319,84.961975,63,37
1970-01-01 00:00:00.000000320,84.59756,63,38
1970-01-01 00:00:00.000000321,84.440384,63,39
1970-01-01 00:00:00.000000322,84.641304,63,40
1970-01-01 00:00:00.000000323,84.754425,63,41
1970-01-01 00:00:00.000000324,84.78571,63,42
1970-01-01 00:00:00.000000325,84.59894,63,43
1970-01-01 00:00:00.000000326,83.79015,63,44
1970-01-01 00:00:00.000000327,83.04885,63,45
1970-01-01 00:00:00.000000328,82.46884,63,46
1970-01-01 00:00:00.000000329,82.88133,63,47
1970-01-01 00:00:00.000000330,83.68649,63,48
1970-01-01 00:00:00.000000331,84.31763,63,49
1970-01-01 00:00:00.000000156,75.959885,64,10
1970-01-01 00:00:00.000000157,75.85044,64,11
1970-01-01 00:00:00.000000158,76.10833,64,12
1970-01-01 00:00:00.000000159,75.806656,64,13
1970-01-01 00:00:00.000000160,76.36035,64,14
1970-01-01 00:00:00.000000161,75.88113,64,15
1970-01-01 00:00:00.000000162,75.92066,64,16
1970-01-01 00:00:00.000000163,75.98444,64,17
1970-01-01 00:00:00.000000164,75.08009,64,18
1970-01-01 00:00:00.000000165,74.04843,64,19
1970-01-01 00:00:00.000000166,74.23315,64,20
1970-01-01 00:00:00.000000167,74.93351,64,21
1970-01-01 00:00:00.000000168,74.99159,64,22
1970-01-01 00:00:00.000000169,76.19762,64,23
1970-01-01 00:00:00.000000170,76.4432,64,24
1970-01-01 00:00:00.000000171,74.430664,64,25
1970-01-01 00:00:00.000000225,71.75212,65,10
1970-01-01 00:00:00.000000226,72.21453,65,11
1970-01-01 00:00:00.000000227,72.12567,65,12
1970-01-01 00:00:00.000000228,72.02311,65,13
1970-01-01 00:00:00.000000229,72.32291,65,14
1970-01-01 00:00:00.000000230,72.83322,65,15
1970-01-01 00:00:00.000000231,73.32171,65,16
1970-01-01 00:00:00.000000232,73.06119,65,17
1970-01-01 00:00:00.000000233,73.00476,65,18
1970-01-01 00:00:00.000000234,73.41737,65,19
1970-01-01 00:00:00.000000235,73.40366,65,20
1970-01-01 00:00:00.000000236,73.27283,65,21
1970-01-01 00:00:00.000000237,73.01895,65,22
1970-01-01 00:00:00.000000238,72.796844,65,23
1970-01-01 00:00:00.000000239,72.88675,65,24
1970-01-01 00:00:00.000000240,73.2058,65,25
1970-01-01 00:00:00.000000241,73.3531,65,26
1970-01-01 00:00:00.000000242,73.53922,65,27
1970-01-01 00:00:00.000000243,74.49932,65,28
1970-01-01 00:00:00.000000244,75.107666,65,29
1970-01-01 00:00:00.000000245,75.933304,65,30
1970-01-01 00:00:00.000000246,75.861916,65,31
1970-01-01 00:00:00.000000247,74.810844,65,32
1970-01-01 00:00:00.000000248,73.710724,65,33
1970-01-01 00:00:00.000000249,74.29225,65,34
1970-01-01 00:00:00.000000250,73.66163,65,35
1970-01-01 00:00:00.000000251,73.2098,65,36
1970-01-01 00:00:00.000000252,71.9718,65,37
1970-01-01 00:00:00.000000083,94.231865,66,10
1970-01-01 00:00:00.000000084,93.499535,66,11
1970-01-01 00:00:00.000000085,93.00282,66,12
1970-01-01 00:00:00.000000124,88.133415,67,10
1970-01-01 00:00:00.000000125,78.98159,67,11
1970-01-01 00:00:00.000000126,84.025826,67,12
1970-01-01 00:00:00.000000127,86.45164,67,13
1970-01-01 00:00:00.000000128,88.47798,67,14
1970-01-01 00:00:00.000000129,89.36484,67,15
1970-01-01 00:00:00.000000130,89.55434,67,16
1970-01-01 00:00:00.000000131,89.73417,67,17
1970-01-01 00:00:00.000000132,89.5866,67,18
1970-01-01 00:00:00.000000133,90.054054,67,19
1970-01-01 00:00:00.000000176,76.190285,69,10
1970-01-01 00:00:00.000000177,76.61973,69,11
1970-01-01 00:00:00.000000178,77.49712,69,12
1970-01-01 00:00:00.000000179,76.58621,69,13
1970-01-01 00:00:00.000000180,75.42119,69,14
1970-01-01 00:00:00.000000181,76.724594,69,15
1970-01-01 00:00:00.000000182,76.7401,69,16
1970-01-01 00:00:00.000000183,77.969246,69,17
1970-01-01 00:00:00.000000184,79.68799,69,18
1970-01-01 00:00:00.000000185,81.25089,69,19
1970-01-01 00:00:00.000000186,81.11879,69,20
1970-01-01 00:00:00.000000187,80.49717,69,21
1970-01-01 00:00:00.000000188,79.75524,69,22
1970-01-01 00:00:00.000000189,78.33229,69,23
1970-01-01 00:00:00.000000190,76.87063,69,24
1970-01-01 00:00:00.000000191,75.36649,69,25
1970-01-01 00:00:00.000000192,75.27653,69,26
1970-01-01 00:00:00.000000193,74.21552,69,27
1970-01-01 00:00:00.000000194,73.54451,69,28
1970-01-01 00:00:00.000000195,71.05841,69,29
1970-01-01 00:00:00.000000226,94.74077,70,10
1970-01-01 00:00:00.000000227,94.85496,70,11
1970-01-01 00:00:00.000000228,94.76647,70,12
1970-01-01 00:00:00.000000229,94.762764,70,13
1970-01-01 00:00:00.000000230,94.76456,70,14
1970-01-01 00:00:00.000000231,94.77955,70,15
1970-01-01 00:00:00.000000232,94.73333,70,16
1970-01-01 00:00:00.000000233,94.66699,70,17
1970-01-01 00:00:00.000000234,94.59022,70,18
1970-01-01 00:00:00.000000235,94.68342,70,19
1970-01-01 00:00:00.000000236,94.92138,70,20
1970-01-01 00:00:00.000000237,94.94037,70,21
1970-01-01 00:00:00.000000238,94.83839,70,22
1970-01-01 00:00:00.000000239,94.68287,70,23
1970-01-01 00:00:00.000000240,94.66963,70,24
1970-01-01 00:00:00.000000241,94.656555,70,25
1970-01-01 00:00:00.000000242,94.623474,70,26
1970-01-01 00:00:00.000000243,94.515594,70,27
1970-01-01 00:00:00.000000244,94.31125,70,28
1970-01-01 00:00:00.000000245,94.2408,70,29
1970-01-01 00:00:00.000000246,94.22358,70,30
1970-01-01 00:00:00.000000247,94.21202,70,31
1970-01-01 00:00:00.000000248,94.1699,70,32
1970-01-01 00:00:00.000000249,94.15855,70,33
1970-01-01 00:00:00.000000250,94.22788,70,34
1970-01-01 00:00:00.000000251,94.37873,70,35
1970-01-01 00:00:00.000000252,94.30482,70,36
1970-01-01 00:00:00.000000253,94.19453,70,37
1970-01-01 00:00:00.000000254,93.62962,70,38
1970-01-01 00:00:00.000000226,90.201004,71,10
1970-01-01 00:00:00.000000227,90.18372,71,11
1970-01-01 00:00:00.000000228,90.048676,71,12
1970-01-01 00:00:00.000000229,89.94143,71,13
1970-01-01 00:00:00.000000230,89.39975,71,14
1970-01-01 00:00:00.000000231,88.86467,71,15
1970-01-01 00:00:00.000000232,87.83397,71,16
1970-01-01 00:00:00.000000233,85.1996,71,17
1970-01-01 00:00:00.000000234,84.333916,71,18
1970-01-01 00:00:00.000000235,85.01203,71,19
1970-01-01 00:00:00.000000236,87.294846,71,20
1970-01-01 00:00:00.000000237,88.71828,71,21
1970-01-01 00:00:00.000000238,89.453964,71,22
1970-01-01 00:00:00.000000239,90.02487,71,23
1970-01-01 00:00:00.000000240,90.70743,71,24
1970-01-01 00:00:00.000000241,91.78435,71,25
1970-01-01 00:00:00.000000242,92.65213,71,26
1970-01-01 00:00:00.000000243,93.133156,71,27
1970-01-01 00:00:00.000000244,93.47881,71,28
1970-01-01 00:00:00.000000245,93.79542,71,29
1970-01-01 00:00:00.000000246,94.012184,71,30
1970-01-01 00:00:00.000000247,94.26296,71,31
1970-01-01 00:00:00.000000248,94.61756,71,32
1970-01-01 00:00:00.000000249,95.09902,71,33
1970-01-01 00:00:00.000000250,95.54594,71,34
1970-01-01 00:00:00.000000251,95.87328,71,35
1970-01-01 00:00:00.000000252,96.14462,71,36
1970-01-01 00:00:00.000000253,96.40583,71,37
1970-01-01 00:00:00.000000320,92.413185,72,10
1970-01-01 00:00:00.000000321,92.56916,72,11
1970-01-01 00:00:00.000000322,92.72802,72,12
1970-01-01 00:00:00.000000323,92.82806,72,13
1970-01-01 00:00:00.000000324,93.16331,72,14
1970-01-01 00:00:00.000000325,93.63725,72,15
1970-01-01 00:00:00.000000326,93.79851,72,16
1970-01-01 00:00:00.000000327,93.622536,72,17
1970-01-01 00:00:00.000000328,93.43148,72,18
1970-01-01 00:00:00.000000329,93.34605,72,19
1970-01-01 00:00:00.000000330,93.08425,72,20
1970-01-01 00:00:00.000000331,92.93154,72,21
1970-01-01 00:00:00.000000332,92.85623,72,22
1970-01-01 00:00:00.000000333,92.80106,72,23
1970-01-01 00:00:00.000000334,92.780556,72,24
1970-01-01 00:00:00.000000335,92.758804,72,25
1970-01-01 00:00:00.000000336,93.03565,72,26
1970-01-01 00:00:00.000000337,91.51812,72,27
1970-01-01 00:00:00.000000338,91.048615,72,28
1970-01-01 00:00:00.000000339,92.387764,72,29
1970-01-01 00:00:00.000000340,93.05096,72,30
1970-01-01 00:00:00.000000341,93.42781,72,31
1970-01-01 00:00:00.000000342,93.65962,72,32
1970-01-01 00:00:00.000000343,93.81823,72,33
1970-01-01 00:00:00.000000344,93.8227,72,34
1970-01-01 00:00:00.000000345,93.498924,72,35
1970-01-01 00:00:00.000000346,89.956924,72,36
1970-01-01 00:00:00.000000347,86.79002,72,37
1970-01-01 00:00:00.000000348,89.27621,72,38
1970-01-01 00:00:00.000000349,90.949875,72,39
1970-01-01 00:00:00.000000350,91.62088,72,40
1970-01-01 00:00:00.000000351,91.7206,72,41
1970-01-01 00:00:00.000000352,91.9602,72,42
1970-01-01 00:00:00.000000353,90.47935,72,43
1970-01-01 00:00:00.000000354,90.08178,72,44
1970-01-01 00:00:00.000000355,90.54539,72,45
1970-01-01 00:00:00.000000356,85.69648,72,46
1970-01-01 00:00:00.000000357,81.20211,72,47
1970-01-01 00:00:00.000000358,80.2223,72,48
1970-01-01 00:00:00.000000359,75.32926,72,49
1970-01-01 00:00:00.000000360,68.537,72,50
1970-01-01 00:00:00.000000361,71.605865,72,51
1970-01-01 00:00:00.000000362,75.39102,72,52
1970-01-01 00:00:00.000000363,77.13323,72,53
1970-01-01 00:00:00.000000364,76.4854,72,54
1970-01-01 00:00:00.000000219,85.98139,73,10
1970-01-01 00:00:00.000000220,86.41317,73,11
1970-01-01 00:00:00.000000221,87.43651,73,12
1970-01-01 00:00:00.000000222,87.17493,73,13
1970-01-01 00:00:00.000000223,86.69167,73,14
1970-01-01 00:00:00.000000224,85.52436,73,15
1970-01-01 00:00:00.000000225,86.21808,73,16
1970-01-01 00:00:00.000000226,87.26576,73,17
1970-01-01 00:00:00.000000227,84.90031,73,18
1970-01-01 00:00:00.000000228,86.532555,73,19
1970-01-01 00:00:00.000000229,86.35542,73,20
1970-01-01 00:00:00.000000230,86.94214,73,21
1970-01-01 00:00:00.000000231,84.57566,73,22
1970-01-01 00:00:00.000000232,85.18114,73,23
1970-01-01 00:00:00.000000233,85.02605,73,24
1970-01-01 00:00:00.000000234,83.846794,73,25
1970-01-01 00:00:00.000000235,83.20158,73,26
1970-01-01 00:00:00.000000236,82.38201,73,27
1970-01-01 00:00:00.000000237,81.84217,73,28
1970-01-01 00:00:00.000000238,82.26468,73,29
1970-01-01 00:00:00.000000239,82.5433,73,30
1970-01-01 00:00:00.000000240,81.297134,73,31
1970-01-01 00:00:00.000000241,82.11592,73,32
1970-01-01 00:00:00.000000242,82.64419,73,33
1970-01-01 00:00:00.000000243,81.324005,73,34
1970-01-01 00:00:00.000000244,82.422646,73,35
1970-01-01 00:00:00.000000245,83.38602,73,36
1970-01-01 00:00:00.000000116,87.60622,74,10
1970-01-01 00:00:00.000000117,86.98126,74,11
1970-01-01 00:00:00.000000118,87.264824,74,12
1970-01-01 00:00:00.000000119,87.26384,74,13
1970-01-01 00:00:00.000000120,86.784096,74,14
1970-01-01 00:00:00.000000121,86.98209,74,15
1970-01-01 00:00:00.000000122,87.382805,74,16
1970-01-01 00:00:00.000000123,87.234604,74,17
1970-01-01 00:00:00.000000124,87.53566,74,18
1970-01-01 00:00:00.000000129,81.189384,76,10
1970-01-01 00:00:00.000000130,81.37073,76,11
1970-01-01 00:00:00.000000131,81.485344,76,12
1970-01-01 00:00:00.000000132,81.5397,76,13
1970-01-01 00:00:00.000000133,81.63342,76,14
1970-01-01 00:00:00.000000134,81.62555,76,15
1970-01-01 00:00:00.000000135,81.79129,76,16
1970-01-01 00:00:00.000000136,81.83081,76,17
1970-01-01 00:00:00.000000137,81.98378,76,18
1970-01-01 00:00:00.000000138,82.05779,76,19
1970-01-01 00:00:00.000000139,82.06851,76,20
1970-01-01 00:00:00.000000151,76.29755,77,10
1970-01-01 00:00:00.000000152,76.1771,77,11
1970-01-01 00:00:00.000000153,76.17541,77,12
1970-01-01 00:00:00.000000154,76.06734,77,13
1970-01-01 00:00:00.000000155,75.78395,77,14
1970-01-01 00:00:00.000000156,75.711975,77,15
1970-01-01 00:00:00.000000157,75.90625,77,16
1970-01-01 00:00:00.000000158,75.625565,77,17
1970-01-01 00:00:00.000000159,75.6543,77,18
1970-01-01 00:00:00.000000160,75.68944,77,19
1970-01-01 00:00:00.000000161,75.64583,77,20
1970-01-01 00:00:00.000000162,75.6408,77,21
1970-01-01 00:00:00.000000163,75.81121,77,22
1970-01-01 00:00:00.000000164,76.24172,77,23
1970-01-01 00:00:00.000000165,76.28032,77,24
1970-01-01 00:00:00.000000098,88.446205,78,10
1970-01-01 00:00:00.000000099,93.843765,78,11
1970-01-01 00:00:00.000000100,95.243744,78,12
1970-01-01 00:00:00.000000101,95.97443,78,13
1970-01-01 00:00:00.000000102,98.072205,78,14
1970-01-01 00:00:00.000000103,98.924065,78,15
1970-01-01 00:00:00.000000275,82.628525,79,10
1970-01-01 00:00:00.000000276,82.938805,79,11
1970-01-01 00:00:00.000000277,83.65881,79,12
1970-01-01 00:00:00.000000278,83.52384,79,13
1970-01-01 00:00:00.000000279,82.677605,79,14
1970-01-01 00:00:00.000000280,82.50107,79,15
1970-01-01 00:00:00.000000281,82.185074,79,16
1970-01-01 00:00:00.000000282,82.04692,79,17
1970-01-01 00:00:00.000000283,82.325966,79,18
1970-01-01 00:00:00.000000284,82.19048,79,19
1970-01-01 00:00:00.000000285,82.1694,79,20
1970-01-01 00:00:00.000000286,82.077385,79,21
1970-01-01 00:00:00.000000287,82.22397,79,22
1970-01-01 00:00:00.000000288,82.11219,79,23
1970-01-01 00:00:00.000000289,81.735085,79,24
1970-01-01 00:00:00.000000290,81.849304,79,25
1970-01-01 00:00:00.000000291,81.95125,79,26
1970-01-01 00:00:00.000000292,82.054214,79,27
1970-01-01 00:00:00.000000293,82.083305,79,28
1970-01-01 00:00:00.000000294,81.84278,79,29
1970-01-01 00:00:00.000000295,81.010445,79,30
1970-01-01 00:00:00.000000296,80.79425,79,31
1970-01-01 00:00:00.000000297,80.226715,79,32
1970-01-01 00:00:00.000000298,80.11897,79,33
1970-01-01 00:00:00.000000299,80.30564,79,34
1970-01-01 00:00:00.000000300,80.55384,79,35
1970-01-01 00:00:00.000000301,80.8799,79,36
1970-01-01 00:00:00.000000302,80.32436,79,37
1970-01-01 00:00:00.000000303,81.08081,79,38
1970-01-01 00:00:00.000000304,81.22091,79,39
1970-01-01 00:00:00.000000305,81.34215,79,40
1970-01-01 00:00:00.000000306,81.854256,79,41
1970-01-01 00:00:00.000000307,82.538315,79,42
1970-01-01 00:00:00.000000308,82.614784,79,43
1970-01-01 00:00:00.000000309,82.24348,79,44
1970-01-01 00:00:00.000000310,81.96705,79,45
1970-01-01 00:00:00.000000311,81.81497,79,46
1970-01-01 00:00:00.000000148,87.93664,80,10
1970-01-01 00:00:00.000000149,88.48569,80,11
1970-01-01 00:00:00.000000150,88.57721,80,12
1970-01-01 00:00:00.000000151,88.33611,80,13
1970-01-01 00:00:00.000000152,87.80979,80,14
1970-01-01 00:00:00.000000153,87.22536,80,15
1970-01-01 00:00:00.000000154,86.79673,80,16
1970-01-01 00:00:00.000000155,86.066605,80,17
1970-01-01 00:00:00.000000156,84.1557,80,18
1970-01-01 00:00:00.000000157,90.1469,80,19
1970-01-01 00:00:00.000000158,95.603355,80,20
1970-01-01 00:00:00.000000159,96.18959,80,21
1970-01-01 00:00:00.000000160,95.74464,80,22
1970-01-01 00:00:00.000000161,97.258545,80,23
1970-01-01 00:00:00.000000162,98.74587,80,24
1970-01-01 00:00:00.000000125,88.83798,81,10
1970-01-01 00:00:00.000000126,86.5064,81,11
1970-01-01 00:00:00.000000127,87.69338,81,12
1970-01-01 00:00:00.000000128,88.181206,81,13
1970-01-01 00:00:00.000000129,88.347275,81,14
1970-01-01 00:00:00.000000130,88.35502,81,15
1970-01-01 00:00:00.000000131,88.778694,81,16
1970-01-01 00:00:00.000000132,89.0938,81,17
1970-01-01 00:00:00.000000133,90.01785,81,18
1970-01-01 00:00:00.000000134,87.78279,81,19
1970-01-01 00:00:00.000000135,86.81239,81,20
1970-01-01 00:00:00.000000318,79.51189,83,10
1970-01-01 00:00:00.000000319,79.52248,83,11
1970-01-01 00:00:00.000000320,79.6181,83,12
1970-01-01 00:00:00.000000321,79.773834,83,13
1970-01-01 00:00:00.000000322,79.863495,83,14
1970-01-01 00:00:00.000000323,79.989716,83,15
1970-01-01 00:00:00.000000324,80.21841,83,16
1970-01-01 00:00:00.000000325,80.484505,83,17
1970-01-01 00:00:00.000000326,80.46244,83,18
1970-01-01 00:00:00.000000327,80.312416,83,19
1970-01-01 00:00:00.000000328,80.24169,83,20
1970-01-01 00:00:00.000000329,80.027824,83,21
1970-01-01 00:00:00.000000330,79.719345,83,22
1970-01-01 00:00:00.000000331,79.89428,83,23
1970-01-01 00:00:00.000000332,79.955086,83,24
1970-01-01 00:00:00.000000333,79.92332,83,25
1970-01-01 00:00:00.000000334,79.72064,83,26
1970-01-01 00:00:00.000000335,79.311325,83,27
1970-01-01 00:00:00.000000336,79.49657,83,28
1970-01-01 00:00:00.000000337,79.487946,83,29
1970-01-01 00:00:00.000000338,79.33424,83,30
1970-01-01 00:00:00.000000339,79.40277,83,31
1970-01-01 00:00:00.000000340,79.50451,83,32
1970-01-01 00:00:00.000000341,79.72915,83,33
1970-01-01 00:00:00.000000342,79.94194,83,34
1970-01-01 00:00:00.000000343,80.193245,83,35
1970-01-01 00:00:00.000000344,80.25776,83,36
1970-01-01 00:00:00.000000345,80.414955,83,37
1970-01-01 00:00:00.000000346,80.5379,83,38
1970-01-01 00:00:00.000000347,80.53474,83,39
1970-01-01 00:00:00.000000348,80.73126,83,40
1970-01-01 00:00:00.000000349,80.780426,83,41
1970-01-01 00:00:00.000000350,80.9145,83,42
1970-01-01 00:00:00.000000351,81.08649,83,43
1970-01-01 00:00:00.000000352,81.21788,83,44
1970-01-01 00:00:00.000000353,81.14169,83,45
1970-01-01 00:00:00.000000354,81.313614,83,46
1970-01-01 00:00:00.000000355,81.3558,83,47
1970-01-01 00:00:00.000000356,81.38527,83,48
1970-01-01 00:00:00.000000357,81.23291,83,49
1970-01-01 00:00:00.000000358,81.0094,83,50
1970-01-01 00:00:00.000000359,80.62917,83,51
1970-01-01 00:00:00.000000360,80.85583,83,52
1970-01-01 00:00:00.000000361,81.16088,83,53
1970-01-01 00:00:00.000000362,81.04671,83,54
1970-01-01 00:00:00.000000110,93.088745,84,10
1970-01-01 00:00:00.000000111,93.15103,84,11
1970-01-01 00:00:00.000000112,93.16981,84,12
1970-01-01 00:00:00.000000113,93.23404,84,13
1970-01-01 00:00:00.000000114,93.48445,84,14
1970-01-01 00:00:00.000000115,93.61175,84,15
1970-01-01 00:00:00.000000116,93.61851,84,16
1970-01-01 00:00:00.000000117,93.64915,84,17
1970-01-01 00:00:00.000000118,85.51563,85,10
1970-01-01 00:00:00.000000119,84.92761,85,11
1970-01-01 00:00:00.000000120,85.25052,85,12
1970-01-01 00:00:00.000000121,86.12002,85,13
1970-01-01 00:00:00.000000122,86.66217,85,14
1970-01-01 00:00:00.000000123,87.0737,85,15
1970-01-01 00:00:00.000000124,87.52958,85,16
1970-01-01 00:00:00.000000125,87.93581,85,17
1970-01-01 00:00:00.000000126,88.129166,85,18
1970-01-01 00:00:00.000000215,93.688705,86,10
1970-01-01 00:00:00.000000216,93.97135,86,11
1970-01-01 00:00:00.000000217,93.96935,86,12
1970-01-01 00:00:00.000000218,93.59265,86,13
1970-01-01 00:00:00.000000219,92.862076,86,14
1970-01-01 00:00:00.000000220,92.31175,86,15
1970-01-01 00:00:00.000000221,91.909256,86,16
1970-01-01 00:00:00.000000222,91.54122,86,17
1970-01-01 00:00:00.000000223,91.740524,86,18
1970-01-01 00:00:00.000000224,92.19285,86,19
1970-01-01 00:00:00.000000225,92.693436,86,20
1970-01-01 00:00:00.000000226,92.81219,86,21
1970-01-01 00:00:00.000000227,93.044685,86,22
1970-01-01 00:00:00.000000228,92.73493,86,23
1970-01-01 00:00:00.000000229,92.19584,86,24
1970-01-01 00:00:00.000000230,91.75229,86,25
1970-01-01 00:00:00.000000231,90.65153,86,26
1970-01-01 00:00:00.000000232,89.34762,86,27
1970-01-01 00:00:00.000000233,90.60949,86,28
1970-01-01 00:00:00.000000234,91.099266,86,29
1970-01-01 00:00:00.000000235,91.797295,86,30
1970-01-01 00:00:00.000000236,92.15571,86,31
1970-01-01 00:00:00.000000237,92.59219,86,32
1970-01-01 00:00:00.000000238,92.91305,86,33
1970-01-01 00:00:00.000000239,92.98229,86,34
1970-01-01 00:00:00.000000240,90.46258,86,35
1970-01-01 00:00:00.000000385,95.41894,87,10
1970-01-01 00:00:00.000000386,95.553116,87,11
1970-01-01 00:00:00.000000387,95.66498,87,12
1970-01-01 00:00:00.000000388,95.68485,87,13
1970-01-01 00:00:00.000000389,95.53172,87,14
1970-01-01 00:00:00.000000390,95.3845,87,15
1970-01-01 00:00:00.000000391,95.06544,87,16
1970-01-01 00:00:00.000000392,94.881584,87,17
1970-01-01 00:00:00.000000393,95.06523,87,18
1970-01-01 00:00:00.000000394,95.27383,87,19
1970-01-01 00:00:00.000000395,95.02863,87,20
1970-01-01 00:00:00.000000396,94.88786,87,21
1970-01-01 00:00:00.000000397,94.66442,87,22
1970-01-01 00:00:00.000000398,94.18925,87,23
1970-01-01 00:00:00.000000399,93.78771,87,24
1970-01-01 00:00:00.000000400,93.12766,87,25
1970-01-01 00:00:00.000000401,88.83503,87,26
1970-01-01 00:00:00.000000402,90.63449,87,27
1970-01-01 00:00:00.000000403,92.039955,87,28
1970-01-01 00:00:00.000000404,92.37094,87,29
1970-01-01 00:00:00.000000405,92.13335,87,30
1970-01-01 00:00:00.000000406,92.30528,87,31
1970-01-01 00:00:00.000000407,92.75175,87,32
1970-01-01 00:00:00.000000408,92.86792,87,33
1970-01-01 00:00:00.000000409,93.03455,87,34
1970-01-01 00:00:00.000000410,93.48227,87,35
1970-01-01 00:00:00.000000411,94.02876,87,36
1970-01-01 00:00:00.000000412,94.44139,87,37
1970-01-01 00:00:00.000000413,94.641975,87,38
1970-01-01 00:00:00.000000414,94.34963,87,39
1970-01-01 00:00:00.000000415,93.096344,87,40
1970-01-01 00:00:00.000000416,92.4342,87,41
1970-01-01 00:00:00.000000417,92.4152,87,42
1970-01-01 00:00:00.000000418,92.06485,87,43
1970-01-01 00:00:00.000000419,91.7165,87,44
1970-01-01 00:00:00.000000420,91.72963,87,45
1970-01-01 00:00:00.000000421,91.89573,87,46
1970-01-01 00:00:00.000000422,91.622345,87,47
1970-01-01 00:00:00.000000423,91.284004,87,48
1970-01-01 00:00:00.000000424,92.33551,87,49
1970-01-01 00:00:00.000000425,94.79321,87,50
1970-01-01 00:00:00.000000426,95.93837,87,51
1970-01-01 00:00:00.000000427,94.99783,87,52
1970-01-01 00:00:00.000000428,93.32081,87,53
1970-01-01 00:00:00.000000429,91.07752,87,54
1970-01-01 00:00:00.000000430,90.46928,87,55
1970-01-01 00:00:00.000000431,91.7263,87,56
1970-01-01 00:00:00.000000432,93.36619,87,57
1970-01-01 00:00:00.000000433,94.061386,87,58
1970-01-01 00:00:00.000000434,93.388054,87,59
1970-01-01 00:00:00.000000435,79.37544,87,60
1970-01-01 00:00:00.000000436,72.09544,87,61
1970-01-01 00:00:00.000000437,77.21643,87,62
1970-01-01 00:00:00.000000438,83.888725,87,63
1970-01-01 00:00:00.000000439,89.49307,87,64
1970-01-01 00:00:00.000000440,90.70031,87,65
1970-01-01 00:00:00.000000441,91.681496,87,66
1970-01-01 00:00:00.000000355,81.253136,88,10
1970-01-01 00:00:00.000000356,81.254005,88,11
1970-01-01 00:00:00.000000357,81.288635,88,12
1970-01-01 00:00:00.000000358,81.3041,88,13
1970-01-01 00:00:00.000000359,81.47137,88,14
1970-01-01 00:00:00.000000360,81.5337,88,15
1970-01-01 00:00:00.000000361,81.38033,88,16
1970-01-01 00:00:00.000000362,81.36782,88,17
1970-01-01 00:00:00.000000363,81.22453,88,18
1970-01-01 00:00:00.000000364,81.13414,88,19
1970-01-01 00:00:00.000000365,81.171814,88,20
1970-01-01 00:00:00.000000366,81.25228,88,21
1970-01-01 00:00:00.000000367,81.38528,88,22
1970-01-01 00:00:00.000000368,81.34413,88,23
1970-01-01 00:00:00.000000369,81.437805,88,24
1970-01-01 00:00:00.000000370,81.31893,88,25
1970-01-01 00:00:00.000000371,81.4408,88,26
1970-01-01 00:00:00.000000372,81.480576,88,27
1970-01-01 00:00:00.000000373,81.51983,88,28
1970-01-01 00:00:00.000000374,81.4802,88,29
1970-01-01 00:00:00.000000375,81.5789,88,30
1970-01-01 00:00:00.000000376,81.52885,88,31
1970-01-01 00:00:00.000000377,81.43768,88,32
1970-01-01 00:00:00.000000378,81.4196,88,33
1970-01-01 00:00:00.000000379,81.246185,88,34
1970-01-01 00:00:00.000000380,81.05,88,35
1970-01-01 00:00:00.000000381,81.04925,88,36
1970-01-01 00:00:00.000000382,80.990974,88,37
1970-01-01 00:00:00.000000383,81.01978,88,38
1970-01-01 00:00:00.000000384,81.0104,88,39
1970-01-01 00:00:00.000000385,80.74896,88,40
1970-01-01 00:00:00.000000386,81.08344,88,41
1970-01-01 00:00:00.000000387,81.31157,88,42
1970-01-01 00:00:00.000000388,81.5218,88,43
1970-01-01 00:00:00.000000389,81.858185,88,44
1970-01-01 00:00:00.000000390,82.183716,88,45
1970-01-01 00:00:00.000000391,82.639404,88,46
1970-01-01 00:00:00.000000392,82.570984,88,47
1970-01-01 00:00:00.000000393,82.993,88,48
1970-01-01 00:00:00.000000394,83.49639,88,49
1970-01-01 00:00:00.000000395,83.761566,88,50
1970-01-01 00:00:00.000000396,83.96915,88,51
1970-01-01 00:00:00.000000397,84.147865,88,52
1970-01-01 00:00:00.000000398,84.43052,88,53
1970-01-01 00:00:00.000000399,84.84772,88,54
1970-01-01 00:00:00.000000400,85.25287,88,55
1970-01-01 00:00:00.000000401,85.54565,88,56
1970-01-01 00:00:00.000000402,85.53272,88,57
1970-01-01 00:00:00.000000403,85.48275,88,58
1970-01-01 00:00:00.000000404,85.36696,88,59
1970-01-01 00:00:00.000000405,85.203964,88,60
1970-01-01 00:00:00.000000093,94.76662,89,10
1970-01-01 00:00:00.000000094,96.120766,89,11
1970-01-01 00:00:00.000000095,96.23197,89,12
1970-01-01 00:00:00.000000096,98.52961,89,13
1970-01-01 00:00:00.000000097,99.2603,89,14
1970-01-01 00:00:00.000000101,71.89681,92,10
1970-01-01 00:00:00.000000102,72.39391,92,11
1970-01-01 00:00:00.000000103,72.61251,92,12
1970-01-01 00:00:00.000000104,72.56731,92,13
1970-01-01 00:00:00.000000105,72.76469,92,14
1970-01-01 00:00:00.000000106,72.99131,92,15
1970-01-01 00:00:00.000000166,85.27537,93,10
1970-01-01 00:00:00.000000167,84.88984,93,11
1970-01-01 00:00:00.000000168,84.79617,93,12
1970-01-01 00:00:00.000000169,84.9644,93,13
1970-01-01 00:00:00.000000170,85.13708,93,14
1970-01-01 00:00:00.000000171,85.96334,93,15
1970-01-01 00:00:00.000000172,87.229355,93,16
1970-01-01 00:00:00.000000173,88.6865,93,17
1970-01-01 00:00:00.000000174,89.1979,93,18
1970-01-01 00:00:00.000000175,88.985214,93,19
1970-01-01 00:00:00.000000176,87.68362,93,20
1970-01-01 00:00:00.000000177,81.44668,93,21
1970-01-01 00:00:00.000000178,92.257286,93,22
1970-01-01 00:00:00.000000179,94.93772,93,23
1970-01-01 00:00:00.000000180,95.91078,93,24
1970-01-01 00:00:00.000000181,96.76589,93,25
1970-01-01 00:00:00.000000182,98.69119,93,26
1970-01-01 00:00:00.000000183,99.36184,93,27
1970-01-01 00:00:00.000000114,77.64516,95,10
1970-01-01 00:00:00.000000115,77.09631,95,11
1970-01-01 00:00:00.000000116,77.56826,95,12
1970-01-01 00:00:00.000000117,78.61747,95,13
1970-01-01 00:00:00.000000118,78.17997,95,14
1970-01-01 00:00:00.000000119,78.00978,95,15
1970-01-01 00:00:00.000000120,77.5971,95,16
1970-01-01 00:00:00.000000121,77.11883,95,17
1970-01-01 00:00:00.000000122,76.424706,95,18
1970-01-01 00:00:00.000000183,75.09017,96,10
1970-01-01 00:00:00.000000184,74.49976,96,11
1970-01-01 00:00:00.000000185,75.26909,96,12
1970-01-01 00:00:00.000000186,75.255974,96,13
1970-01-01 00:00:00.000000187,75.15703,96,14
1970-01-01 00:00:00.000000188,75.3209,96,15
1970-01-01 00:00:00.000000189,75.1956,96,16
1970-01-01 00:00:00.000000190,75.56169,96,17
1970-01-01 00:00:00.000000191,75.4744,96,18
1970-01-01 00:00:00.000000192,75.23487,96,19
1970-01-01 00:00:00.000000193,75.859085,96,20
1970-01-01 00:00:00.000000194,75.67117,96,21
1970-01-01 00:00:00.000000195,74.99248,96,22
1970-01-01 00:00:00.000000196,74.04732,96,23
1970-01-01 00:00:00.000000197,72.83818,96,24
1970-01-01 00:00:00.000000198,72.57986,96,25
1970-01-01 00:00:00.000000199,73.53268,96,26
1970-01-01 00:00:00.000000200,74.15357,96,27
1970-01-01 00:00:00.000000201,74.153725,96,28
1970-01-01 00:00:00.000000202,73.74999,96,29
1970-01-01 00:00:00.000000203,72.83514,96,30
1970-01-01 00:00:00.000000079,96.606094,98,10
1970-01-01 00:00:00.000000080,97.75884,98,11
1970-01-01 00:00:00.000000081,98.55521,98,12
1970-01-01 00:00:00.000000096,91.80304,99,10
1970-01-01 00:00:00.000000097,95.09219,99,11
1970-01-01 00:00:00.000000098,96.23615,99,12
1970-01-01 00:00:00.000000099,96.93769,99,13
1970-01-01 00:00:00.000000100,98.80716,99,14
1970-01-01 00:00:00.000000101,99.43678,99,15
1970-01-01 00:00:00.000000340,84.9266,100,10
1970-01-01 00:00:00.000000341,83.72997,100,11
1970-01-01 00:00:00.000000342,82.82301,100,12
1970-01-01 00:00:00.000000343,82.31475,100,13
1970-01-01 00:00:00.000000344,81.615166,100,14
1970-01-01 00:00:00.000000345,81.13708,100,15
1970-01-01 00:00:00.000000346,80.78025,100,16
1970-01-01 00:00:00.000000347,79.82712,100,17
1970-01-01 00:00:00.000000348,78.53749,100,18
1970-01-01 00:00:00.000000349,77.0455,100,19
1970-01-01 00:00:00.000000350,76.70034,100,20
1970-01-01 00:00:00.000000351,76.58577,100,21
1970-01-01 00:00:00.000000352,76.07966,100,22
1970-01-01 00:00:00.000000353,75.47608,100,23
1970-01-01 00:00:00.000000354,74.84394,100,24
1970-01-01 00:00:00.000000355,74.47774,100,25
1970-01-01 00:00:00.000000356,73.98367,100,26
1970-01-01 00:00:00.000000357,74.902405,100,27
1970-01-01 00:00:00.000000358,73.96729,100,28
1970-01-01 00:00:00.000000359,73.39152,100,29
1970-01-01 00:00:00.000000360,72.540726,100,30
1970-01-01 00:00:00.000000361,72.09084,100,31
1970-01-01 00:00:00.000000362,71.97508,100,32
1970-01-01 00:00:00.000000363,72.22451,100,33
1970-01-01 00:00:00.000000364,72.61466,100,34
1970-01-01 00:00:00.000000365,72.892624,100,35
1970-01-01 00:00:00.000000366,72.72889,100,36
1970-01-01 00:00:00.000000367,72.41438,100,37
1970-01-01 00:00:00.000000368,72.091034,100,38
1970-01-01 00:00:00.000000369,71.83199,100,39
1970-01-01 00:00:00.000000370,71.95714,100,40
1970-01-01 00:00:00.000000371,71.995476,100,41
1970-01-01 00:00:00.000000372,71.66873,100,42
1970-01-01 00:00:00.000000373,71.7025,100,43
1970-01-01 00:00:00.000000374,72.31883,100,44
1970-01-01 00:00:00.000000375,71.92909,100,45
1970-01-01 00:00:00.000000376,71.306885,100,46
1970-01-01 00:00:00.000000377,70.73062,100,47
1970-01-01 00:00:00.000000378,69.9102,100,48
1970-01-01 00:00:00.000000379,68.91,100,49
1970-01-01 00:00:00.000000380,67.20041,100,50
1970-01-01 00:00:00.000000381,66.82518,100,51
1970-01-01 00:00:00.000000382,67.31026,100,52
1970-01-01 00:00:00.000000383,86.47631,100,53
1970-01-01 00:00:00.000000384,93.16047,100,54
1970-01-01 00:00:00.000000385,95.52477,100,55
1970-01-01 00:00:00.000000386,96.07215,100,56
1970-01-01 00:00:00.000000387,98.783775,100,57
1970-01-01 00:00:00.000000388,99.34104,100,58
1970-01-01 00:00:00.000000142,82.430534,101,10
1970-01-01 00:00:00.000000143,83.31183,101,11
1970-01-01 00:00:00.000000144,84.18824,101,12
1970-01-01 00:00:00.000000145,85.15422,101,13
1970-01-01 00:00:00.000000146,85.9453,101,14
1970-01-01 00:00:00.000000147,86.86149,101,15
1970-01-01 00:00:00.000000148,87.61998,101,16
1970-01-01 00:00:00.000000149,88.237915,101,17
1970-01-01 00:00:00.000000150,89.148506,101,18
1970-01-01 00:00:00.000000151,89.656105,101,19
1970-01-01 00:00:00.000000152,89.89981,101,20
1970-01-01 00:00:00.000000153,90.08696,101,21
1970-01-01 00:00:00.000000154,90.45142,101,22
1970-01-01 00:00:00.000000155,90.50542,101,23
1970-01-01 00:00:00.000000187,79.21578,103,10
1970-01-01 00:00:00.000000188,79.54633,103,11
1970-01-01 00:00:00.000000189,79.581604,103,12
1970-01-01 00:00:00.000000190,79.740555,103,13
1970-01-01 00:00:00.000000191,79.99707,103,14
1970-01-01 00:00:00.000000192,80.174805,103,15
1970-01-01 00:00:00.000000193,80.269,103,16
1970-01-01 00:00:00.000000194,80.93157,103,17
1970-01-01 00:00:00.000000195,80.98775,103,18
1970-01-01 00:00:00.000000196,81.172844,103,19
1970-01-01 00:00:00.000000197,81.35722,103,20
1970-01-01 00:00:00.000000198,81.44774,103,21
1970-01-01 00:00:00.000000199,81.756035,103,22
1970-01-01 00:00:00.000000200,82.19027,103,23
1970-01-01 00:00:00.000000201,82.93976,103,24
1970-01-01 00:00:00.000000202,83.07175,103,25
1970-01-01 00:00:00.000000203,82.958595,103,26
1970-01-01 00:00:00.000000204,83.14655,103,27
1970-01-01 00:00:00.000000205,83.35519,103,28
1970-01-01 00:00:00.000000206,83.30704,103,29
1970-01-01 00:00:00.000000207,82.96254,103,30
1970-01-01 00:00:00.000000208,82.8745,103,31
1970-01-01 00:00:00.000000080,94.71285,104,10
1970-01-01 00:00:00.000000081,97.326485,104,11
1970-01-01 00:00:00.000000082,98.58139,104,12
1970-01-01 00:00:00.000000190,91.98678,105,10
1970-01-01 00:00:00.000000191,92.78118,105,11
1970-01-01 00:00:00.000000192,93.491325,105,12
1970-01-01 00:00:00.000000193,93.43131,105,13
1970-01-01 00:00:00.000000194,94.430916,105,14
1970-01-01 00:00:00.000000195,94.23933,105,15
1970-01-01 00:00:00.000000196,94.3158,105,16
1970-01-01 00:00:00.000000197,94.42366,105,17
1970-01-01 00:00:00.000000198,94.409164,105,18
1970-01-01 00:00:00.000000199,94.276054,105,19
1970-01-01 00:00:00.000000200,94.292244,105,20
1970-01-01 00:00:00.000000201,94.56741,105,21
1970-01-01 00:00:00.000000202,95.22761,105,22
1970-01-01 00:00:00.000000203,95.71115,105,23
1970-01-01 00:00:00.000000204,95.97207,105,24
1970-01-01 00:00:00.000000205,95.81102,105,25
1970-01-01 00:00:00.000000206,95.163246,105,26
1970-01-01 00:00:00.000000207,94.463806,105,27
1970-01-01 00:00:00.000000208,94.08924,105,28
1970-01-01 00:00:00.000000209,92.35763,105,29
1970-01-01 00:00:00.000000210,91.380554,105,30
1970-01-01 00:00:00.000000211,90.184044,105,31
1970-01-01 00:00:00.000000281,78.60935,106,10
1970-01-01 00:00:00.000000282,78.60847,106,11
1970-01-01 00:00:00.000000283,78.554596,106,12
1970-01-01 00:00:00.000000284,78.492805,106,13
1970-01-01 00:00:00.000000285,78.42431,106,14
1970-01-01 00:00:00.000000286,78.341255,106,15
1970-01-01 00:00:00.000000287,78.47382,106,16
1970-01-01 00:00:00.000000288,78.395195,106,17
1970-01-01 00:00:00.000000289,78.38573,106,18
1970-01-01 00:00:00.000000290,78.21627,106,19
1970-01-01 00:00:00.000000291,78.00725,106,20
1970-01-01 00:00:00.000000292,78.00576,106,21
1970-01-01 00:00:00.000000293,77.84369,106,22
1970-01-01 00:00:00.000000294,77.64368,106,23
1970-01-01 00:00:00.000000295,77.55766,106,24
1970-01-01 00:00:00.000000296,77.53121,106,25
1970-01-01 00:00:00.000000297,77.43621,106,26
1970-01-01 00:00:00.000000298,77.35411,106,27
1970-01-01 00:00:00.000000299,77.12349,106,28
1970-01-01 00:00:00.000000300,76.98259,106,29
1970-01-01 00:00:00.000000301,76.75981,106,30
1970-01-01 00:00:00.000000302,76.63953,106,31
1970-01-01 00:00:00.000000303,76.68412,106,32
1970-01-01 00:00:00.000000304,76.408966,106,33
1970-01-01 00:00:00.000000305,76.25198,106,34
1970-01-01 00:00:00.000000306,76.1993,106,35
1970-01-01 00:00:00.000000307,76.08831,106,36
1970-01-01 00:00:00.000000308,76.02913,106,37
1970-01-01 00:00:00.000000309,75.98621,106,38
1970-01-01 00:00:00.000000310,75.56877,106,39
1970-01-01 00:00:00.000000311,74.569824,106,40
1970-01-01 00:00:00.000000312,79.4295,106,41
1970-01-01 00:00:00.000000313,90.59533,106,42
1970-01-01 00:00:00.000000314,93.68404,106,43
1970-01-01 00:00:00.000000315,94.99832,106,44
1970-01-01 00:00:00.000000316,96.668884,106,45
1970-01-01 00:00:00.000000317,98.59176,106,46
1970-01-01 00:00:00.000000318,99.15921,106,47
1970-01-01 00:00:00.000000083,96.01425,107,10
1970-01-01 00:00:00.000000084,98.73738,107,11
1970-01-01 00:00:00.000000085,99.30166,107,12
1970-01-01 00:00:00.000000213,95.99516,108,10
1970-01-01 00:00:00.000000214,96.101425,108,11
1970-01-01 00:00:00.000000215,96.1209,108,12
1970-01-01 00:00:00.000000216,96.07704,108,13
1970-01-01 00:00:00.000000217,96.03868,108,14
1970-01-01 00:00:00.000000218,96.01497,108,15
1970-01-01 00:00:00.000000219,96.04776,108,16
1970-01-01 00:00:00.000000220,96.099594,108,17
1970-01-01 00:00:00.000000221,96.052734,108,18
1970-01-01 00:00:00.000000222,96.02017,108,19
1970-01-01 00:00:00.000000223,96.0008,108,20
1970-01-01 00:00:00.000000224,95.9948,108,21
1970-01-01 00:00:00.000000225,96.02051,108,22
1970-01-01 00:00:00.000000226,96.119,108,23
1970-01-01 00:00:00.000000227,96.14945,108,24
1970-01-01 00:00:00.000000228,96.141655,108,25
1970-01-01 00:00:00.000000229,96.12992,108,26
1970-01-01 00:00:00.000000230,96.290504,108,27
1970-01-01 00:00:00.000000231,96.396126,108,28
1970-01-01 00:00:00.000000232,96.48031,108,29
1970-01-01 00:00:00.000000233,96.51325,108,30
1970-01-01 00:00:00.000000234,96.56645,108,31
1970-01-01 00:00:00.000000235,96.595085,108,32
1970-01-01 00:00:00.000000236,96.67216,108,33
1970-01-01 00:00:00.000000237,96.852776,108,34
1970-01-01 00:00:00.000000238,96.95188,108,35
1970-01-01 00:00:00.000000083,96.43145,109,10
1970-01-01 00:00:00.000000084,96.460556,109,11
1970-01-01 00:00:00.000000085,95.90154,109,12
1970-01-01 00:00:00.000000505,86.44596,110,10
1970-01-01 00:00:00.000000506,86.43964,110,11
1970-01-01 00:00:00.000000507,86.869835,110,12
1970-01-01 00:00:00.000000508,87.39183,110,13
1970-01-01 00:00:00.000000509,87.82174,110,14
1970-01-01 00:00:00.000000510,88.31377,110,15
1970-01-01 00:00:00.000000511,88.878784,110,16
1970-01-01 00:00:00.000000512,89.6192,110,17
1970-01-01 00:00:00.000000513,90.2886,110,18
1970-01-01 00:00:00.000000514,90.858284,110,19
1970-01-01 00:00:00.000000515,91.72818,110,20
1970-01-01 00:00:00.000000516,92.56056,110,21
1970-01-01 00:00:00.000000517,93.16015,110,22
1970-01-01 00:00:00.000000518,93.48116,110,23
1970-01-01 00:00:00.000000519,93.28804,110,24
1970-01-01 00:00:00.000000520,92.870224,110,25
1970-01-01 00:00:00.000000521,92.49554,110,26
1970-01-01 00:00:00.000000522,91.97186,110,27
1970-01-01 00:00:00.000000523,91.4762,110,28
1970-01-01 00:00:00.000000524,90.978134,110,29
1970-01-01 00:00:00.000000525,90.79017,110,30
1970-01-01 00:00:00.000000526,90.60361,110,31
1970-01-01 00:00:00.000000527,90.33034,110,32
1970-01-01 00:00:00.000000528,91.16074,110,33
1970-01-01 00:00:00.000000529,91.93837,110,34
1970-01-01 00:00:00.000000530,92.431656,110,35
1970-01-01 00:00:00.000000531,92.67946,110,36
1970-01-01 00:00:00.000000532,92.49143,110,37
1970-01-01 00:00:00.000000533,92.21194,110,38
1970-01-01 00:00:00.000000534,92.21096,110,39
1970-01-01 00:00:00.000000535,91.99909,110,40
1970-01-01 00:00:00.000000536,91.68162,110,41
1970-01-01 00:00:00.000000537,90.98753,110,42
1970-01-01 00:00:00.000000538,90.28032,110,43
1970-01-01 00:00:00.000000539,89.37969,110,44
1970-01-01 00:00:00.000000540,88.61893,110,45
1970-01-01 00:00:00.000000541,87.78462,110,46
1970-01-01 00:00:00.000000542,86.93258,110,47
1970-01-01 00:00:00.000000543,85.79587,110,48
1970-01-01 00:00:00.000000544,84.84639,110,49
1970-01-01 00:00:00.000000545,83.636986,110,50
1970-01-01 00:00:00.000000546,82.76006,110,51
1970-01-01 00:00:00.000000547,82.544136,110,52
1970-01-01 00:00:00.000000548,82.54116,110,53
1970-01-01 00:00:00.000000549,82.42173,110,54
1970-01-01 00:00:00.000000550,82.961784,110,55
1970-01-01 00:00:00.000000551,83.66474,110,56
1970-01-01 00:00:00.000000552,84.084526,110,57
1970-01-01 00:00:00.000000553,83.727066,110,58
1970-01-01 00:00:00.000000554,84.28617,110,59
1970-01-01 00:00:00.000000555,84.45695,110,60
1970-01-01 00:00:00.000000556,84.4556,110,61
1970-01-01 00:00:00.000000557,84.29956,110,62
1970-01-01 00:00:00.000000558,84.07947,110,63
1970-01-01 00:00:00.000000559,83.92415,110,64
1970-01-01 00:00:00.000000560,82.247314,110,65
1970-01-01 00:00:00.000000561,81.6766,110,66
1970-01-01 00:00:00.000000562,82.923065,110,67
1970-01-01 00:00:00.000000563,82.88023,110,68
1970-01-01 00:00:00.000000564,83.66056,110,69
1970-01-01 00:00:00.000000565,83.39565,110,70
1970-01-01 00:00:00.000000566,84.89154,110,71
1970-01-01 00:00:00.000000567,86.19513,110,72
1970-01-01 00:00:00.000000568,85.539925,110,73
1970-01-01 00:00:00.000000569,74.71316,110,74
1970-01-01 00:00:00.000000570,63.23648,110,75
1970-01-01 00:00:00.000000571,57.21904,110,76
1970-01-01 00:00:00.000000572,58.776115,110,77
1970-01-01 00:00:00.000000573,61.96786,110,78
1970-01-01 00:00:00.000000574,63.552,110,79
1970-01-01 00:00:00.000000575,62.81291,110,80
1970-01-01 00:00:00.000000576,78.97462,110,81
1970-01-01 00:00:00.000000577,90.37909,110,82
1970-01-01 00:00:00.000000578,94.97934,110,83
1970-01-01 00:00:00.000000579,95.91691,110,84
1970-01-01 00:00:00.000000580,98.09963,110,85
1970-01-01 00:00:00.000000581,99.0795,110,86
1970-01-01 00:00:00.000000582,99.40716,110,87
1970-01-01 00:00:00.000000183,96.488594,112,10
1970-01-01 00:00:00.000000184,96.41581,112,11
1970-01-01 00:00:00.000000185,91.4963,112,12
1970-01-01 00:00:00.000000186,84.643265,112,13
1970-01-01 00:00:00.000000187,83.541435,112,14
1970-01-01 00:00:00.000000188,83.84748,112,15
1970-01-01 00:00:00.000000189,82.99867,112,16
1970-01-01 00:00:00.000000190,81.668755,112,17
1970-01-01 00:00:00.000000191,80.674126,112,18
1970-01-01 00:00:00.000000192,79.675514,112,19
1970-01-01 00:00:00.000000193,79.22003,112,20
1970-01-01 00:00:00.000000194,78.58203,112,21
1970-01-01 00:00:00.000000195,78.050545,112,22
1970-01-01 00:00:00.000000196,78.14615,112,23
1970-01-01 00:00:00.000000197,78.176346,112,24
1970-01-01 00:00:00.000000198,79.080154,112,25
1970-01-01 00:00:00.000000199,78.96143,112,26
1970-01-01 00:00:00.000000200,78.47401,112,27
1970-01-01 00:00:00.000000201,78.882805,112,28
1970-01-01 00:00:00.000000202,78.788536,112,29
1970-01-01 00:00:00.000000203,78.44988,112,30
1970-01-01 00:00:00.000000172,74.07849,113,10
1970-01-01 00:00:00.000000173,73.98385,113,11
1970-01-01 00:00:00.000000174,74.18256,113,12
1970-01-01 00:00:00.000000175,74.67451,113,13
1970-01-01 00:00:00.000000176,74.55889,113,14
1970-01-01 00:00:00.000000177,74.9952,113,15
1970-01-01 00:00:00.000000178,75.33161,113,16
1970-01-01 00:00:00.000000179,75.44804,113,17
1970-01-01 00:00:00.000000180,75.36815,113,18
1970-01-01 00:00:00.000000181,75.61453,113,19
1970-01-01 00:00:00.000000182,75.04579,113,20
1970-01-01 00:00:00.000000183,72.929245,113,21
1970-01-01 00:00:00.000000184,71.1906,113,22
1970-01-01 00:00:00.000000185,71.15281,113,23
1970-01-01 00:00:00.000000186,71.40067,113,24
1970-01-01 00:00:00.000000187,71.54726,113,25
1970-01-01 00:00:00.000000188,72.23723,113,26
1970-01-01 00:00:00.000000189,73.47535,113,27
1970-01-01 00:00:00.000000190,74.58814,113,28
1970-01-01 00:00:00.000000157,79.01143,114,10
1970-01-01 00:00:00.000000158,79.11873,114,11
1970-01-01 00:00:00.000000159,78.99405,114,12
1970-01-01 00:00:00.000000160,78.82146,114,13
1970-01-01 00:00:00.000000161,78.70334,114,14
1970-01-01 00:00:00.000000162,78.60721,114,15
1970-01-01 00:00:00.000000163,78.47942,114,16
1970-01-01 00:00:00.000000164,77.74373,114,17
1970-01-01 00:00:00.000000165,70.766174,114,18
1970-01-01 00:00:00.000000166,85.23654,114,19
1970-01-01 00:00:00.000000167,92.66022,114,20
1970-01-01 00:00:00.000000168,94.97458,114,21
1970-01-01 00:00:00.000000169,95.491714,114,22
1970-01-01 00:00:00.000000170,97.80836,114,23
1970-01-01 00:00:00.000000171,98.840706,114,24
1970-01-01 00:00:00.000000172,99.050156,114,25
1970-01-01 00:00:00.000000086,95.39599,115,10
1970-01-01 00:00:00.000000087,96.3079,115,11
1970-01-01 00:00:00.000000088,98.00209,115,12
1970-01-01 00:00:00.000000089,98.425964,115,13
1970-01-01 00:00:00.000000096,78.94277,117,10
1970-01-01 00:00:00.000000097,79.13217,117,11
1970-01-01 00:00:00.000000098,79.154915,117,12
1970-01-01 00:00:00.000000099,79.036285,117,13
1970-01-01 00:00:00.000000100,78.94404,117,14
1970-01-01 00:00:00.000000082,89.41785,118,10
1970-01-01 00:00:00.000000083,89.982994,118,11
1970-01-01 00:00:00.000000084,88.40919,118,12
1970-01-01 00:00:00.000000109,74.78566,121,10
1970-01-01 00:00:00.000000110,74.75777,121,11
1970-01-01 00:00:00.000000111,75.38318,121,12
1970-01-01 00:00:00.000000112,75.57297,121,13
1970-01-01 00:00:00.000000113,75.94976,121,14
1970-01-01 00:00:00.000000114,76.37254,121,15
1970-01-01 00:00:00.000000115,76.54254,121,16
1970-01-01 00:00:00.000000116,75.967926,121,17
1970-01-01 00:00:00.000000165,96.39325,122,10
1970-01-01 00:00:00.000000166,95.158554,122,11
1970-01-01 00:00:00.000000167,94.02798,122,12
1970-01-01 00:00:00.000000168,94.48496,122,13
1970-01-01 00:00:00.000000169,94.758316,122,14
1970-01-01 00:00:00.000000170,95.03257,122,15
1970-01-01 00:00:00.000000171,95.357216,122,16
1970-01-01 00:00:00.000000172,95.50811,122,17
1970-01-01 00:00:00.000000173,95.583176,122,18
1970-01-01 00:00:00.000000174,95.30646,122,19
1970-01-01 00:00:00.000000175,94.596085,122,20
1970-01-01 00:00:00.000000176,93.77821,122,21
1970-01-01 00:00:00.000000177,92.9848,122,22
1970-01-01 00:00:00.000000178,92.48864,122,23
1970-01-01 00:00:00.000000179,92.504196,122,24
1970-01-01 00:00:00.000000180,90.48745,122,25
1970-01-01 00:00:00.000000181,91.45,122,26
1970-01-01 00:00:00.000000182,91.38362,122,27
1970-01-01 00:00:00.000000101,94.60328,123,10
1970-01-01 00:00:00.000000102,89.02161,123,11
1970-01-01 00:00:00.000000103,83.14935,123,12
1970-01-01 00:00:00.000000104,81.79583,123,13
1970-01-01 00:00:00.000000105,85.44127,123,14
1970-01-01 00:00:00.000000106,87.41199,123,15
1970-01-01 00:00:00.000000107,88.183716,123,16
1970-01-01 00:00:00.000000107,75.260796,124,10
1970-01-01 00:00:00.000000108,90.23424,124,11
1970-01-01 00:00:00.000000109,94.418175,124,12
1970-01-01 00:00:00.000000110,95.536285,124,13
1970-01-01 00:00:00.000000111,96.37016,124,14
1970-01-01 00:00:00.000000112,98.61442,124,15
1970-01-01 00:00:00.000000113,99.1904,124,16
1970-01-01 00:00:00.000000164,78.811356,125,10
1970-01-01 00:00:00.000000165,79.3008,125,11
1970-01-01 00:00:00.000000166,79.38706,125,12
1970-01-01 00:00:00.000000167,78.70182,125,13
1970-01-01 00:00:00.000000168,78.560104,125,14
1970-01-01 00:00:00.000000169,78.36251,125,15
1970-01-01 00:00:00.000000170,77.896996,125,16
1970-01-01 00:00:00.000000171,77.79711,125,17
1970-01-01 00:00:00.000000172,77.70979,125,18
1970-01-01 00:00:00.000000173,76.67816,125,19
1970-01-01 00:00:00.000000174,80.38758,125,20
1970-01-01 00:00:00.000000175,90.92389,125,21
1970-01-01 00:00:00.000000176,94.16113,125,22
1970-01-01 00:00:00.000000177,95.63016,125,23
1970-01-01 00:00:00.000000178,96.92034,125,24
1970-01-01 00:00:00.000000179,98.821815,125,25
1970-01-01 00:00:00.000000180,99.42986,125,26
1970-01-01 00:00:00.000000208,71.4497,126,10
1970-01-01 00:00:00.000000209,73.29571,126,11
1970-01-01 00:00:00.000000210,74.83769,126,12
1970-01-01 00:00:00.000000211,75.23847,126,13
1970-01-01 00:00:00.000000212,75.36387,126,14
1970-01-01 00:00:00.000000213,75.45671,126,15
1970-01-01 00:00:00.000000214,75.940865,126,16
1970-01-01 00:00:00.000000215,76.511604,126,17
1970-01-01 00:00:00.000000216,76.669846,126,18
1970-01-01 00:00:00.000000217,76.5772,126,19
1970-01-01 00:00:00.000000218,76.22833,126,20
1970-01-01 00:00:00.000000219,76.51725,126,21
1970-01-01 00:00:00.000000220,76.865234,126,22
1970-01-01 00:00:00.000000221,77.39013,126,23
1970-01-01 00:00:00.000000222,77.498436,126,24
1970-01-01 00:00:00.000000223,77.59711,126,25
1970-01-01 00:00:00.000000224,77.66893,126,26
1970-01-01 00:00:00.000000225,77.35689,126,27
1970-01-01 00:00:00.000000226,76.616394,126,28
1970-01-01 00:00:00.000000227,76.31787,126,29
1970-01-01 00:00:00.000000228,76.17562,126,30
1970-01-01 00:00:00.000000229,76.297966,126,31
1970-01-01 00:00:00.000000230,76.59721,126,32
1970-01-01 00:00:00.000000231,76.55565,126,33
1970-01-01 00:00:00.000000232,76.4693,126,34
1970-01-01 00:00:00.000000188,89.051094,127,10
1970-01-01 00:00:00.000000189,88.9721,127,11
1970-01-01 00:00:00.000000190,88.9506,127,12
1970-01-01 00:00:00.000000191,88.74997,127,13
1970-01-01 00:00:00.000000192,87.97574,127,14
1970-01-01 00:00:00.000000193,87.618004,127,15
1970-01-01 00:00:00.000000194,87.32343,127,16
1970-01-01 00:00:00.000000195,86.89958,127,17
1970-01-01 00:00:00.000000196,86.1661,127,18
1970-01-01 00:00:00.000000197,85.98302,127,19
1970-01-01 00:00:00.000000198,85.56375,127,20
1970-01-01 00:00:00.000000199,84.90533,127,21
1970-01-01 00:00:00.000000200,84.37959,127,22
1970-01-01 00:00:00.000000201,84.618416,127,23
1970-01-01 00:00:00.000000202,84.95022,127,24
1970-01-01 00:00:00.000000203,85.41469,127,25
1970-01-01 00:00:00.000000204,86.12338,127,26
1970-01-01 00:00:00.000000205,86.43373,127,27
1970-01-01 00:00:00.000000206,86.309364,127,28
1970-01-01 00:00:00.000000207,86.11917,127,29
1970-01-01 00:00:00.000000208,86.17782,127,30
1970-01-01 00:00:00.000000209,85.572205,127,31
1970-01-01 00:00:00.000000082,96.55736,129,10
1970-01-01 00:00:00.000000083,98.58752,129,11
1970-01-01 00:00:00.000000084,99.1538,129,12
