sequence_index,gran1_blain,block_idx,fcst_origin
1970-01-01 00:00:00.000000097,5088.7407,0,10
1970-01-01 00:00:00.000000098,5055.341,0,11
1970-01-01 00:00:00.000000099,5000.0024,0,12
1970-01-01 00:00:00.000000100,4977.024,0,13
1970-01-01 00:00:00.000000101,4957.7026,0,14
1970-01-01 00:00:00.000000102,4934.2275,0,15
1970-01-01 00:00:00.000000079,3766.5789,2,10
1970-01-01 00:00:00.000000080,3758.215,2,11
1970-01-01 00:00:00.000000081,3726.9607,2,12
1970-01-01 00:00:00.000000119,4946.8047,6,10
1970-01-01 00:00:00.000000120,4866.6743,6,11
1970-01-01 00:00:00.000000121,4794.494,6,12
1970-01-01 00:00:00.000000122,4758.4526,6,13
1970-01-01 00:00:00.000000123,4771.4497,6,14
1970-01-01 00:00:00.000000124,4826.2417,6,15
1970-01-01 00:00:00.000000125,4919.778,6,16
1970-01-01 00:00:00.000000126,4996.8384,6,17
1970-01-01 00:00:00.000000127,5016.7715,6,18
1970-01-01 00:00:00.000000128,4987.8833,6,19
1970-01-01 00:00:00.000000113,3794.845,7,10
1970-01-01 00:00:00.000000114,3807.4358,7,11
1970-01-01 00:00:00.000000115,3817.3274,7,12
1970-01-01 00:00:00.000000116,3820.1443,7,13
1970-01-01 00:00:00.000000117,3826.113,7,14
1970-01-01 00:00:00.000000118,3811.2024,7,15
1970-01-01 00:00:00.000000119,3795.4436,7,16
1970-01-01 00:00:00.000000120,3785.9072,7,17
1970-01-01 00:00:00.000000121,3767.813,7,18
1970-01-01 00:00:00.000000083,4467.0757,8,10
1970-01-01 00:00:00.000000084,4436.6343,8,11
1970-01-01 00:00:00.000000085,4387.8926,8,12
1970-01-01 00:00:00.000000092,3950.9004,20,10
1970-01-01 00:00:00.000000093,3935.2139,20,11
1970-01-01 00:00:00.000000094,3921.1575,20,12
1970-01-01 00:00:00.000000095,3901.1423,20,13
1970-01-01 00:00:00.000000096,3920.7654,20,14
1970-01-01 00:00:00.000000100,3850.7754,43,10
1970-01-01 00:00:00.000000101,3862.0266,43,11
1970-01-01 00:00:00.000000102,3878.4175,43,12
1970-01-01 00:00:00.000000103,3903.676,43,13
1970-01-01 00:00:00.000000104,3905.12,43,14
1970-01-01 00:00:00.000000105,3879.5608,43,15
1970-01-01 00:00:00.000000083,3852.6042,50,10
1970-01-01 00:00:00.000000084,3846.7834,50,11
1970-01-01 00:00:00.000000085,3838.1836,50,12
1970-01-01 00:00:00.000000098,3822.6614,53,10
1970-01-01 00:00:00.000000099,3798.466,53,11
1970-01-01 00:00:00.000000100,3798.6992,53,12
1970-01-01 00:00:00.000000101,3838.7961,53,13
1970-01-01 00:00:00.000000102,3878.165,53,14
1970-01-01 00:00:00.000000103,3892.5327,53,15
1970-01-01 00:00:00.000000132,3698.9133,59,10
1970-01-01 00:00:00.000000133,3694.9807,59,11
1970-01-01 00:00:00.000000134,3685.6104,59,12
1970-01-01 00:00:00.000000135,3687.4426,59,13
1970-01-01 00:00:00.000000136,3690.6572,59,14
1970-01-01 00:00:00.000000137,3708.2625,59,15
1970-01-01 00:00:00.000000138,3754.0618,59,16
1970-01-01 00:00:00.000000139,3802.8901,59,17
1970-01-01 00:00:00.000000140,3823.6104,59,18
1970-01-01 00:00:00.000000141,3828.974,59,19
1970-01-01 00:00:00.000000142,3865.8318,59,20
1970-01-01 00:00:00.000000143,3895.757,59,21
1970-01-01 00:00:00.000000122,5124.761,61,10
1970-01-01 00:00:00.000000123,5132.3765,61,11
1970-01-01 00:00:00.000000124,5124.6816,61,12
1970-01-01 00:00:00.000000125,5133.317,61,13
1970-01-01 00:00:00.000000126,5141.845,61,14
1970-01-01 00:00:00.000000127,5113.914,61,15
1970-01-01 00:00:00.000000128,5095.7793,61,16
1970-01-01 00:00:00.000000129,5117.1567,61,17
1970-01-01 00:00:00.000000130,5144.371,61,18
1970-01-01 00:00:00.000000131,5150.266,61,19
1970-01-01 00:00:00.000000109,3906.2417,63,10
1970-01-01 00:00:00.000000110,3941.9775,63,11
1970-01-01 00:00:00.000000111,4008.6917,63,12
1970-01-01 00:00:00.000000112,4062.0022,63,13
1970-01-01 00:00:00.000000113,4080.1255,63,14
1970-01-01 00:00:00.000000114,4098.4263,63,15
1970-01-01 00:00:00.000000115,4109.628,63,16
1970-01-01 00:00:00.000000116,4090.2678,63,17
1970-01-01 00:00:00.000000101,3761.7114,64,10
1970-01-01 00:00:00.000000102,3765.5784,64,11
1970-01-01 00:00:00.000000103,3750.5386,64,12
1970-01-01 00:00:00.000000104,3727.2893,64,13
1970-01-01 00:00:00.000000105,3717.702,64,14
1970-01-01 00:00:00.000000106,3723.1257,64,15
1970-01-01 00:00:00.000000112,3509.2366,69,10
1970-01-01 00:00:00.000000113,3503.282,69,11
1970-01-01 00:00:00.000000114,3450.31,69,12
1970-01-01 00:00:00.000000115,3391.0796,69,13
1970-01-01 00:00:00.000000116,3393.5405,69,14
1970-01-01 00:00:00.000000117,3406.6497,69,15
1970-01-01 00:00:00.000000118,3408.3008,69,16
1970-01-01 00:00:00.000000119,3416.2024,69,17
1970-01-01 00:00:00.000000124,3888.3235,77,10
1970-01-01 00:00:00.000000125,3943.7876,77,11
1970-01-01 00:00:00.000000126,3972.1594,77,12
1970-01-01 00:00:00.000000127,3910.1194,77,13
1970-01-01 00:00:00.000000128,3869.4014,77,14
1970-01-01 00:00:00.000000129,3929.8694,77,15
1970-01-01 00:00:00.000000130,4015.2217,77,16
1970-01-01 00:00:00.000000131,4006.023,77,17
1970-01-01 00:00:00.000000132,3963.0903,77,18
1970-01-01 00:00:00.000000133,3971.0088,77,19
1970-01-01 00:00:00.000000134,4027.61,77,20
