sequence_index,return,first_chamber_filling,second_chamber_filling,block_idx,fcst_origin
1970-01-01 00:00:00.000000097,156.46777,97.24904,78.418945,0,10
1970-01-01 00:00:00.000000098,143.71191,97.80938,77.36581,0,11
1970-01-01 00:00:00.000000099,144.21686,97.7664,77.36782,0,12
1970-01-01 00:00:00.000000100,143.30243,97.53593,76.96798,0,13
1970-01-01 00:00:00.000000101,143.01799,97.38693,76.388435,0,14
1970-01-01 00:00:00.000000102,128.58838,95.86482,74.65035,0,15
1970-01-01 00:00:00.000000081,227.6074,95.61674,74.80135,1,10
1970-01-01 00:00:00.000000082,227.61781,95.6198,74.72885,1,11
1970-01-01 00:00:00.000000083,229.02599,95.61685,74.74359,1,12
1970-01-01 00:00:00.000000079,186.79387,97.00513,69.44273,4,10
1970-01-01 00:00:00.000000080,181.83699,96.97407,68.15177,4,11
1970-01-01 00:00:00.000000081,185.06013,97.040115,68.00433,4,12
1970-01-01 00:00:00.000000079,120.170586,96.69263,74.75163,5,10
1970-01-01 00:00:00.000000080,118.813126,96.53067,74.77245,5,11
1970-01-01 00:00:00.000000081,117.30316,96.48179,74.83323,5,12
1970-01-01 00:00:00.000000119,225.83408,93.85959,78.82689,11,10
1970-01-01 00:00:00.000000120,224.40465,93.76278,79.17711,11,11
1970-01-01 00:00:00.000000121,224.94049,93.70719,79.56571,11,12
1970-01-01 00:00:00.000000122,227.3349,93.649574,78.499405,11,13
1970-01-01 00:00:00.000000123,227.35379,93.76623,78.18511,11,14
1970-01-01 00:00:00.000000124,230.26944,94.13506,78.29932,11,15
1970-01-01 00:00:00.000000125,233.35486,94.27825,78.224106,11,16
1970-01-01 00:00:00.000000126,234.41637,94.56605,78.2261,11,17
1970-01-01 00:00:00.000000127,236.49617,94.59353,77.951546,11,18
1970-01-01 00:00:00.000000128,238.60822,94.55505,77.21497,11,19
1970-01-01 00:00:00.000000113,194.50214,97.11745,68.30643,12,10
1970-01-01 00:00:00.000000114,194.27554,97.05644,68.5395,12,11
1970-01-01 00:00:00.000000115,192.55948,96.90294,68.222565,12,12
1970-01-01 00:00:00.000000116,187.64825,96.50699,69.41238,12,13
1970-01-01 00:00:00.000000117,185.02945,96.419464,69.72701,12,14
1970-01-01 00:00:00.000000118,182.27817,96.42328,69.58374,12,15
1970-01-01 00:00:00.000000119,178.91373,96.27683,69.699265,12,16
1970-01-01 00:00:00.000000120,177.24968,96.03517,69.343956,12,17
1970-01-01 00:00:00.000000121,178.534,96.13073,67.571625,12,18
1970-01-01 00:00:00.000000157,137.927,100.0,81.78549,13,10
1970-01-01 00:00:00.000000158,134.07335,100.0,81.648056,13,11
1970-01-01 00:00:00.000000159,136.0757,100.0,81.55719,13,12
1970-01-01 00:00:00.000000160,130.85158,100.0,81.44303,13,13
1970-01-01 00:00:00.000000161,130.36299,99.97958,81.6249,13,14
1970-01-01 00:00:00.000000162,134.77081,99.89044,81.67917,13,15
1970-01-01 00:00:00.000000163,134.27148,99.86663,81.90186,13,16
1970-01-01 00:00:00.000000164,132.73282,99.87188,82.172325,13,17
1970-01-01 00:00:00.000000165,129.83456,99.86168,82.129875,13,18
1970-01-01 00:00:00.000000166,131.15387,99.86688,82.20524,13,19
1970-01-01 00:00:00.000000167,131.63564,99.86279,82.32087,13,20
1970-01-01 00:00:00.000000168,135.755,99.87171,82.59239,13,21
1970-01-01 00:00:00.000000169,133.64792,99.872,82.58149,13,22
1970-01-01 00:00:00.000000170,138.33412,99.8748,82.78728,13,23
1970-01-01 00:00:00.000000171,143.38626,99.87371,82.80792,13,24
1970-01-01 00:00:00.000000172,141.5822,99.82006,82.60107,13,25
1970-01-01 00:00:00.000000141,166.51077,99.54225,68.492645,15,10
1970-01-01 00:00:00.000000142,166.5489,99.58936,69.251205,15,11
1970-01-01 00:00:00.000000143,165.2013,99.66957,69.1424,15,12
1970-01-01 00:00:00.000000144,168.99385,100.0,70.98118,15,13
1970-01-01 00:00:00.000000145,178.929,99.97637,71.54661,15,14
1970-01-01 00:00:00.000000146,175.8956,99.97877,71.562584,15,15
1970-01-01 00:00:00.000000147,178.0505,99.994354,71.68561,15,16
1970-01-01 00:00:00.000000148,178.41818,99.973595,71.85609,15,17
1970-01-01 00:00:00.000000149,177.17154,99.962234,71.56453,15,18
1970-01-01 00:00:00.000000150,177.3599,99.980644,71.59736,15,19
1970-01-01 00:00:00.000000151,177.45374,99.93666,71.59989,15,20
1970-01-01 00:00:00.000000152,180.02977,99.76415,71.51781,15,21
1970-01-01 00:00:00.000000153,169.92525,99.1397,72.03493,15,22
1970-01-01 00:00:00.000000156,252.51463,95.63285,81.09518,16,10
1970-01-01 00:00:00.000000157,256.20346,95.656654,80.372696,16,11
1970-01-01 00:00:00.000000158,253.53851,95.850365,79.48165,16,12
1970-01-01 00:00:00.000000159,252.3318,96.03163,79.66904,16,13
1970-01-01 00:00:00.000000160,253.78964,95.95444,79.99914,16,14
1970-01-01 00:00:00.000000161,255.74644,95.769005,80.10672,16,15
1970-01-01 00:00:00.000000162,254.62733,95.700264,80.41485,16,16
1970-01-01 00:00:00.000000163,253.35536,95.55697,80.19001,16,17
1970-01-01 00:00:00.000000164,252.45128,95.12259,79.69084,16,18
1970-01-01 00:00:00.000000165,252.60622,95.204865,79.64609,16,19
1970-01-01 00:00:00.000000166,252.3391,95.57379,79.31885,16,20
1970-01-01 00:00:00.000000167,251.07396,95.605705,79.15818,16,21
1970-01-01 00:00:00.000000168,250.80551,95.82126,78.62003,16,22
1970-01-01 00:00:00.000000169,252.95499,96.09864,78.03931,16,23
1970-01-01 00:00:00.000000170,253.80542,96.09862,77.62614,16,24
1970-01-01 00:00:00.000000171,259.68466,96.13988,77.99848,16,25
1970-01-01 00:00:00.000000123,147.39316,93.64014,66.37094,17,10
1970-01-01 00:00:00.000000124,145.87665,93.630875,66.438866,17,11
1970-01-01 00:00:00.000000125,142.76227,93.593254,65.85139,17,12
1970-01-01 00:00:00.000000126,138.83957,93.41747,65.555695,17,13
1970-01-01 00:00:00.000000127,129.20505,93.365005,66.11707,17,14
1970-01-01 00:00:00.000000128,118.71335,92.61508,66.33758,17,15
1970-01-01 00:00:00.000000129,117.21309,91.57473,66.12761,17,16
1970-01-01 00:00:00.000000130,105.10533,90.719444,64.76054,17,17
1970-01-01 00:00:00.000000131,96.448875,88.51053,64.31668,17,18
1970-01-01 00:00:00.000000132,118.219864,88.898476,64.09361,17,19
1970-01-01 00:00:00.000000134,203.41693,99.560104,84.889244,19,10
1970-01-01 00:00:00.000000135,199.31575,99.56079,84.914536,19,11
1970-01-01 00:00:00.000000136,198.2816,99.56023,84.91397,19,12
1970-01-01 00:00:00.000000137,189.21526,99.562675,85.0142,19,13
1970-01-01 00:00:00.000000138,185.52682,99.562096,84.96597,19,14
1970-01-01 00:00:00.000000139,187.77531,99.55715,84.927444,19,15
1970-01-01 00:00:00.000000140,186.29243,99.55913,84.605385,19,16
1970-01-01 00:00:00.000000141,185.79604,99.55216,84.65032,19,17
1970-01-01 00:00:00.000000142,186.11488,99.541214,84.89199,19,18
1970-01-01 00:00:00.000000143,194.39113,99.572266,85.31639,19,19
1970-01-01 00:00:00.000000144,202.35713,99.469345,85.10455,19,20
1970-01-01 00:00:00.000000145,194.453,99.36958,85.505196,19,21
1970-01-01 00:00:00.000000121,184.893,97.18846,70.55321,20,10
1970-01-01 00:00:00.000000122,181.90839,96.996414,70.278114,20,11
1970-01-01 00:00:00.000000123,182.69467,97.23038,70.819595,20,12
1970-01-01 00:00:00.000000124,178.33736,97.57156,71.72432,20,13
1970-01-01 00:00:00.000000125,182.02426,97.22733,71.73459,20,14
1970-01-01 00:00:00.000000126,186.09633,97.032394,71.23059,20,15
1970-01-01 00:00:00.000000127,184.75336,97.11989,71.31791,20,16
1970-01-01 00:00:00.000000128,182.98569,97.11169,71.21928,20,17
1970-01-01 00:00:00.000000129,177.8885,96.94538,70.83924,20,18
1970-01-01 00:00:00.000000130,177.2621,96.90919,70.25645,20,19
1970-01-01 00:00:00.000000130,113.16131,96.674515,72.317894,21,10
1970-01-01 00:00:00.000000131,119.30494,97.600655,73.439926,21,11
1970-01-01 00:00:00.000000132,144.72423,98.02995,74.6769,21,12
1970-01-01 00:00:00.000000133,155.30824,97.716354,75.16353,21,13
1970-01-01 00:00:00.000000134,162.01001,97.17698,74.66562,21,14
1970-01-01 00:00:00.000000135,164.53827,96.93533,74.122536,21,15
1970-01-01 00:00:00.000000136,159.35747,96.36056,74.276375,21,16
1970-01-01 00:00:00.000000137,150.64827,95.809326,75.36447,21,17
1970-01-01 00:00:00.000000138,147.66357,95.53156,75.53689,21,18
1970-01-01 00:00:00.000000139,146.3561,95.53072,75.77109,21,19
1970-01-01 00:00:00.000000140,144.58238,95.20843,74.68958,21,20
1970-01-01 00:00:00.000000171,135.70364,97.55817,58.716618,22,10
1970-01-01 00:00:00.000000172,135.82343,97.46056,58.508377,22,11
1970-01-01 00:00:00.000000173,131.18338,97.27277,57.571934,22,12
1970-01-01 00:00:00.000000174,128.86526,96.77614,57.19408,22,13
1970-01-01 00:00:00.000000175,142.17873,95.55509,57.7451,22,14
1970-01-01 00:00:00.000000176,137.38223,94.34401,58.29297,22,15
1970-01-01 00:00:00.000000177,134.55678,94.58814,55.917843,22,16
1970-01-01 00:00:00.000000178,110.65686,95.606285,55.50249,22,17
1970-01-01 00:00:00.000000179,111.0445,95.764366,56.09736,22,18
1970-01-01 00:00:00.000000180,112.57771,96.09755,55.974854,22,19
1970-01-01 00:00:00.000000181,118.62935,96.14396,55.701904,22,20
1970-01-01 00:00:00.000000182,107.042336,96.09334,55.187233,22,21
1970-01-01 00:00:00.000000183,104.87553,96.02578,54.67681,22,22
1970-01-01 00:00:00.000000184,112.25312,95.823235,55.08531,22,23
1970-01-01 00:00:00.000000185,98.417404,95.07682,54.033745,22,24
1970-01-01 00:00:00.000000186,84.501816,94.8929,53.545483,22,25
1970-01-01 00:00:00.000000187,81.856895,94.45817,53.81286,22,26
1970-01-01 00:00:00.000000188,80.31278,91.77563,52.626884,22,27
1970-01-01 00:00:00.000000189,73.37019,91.93806,54.508514,22,28
1970-01-01 00:00:00.000000130,220.71301,93.13309,74.71703,23,10
1970-01-01 00:00:00.000000131,220.22815,93.102905,74.44855,23,11
1970-01-01 00:00:00.000000132,220.5102,93.184875,74.29758,23,12
1970-01-01 00:00:00.000000133,220.94388,93.199394,74.608986,23,13
1970-01-01 00:00:00.000000134,224.55957,93.256134,74.74188,23,14
1970-01-01 00:00:00.000000135,228.41371,93.505684,74.96795,23,15
1970-01-01 00:00:00.000000136,229.13998,93.67301,75.30523,23,16
1970-01-01 00:00:00.000000137,232.78035,93.70491,75.6451,23,17
1970-01-01 00:00:00.000000138,235.32314,93.76286,75.80133,23,18
1970-01-01 00:00:00.000000139,234.30667,93.82051,75.77751,23,19
1970-01-01 00:00:00.000000140,235.53604,94.1017,75.74537,23,20
1970-01-01 00:00:00.000000141,235.22615,94.04188,75.742874,23,21
1970-01-01 00:00:00.000000095,134.39796,98.358315,63.95314,25,10
1970-01-01 00:00:00.000000096,140.8061,98.20774,64.463776,25,11
1970-01-01 00:00:00.000000097,150.32626,96.02587,67.30601,25,12
1970-01-01 00:00:00.000000098,129.02141,96.610916,61.508022,25,13
1970-01-01 00:00:00.000000099,126.90783,92.68649,64.51591,25,14
1970-01-01 00:00:00.000000231,209.18912,92.71135,82.38101,26,10
1970-01-01 00:00:00.000000232,212.11214,92.7777,81.91058,26,11
1970-01-01 00:00:00.000000233,213.0501,92.82548,81.364746,26,12
1970-01-01 00:00:00.000000234,213.8896,92.98008,80.87078,26,13
1970-01-01 00:00:00.000000235,213.49774,93.12564,80.25539,26,14
1970-01-01 00:00:00.000000236,212.51088,93.15759,79.56191,26,15
1970-01-01 00:00:00.000000237,213.00633,93.09345,78.83449,26,16
1970-01-01 00:00:00.000000238,212.18977,93.11407,78.3968,26,17
1970-01-01 00:00:00.000000239,211.53815,92.99924,77.793,26,18
1970-01-01 00:00:00.000000240,207.76976,92.633194,77.23549,26,19
1970-01-01 00:00:00.000000241,205.6777,92.63447,76.69393,26,20
1970-01-01 00:00:00.000000242,203.37209,92.60762,76.29459,26,21
1970-01-01 00:00:00.000000243,202.49207,92.57014,75.74823,26,22
1970-01-01 00:00:00.000000244,201.63943,92.57273,75.44825,26,23
1970-01-01 00:00:00.000000245,199.07704,92.547806,75.07798,26,24
1970-01-01 00:00:00.000000246,201.2473,92.549614,74.73161,26,25
1970-01-01 00:00:00.000000247,199.09174,92.366585,74.586494,26,26
1970-01-01 00:00:00.000000248,177.18712,86.09652,69.005486,26,27
1970-01-01 00:00:00.000000249,107.462715,81.231316,64.0825,26,28
1970-01-01 00:00:00.000000250,70.820625,85.6913,76.11701,26,29
1970-01-01 00:00:00.000000251,48.737064,86.81211,81.92861,26,30
1970-01-01 00:00:00.000000252,61.49116,89.335365,84.0063,26,31
1970-01-01 00:00:00.000000253,69.318436,86.875534,86.27907,26,32
1970-01-01 00:00:00.000000254,109.82017,88.69516,90.22358,26,33
1970-01-01 00:00:00.000000255,129.53242,90.51533,88.28452,26,34
1970-01-01 00:00:00.000000256,132.27824,90.1176,87.78446,26,35
1970-01-01 00:00:00.000000257,141.63474,90.23067,87.80926,26,36
1970-01-01 00:00:00.000000258,146.80205,90.43879,87.82854,26,37
1970-01-01 00:00:00.000000259,144.77847,90.57151,88.08165,26,38
1970-01-01 00:00:00.000000181,88.226265,89.911934,63.86825,29,10
1970-01-01 00:00:00.000000182,90.65119,90.64519,63.88974,29,11
1970-01-01 00:00:00.000000183,92.72004,90.77184,64.66345,29,12
1970-01-01 00:00:00.000000184,95.25704,91.1898,65.03572,29,13
1970-01-01 00:00:00.000000185,101.08288,91.4902,65.43559,29,14
1970-01-01 00:00:00.000000186,103.324684,92.00763,66.33421,29,15
1970-01-01 00:00:00.000000187,108.502396,91.82766,68.34299,29,16
1970-01-01 00:00:00.000000188,108.682724,90.80282,69.018074,29,17
1970-01-01 00:00:00.000000189,99.70589,91.66938,66.36768,29,18
1970-01-01 00:00:00.000000190,88.34453,92.81318,66.67504,29,19
1970-01-01 00:00:00.000000191,91.62407,92.36485,67.44954,29,20
1970-01-01 00:00:00.000000192,94.22528,90.732735,67.7899,29,21
1970-01-01 00:00:00.000000193,59.274067,90.76136,66.92892,29,22
1970-01-01 00:00:00.000000194,75.57665,85.494865,65.94252,29,23
1970-01-01 00:00:00.000000195,67.648636,87.58679,67.578316,29,24
1970-01-01 00:00:00.000000196,65.93057,88.579414,66.443054,29,25
1970-01-01 00:00:00.000000197,43.04059,88.51003,65.5535,29,26
1970-01-01 00:00:00.000000198,66.31404,87.13799,67.82346,29,27
1970-01-01 00:00:00.000000199,62.83018,88.86848,65.37498,29,28
1970-01-01 00:00:00.000000200,36.977005,88.147415,65.32755,29,29
1970-01-01 00:00:00.000000201,68.5719,87.46843,72.83714,29,30
1970-01-01 00:00:00.000000092,179.85289,89.06217,37.88933,40,10
1970-01-01 00:00:00.000000093,188.0305,89.368416,38.094116,40,11
1970-01-01 00:00:00.000000094,186.31042,90.2527,39.344368,40,12
1970-01-01 00:00:00.000000095,195.4648,90.27055,39.228428,40,13
1970-01-01 00:00:00.000000096,195.39977,90.41024,39.025005,40,14
1970-01-01 00:00:00.000000092,177.83008,84.86411,38.929974,42,10
1970-01-01 00:00:00.000000093,174.01471,84.898384,39.087044,42,11
1970-01-01 00:00:00.000000094,180.35103,85.16573,37.307343,42,12
1970-01-01 00:00:00.000000095,174.5687,85.999374,35.24606,42,13
1970-01-01 00:00:00.000000096,184.30647,87.58012,33.93888,42,14
1970-01-01 00:00:00.000000156,120.26448,71.71147,61.28139,45,10
1970-01-01 00:00:00.000000157,120.28519,71.561905,61.285988,45,11
1970-01-01 00:00:00.000000158,119.239624,71.28701,61.1572,45,12
1970-01-01 00:00:00.000000159,118.085724,71.51476,61.039238,45,13
1970-01-01 00:00:00.000000160,118.63134,71.251854,61.16345,45,14
1970-01-01 00:00:00.000000161,117.22411,71.32598,61.15431,45,15
1970-01-01 00:00:00.000000162,118.58098,71.51565,61.121296,45,16
1970-01-01 00:00:00.000000163,119.29422,71.981964,60.94308,45,17
1970-01-01 00:00:00.000000164,120.26118,71.76142,61.401558,45,18
1970-01-01 00:00:00.000000165,120.28132,71.75515,61.358402,45,19
1970-01-01 00:00:00.000000166,119.25594,71.65524,61.042908,45,20
1970-01-01 00:00:00.000000167,117.805885,71.10401,61.049488,45,21
1970-01-01 00:00:00.000000168,118.89525,70.92735,61.08504,45,22
1970-01-01 00:00:00.000000169,118.63331,71.44759,61.305393,45,23
1970-01-01 00:00:00.000000170,119.845345,71.17117,60.083397,45,24
1970-01-01 00:00:00.000000171,47.6591,65.55895,52.51444,45,25
1970-01-01 00:00:00.000000116,108.25334,86.23545,55.71897,46,10
1970-01-01 00:00:00.000000117,101.01486,88.11329,56.384293,46,11
1970-01-01 00:00:00.000000118,108.11116,86.518936,57.2719,46,12
1970-01-01 00:00:00.000000119,105.07981,86.70749,57.560852,46,13
1970-01-01 00:00:00.000000120,104.391106,86.49333,58.83621,46,14
1970-01-01 00:00:00.000000121,105.10182,86.20557,59.118935,46,15
1970-01-01 00:00:00.000000122,102.63435,86.21274,59.931774,46,16
1970-01-01 00:00:00.000000123,104.935265,86.662476,60.749187,46,17
1970-01-01 00:00:00.000000124,102.70067,87.00365,61.248825,46,18
1970-01-01 00:00:00.000000243,106.6769,77.546776,40.49777,53,10
1970-01-01 00:00:00.000000244,108.45643,79.6681,40.994568,53,11
1970-01-01 00:00:00.000000245,111.33967,79.23758,41.949654,53,12
1970-01-01 00:00:00.000000246,109.23678,81.107376,43.129623,53,13
1970-01-01 00:00:00.000000247,104.849174,81.06705,43.172947,53,14
1970-01-01 00:00:00.000000248,110.53632,79.18436,41.87525,53,15
1970-01-01 00:00:00.000000249,107.81914,80.013214,40.793415,53,16
1970-01-01 00:00:00.000000250,109.273125,81.1392,40.951748,53,17
1970-01-01 00:00:00.000000251,113.4984,82.35494,41.399727,53,18
1970-01-01 00:00:00.000000252,114.147835,82.76312,41.773518,53,19
1970-01-01 00:00:00.000000253,118.04705,80.774796,40.935738,53,20
1970-01-01 00:00:00.000000254,106.10372,80.64606,39.804974,53,21
1970-01-01 00:00:00.000000255,98.74838,78.65675,43.237873,53,22
1970-01-01 00:00:00.000000256,95.27891,77.73666,45.43084,53,23
1970-01-01 00:00:00.000000257,93.77129,77.518166,46.51267,53,24
1970-01-01 00:00:00.000000258,91.359406,77.50001,47.855495,53,25
1970-01-01 00:00:00.000000259,92.49103,76.96152,46.115723,53,26
1970-01-01 00:00:00.000000260,93.68859,76.58952,43.470985,53,27
1970-01-01 00:00:00.000000261,91.673386,76.47764,43.079315,53,28
1970-01-01 00:00:00.000000262,98.376816,77.75448,42.204784,53,29
1970-01-01 00:00:00.000000263,98.82266,78.66833,41.67832,53,30
1970-01-01 00:00:00.000000264,90.6415,79.99812,42.14126,53,31
1970-01-01 00:00:00.000000265,98.12057,79.56722,41.014786,53,32
1970-01-01 00:00:00.000000266,87.86318,79.74608,39.801666,53,33
1970-01-01 00:00:00.000000267,78.50303,79.393585,39.37559,53,34
1970-01-01 00:00:00.000000268,77.01749,78.58609,38.16507,53,35
1970-01-01 00:00:00.000000269,74.04549,76.3249,37.191963,53,36
1970-01-01 00:00:00.000000270,78.70641,74.93688,36.63469,53,37
1970-01-01 00:00:00.000000271,84.53412,76.99224,36.959644,53,38
1970-01-01 00:00:00.000000272,88.236305,79.37229,37.139175,53,39
1970-01-01 00:00:00.000000273,88.67057,80.68529,38.694946,53,40
1970-01-01 00:00:00.000000274,90.751045,78.81265,40.58063,53,41
1970-01-01 00:00:00.000000097,37.706326,53.353493,64.97451,54,10
1970-01-01 00:00:00.000000098,37.283237,52.49338,65.51534,54,11
1970-01-01 00:00:00.000000099,36.759647,52.149334,66.19138,54,12
1970-01-01 00:00:00.000000100,35.34085,53.122723,67.03929,54,13
1970-01-01 00:00:00.000000101,34.43461,53.742302,67.77381,54,14
1970-01-01 00:00:00.000000102,25.584715,52.690178,68.05491,54,15
1970-01-01 00:00:00.000000277,67.54202,71.26601,18.083597,60,10
1970-01-01 00:00:00.000000278,53.04977,70.134155,18.2639,60,11
1970-01-01 00:00:00.000000279,61.410168,65.87654,20.269245,60,12
1970-01-01 00:00:00.000000280,56.913383,66.45797,24.735876,60,13
1970-01-01 00:00:00.000000281,56.353394,66.44286,27.956825,60,14
1970-01-01 00:00:00.000000282,53.72066,67.96287,30.060854,60,15
1970-01-01 00:00:00.000000283,56.674225,69.67503,27.913849,60,16
1970-01-01 00:00:00.000000284,61.47308,70.74751,26.172682,60,17
1970-01-01 00:00:00.000000285,69.93969,71.24276,25.068008,60,18
1970-01-01 00:00:00.000000286,75.47544,71.789,25.070133,60,19
1970-01-01 00:00:00.000000287,73.51568,73.09418,25.183132,60,20
1970-01-01 00:00:00.000000288,78.92607,73.312294,24.616957,60,21
1970-01-01 00:00:00.000000289,71.37404,72.83195,24.600769,60,22
1970-01-01 00:00:00.000000290,70.683945,72.18799,23.900461,60,23
1970-01-01 00:00:00.000000291,73.120514,72.46087,23.408234,60,24
1970-01-01 00:00:00.000000292,68.74076,71.593796,22.187506,60,25
1970-01-01 00:00:00.000000293,74.528114,71.78207,21.011229,60,26
1970-01-01 00:00:00.000000294,71.57555,72.20613,20.942024,60,27
1970-01-01 00:00:00.000000295,64.2205,71.00922,20.301603,60,28
1970-01-01 00:00:00.000000296,64.89845,69.899956,19.05295,60,29
1970-01-01 00:00:00.000000297,66.5759,70.31924,18.631153,60,30
1970-01-01 00:00:00.000000298,73.053085,70.48049,18.659037,60,31
1970-01-01 00:00:00.000000299,62.55987,70.42873,19.518698,60,32
1970-01-01 00:00:00.000000300,61.497787,69.24928,20.303913,60,33
1970-01-01 00:00:00.000000301,52.72512,67.78556,24.457348,60,34
1970-01-01 00:00:00.000000302,57.475025,68.17106,27.909681,60,35
1970-01-01 00:00:00.000000303,54.815292,67.62852,29.71705,60,36
1970-01-01 00:00:00.000000304,49.095932,68.09964,29.893343,60,37
1970-01-01 00:00:00.000000305,54.410282,66.75855,25.924974,60,38
1970-01-01 00:00:00.000000306,60.034355,67.56157,24.6663,60,39
1970-01-01 00:00:00.000000307,64.403336,68.86851,23.87889,60,40
1970-01-01 00:00:00.000000308,59.7521,71.85849,23.724142,60,41
1970-01-01 00:00:00.000000309,55.95496,69.04413,24.419613,60,42
1970-01-01 00:00:00.000000310,45.81508,66.03209,22.204805,60,43
1970-01-01 00:00:00.000000311,45.19464,64.30465,20.15094,60,44
1970-01-01 00:00:00.000000312,56.521698,66.40867,19.956612,60,45
1970-01-01 00:00:00.000000313,52.637115,67.71115,19.113754,60,46
1970-01-01 00:00:00.000000314,46.567406,65.487076,17.759726,60,47
1970-01-01 00:00:00.000000102,67.94932,94.63477,81.70965,61,10
1970-01-01 00:00:00.000000103,62.31362,94.65378,82.30239,61,11
1970-01-01 00:00:00.000000104,65.90804,94.73325,82.397446,61,12
1970-01-01 00:00:00.000000105,64.831406,95.036095,82.19961,61,13
1970-01-01 00:00:00.000000106,64.133644,95.11012,82.09282,61,14
1970-01-01 00:00:00.000000107,63.74936,95.155266,82.21249,61,15
1970-01-01 00:00:00.000000108,64.06592,95.176926,82.506096,61,16
1970-01-01 00:00:00.000000125,126.83989,87.91698,50.250813,62,10
1970-01-01 00:00:00.000000126,125.91305,88.6617,47.827988,62,11
1970-01-01 00:00:00.000000127,115.94872,88.72284,45.982567,62,12
1970-01-01 00:00:00.000000128,116.75109,88.25631,45.353085,62,13
1970-01-01 00:00:00.000000129,117.59776,87.597466,45.133762,62,14
1970-01-01 00:00:00.000000130,115.89993,86.99623,44.545166,62,15
1970-01-01 00:00:00.000000131,116.80252,86.685455,44.477524,62,16
1970-01-01 00:00:00.000000132,114.7345,86.927986,44.679836,62,17
1970-01-01 00:00:00.000000133,114.06252,87.15756,45.156723,62,18
1970-01-01 00:00:00.000000134,112.78877,87.20162,45.896633,62,19
1970-01-01 00:00:00.000000135,112.81898,87.056335,46.766167,62,20
1970-01-01 00:00:00.000000292,77.90387,84.13135,53.058796,63,10
1970-01-01 00:00:00.000000293,75.44486,83.045654,52.623035,63,11
1970-01-01 00:00:00.000000294,71.983475,82.17935,52.403114,63,12
1970-01-01 00:00:00.000000295,73.21363,82.08124,52.89822,63,13
1970-01-01 00:00:00.000000296,70.97336,81.611916,54.006893,63,14
1970-01-01 00:00:00.000000297,69.427895,81.83957,54.846058,63,15
1970-01-01 00:00:00.000000298,66.05029,79.01204,55.466274,63,16
1970-01-01 00:00:00.000000299,66.5477,76.72286,56.33257,63,17
1970-01-01 00:00:00.000000300,69.36132,76.75844,57.152134,63,18
1970-01-01 00:00:00.000000301,69.26267,77.159775,56.301517,63,19
1970-01-01 00:00:00.000000302,64.544685,79.10077,56.046703,63,20
1970-01-01 00:00:00.000000303,66.093025,79.266884,55.144577,63,21
1970-01-01 00:00:00.000000304,64.706215,78.271484,52.914673,63,22
1970-01-01 00:00:00.000000305,66.13745,78.841515,50.08684,63,23
1970-01-01 00:00:00.000000306,66.678604,78.98476,46.958717,63,24
1970-01-01 00:00:00.000000307,65.69162,80.54545,43.673103,63,25
1970-01-01 00:00:00.000000308,62.961903,80.30574,43.137955,63,26
1970-01-01 00:00:00.000000309,64.13165,80.17411,43.43377,63,27
1970-01-01 00:00:00.000000310,64.43862,81.776344,43.854847,63,28
1970-01-01 00:00:00.000000311,67.05952,83.14796,44.618214,63,29
1970-01-01 00:00:00.000000312,66.52544,84.37391,45.60929,63,30
1970-01-01 00:00:00.000000313,66.53283,84.71563,47.61112,63,31
1970-01-01 00:00:00.000000314,72.67174,85.55898,49.814583,63,32
1970-01-01 00:00:00.000000315,75.105156,86.07869,51.245167,63,33
1970-01-01 00:00:00.000000316,76.53075,86.55416,51.98406,63,34
1970-01-01 00:00:00.000000317,72.01282,85.862015,49.65021,63,35
1970-01-01 00:00:00.000000318,77.60664,85.01328,47.44906,63,36
1970-01-01 00:00:00.000000319,79.56049,84.16774,43.458237,63,37
1970-01-01 00:00:00.000000320,74.92615,83.96574,42.96214,63,38
1970-01-01 00:00:00.000000321,74.730644,83.91272,43.277287,63,39
1970-01-01 00:00:00.000000322,75.22486,84.37721,43.410667,63,40
1970-01-01 00:00:00.000000323,75.093925,84.69346,43.955406,63,41
1970-01-01 00:00:00.000000324,76.23848,84.75172,44.848755,63,42
1970-01-01 00:00:00.000000325,78.29755,84.48164,46.023026,63,43
1970-01-01 00:00:00.000000326,79.4744,83.398766,46.718452,63,44
1970-01-01 00:00:00.000000327,79.07949,82.63383,47.664368,63,45
1970-01-01 00:00:00.000000328,79.20878,82.185005,49.054993,63,46
1970-01-01 00:00:00.000000329,85.90134,83.167404,50.97062,63,47
1970-01-01 00:00:00.000000330,85.00185,84.091095,52.34251,63,48
1970-01-01 00:00:00.000000331,87.84382,84.61295,51.367485,63,49
1970-01-01 00:00:00.000000156,99.32371,76.15874,42.35152,64,10
1970-01-01 00:00:00.000000157,96.26478,76.02709,42.992233,64,11
1970-01-01 00:00:00.000000158,105.239044,76.24584,43.914223,64,12
1970-01-01 00:00:00.000000159,102.62833,75.876236,45.064243,64,13
1970-01-01 00:00:00.000000160,109.96583,76.66662,45.762726,64,14
1970-01-01 00:00:00.000000161,113.03348,75.705765,46.13201,64,15
1970-01-01 00:00:00.000000162,113.129265,76.00669,46.803463,64,16
1970-01-01 00:00:00.000000163,116.047,75.99602,46.57179,64,17
1970-01-01 00:00:00.000000164,111.72153,74.79964,45.80057,64,18
1970-01-01 00:00:00.000000165,108.279106,73.73627,45.762295,64,19
1970-01-01 00:00:00.000000166,104.051765,74.31256,45.591885,64,20
1970-01-01 00:00:00.000000167,98.30602,75.29814,45.461315,64,21
1970-01-01 00:00:00.000000168,99.95557,75.185814,45.87711,64,22
1970-01-01 00:00:00.000000169,98.57966,76.81326,46.186245,64,23
1970-01-01 00:00:00.000000170,95.44073,76.45728,46.076115,64,24
1970-01-01 00:00:00.000000171,44.589363,68.697174,39.301617,64,25
1970-01-01 00:00:00.000000225,46.89979,71.9141,24.359028,65,10
1970-01-01 00:00:00.000000226,47.159737,72.47727,24.388237,65,11
1970-01-01 00:00:00.000000227,45.295902,72.343544,24.842342,65,12
1970-01-01 00:00:00.000000228,45.92075,72.23043,24.903769,65,13
1970-01-01 00:00:00.000000229,52.852512,72.51024,25.523214,65,14
1970-01-01 00:00:00.000000230,59.690174,73.00414,25.87046,65,15
1970-01-01 00:00:00.000000231,57.946568,73.544876,25.966356,65,16
1970-01-01 00:00:00.000000232,56.290325,73.16613,26.649443,65,17
1970-01-01 00:00:00.000000233,54.693436,73.241035,26.391193,65,18
1970-01-01 00:00:00.000000234,59.688133,73.70446,26.297665,65,19
1970-01-01 00:00:00.000000235,59.20721,73.5215,26.359413,65,20
1970-01-01 00:00:00.000000236,57.35666,73.37627,26.352491,65,21
1970-01-01 00:00:00.000000237,61.234142,73.03885,26.297527,65,22
1970-01-01 00:00:00.000000238,60.664516,72.83228,26.262804,65,23
1970-01-01 00:00:00.000000239,64.463646,72.942696,26.656956,65,24
1970-01-01 00:00:00.000000240,64.656,73.33985,26.325354,65,25
1970-01-01 00:00:00.000000241,65.817566,73.48538,26.466337,65,26
1970-01-01 00:00:00.000000242,66.04082,73.71255,26.068495,65,27
1970-01-01 00:00:00.000000243,69.53397,74.9316,26.463469,65,28
1970-01-01 00:00:00.000000244,68.31223,75.4955,26.763086,65,29
1970-01-01 00:00:00.000000245,70.746796,76.42479,26.602585,65,30
1970-01-01 00:00:00.000000246,71.46339,76.05984,26.44138,65,31
1970-01-01 00:00:00.000000247,70.07763,74.7265,26.093046,65,32
1970-01-01 00:00:00.000000248,67.524055,73.53131,25.80659,65,33
1970-01-01 00:00:00.000000249,64.73384,74.58369,25.556847,65,34
1970-01-01 00:00:00.000000250,66.398,73.4959,26.206469,65,35
1970-01-01 00:00:00.000000251,65.537025,73.147934,25.812885,65,36
1970-01-01 00:00:00.000000252,62.452454,71.71242,24.749302,65,37
1970-01-01 00:00:00.000000083,75.817604,94.011505,78.00791,66,10
1970-01-01 00:00:00.000000084,73.31123,92.90957,77.04891,66,11
1970-01-01 00:00:00.000000085,71.00778,92.470795,76.242584,66,12
1970-01-01 00:00:00.000000124,37.885876,87.026024,84.5469,67,10
1970-01-01 00:00:00.000000125,57.057777,75.95624,83.93612,67,11
1970-01-01 00:00:00.000000126,38.5038,85.09123,86.6042,67,12
1970-01-01 00:00:00.000000127,43.470657,87.06059,87.51245,67,13
1970-01-01 00:00:00.000000128,34.2042,89.93603,87.15041,67,14
1970-01-01 00:00:00.000000129,31.337467,90.97715,86.07662,67,15
1970-01-01 00:00:00.000000130,28.541872,90.51114,85.13348,67,16
1970-01-01 00:00:00.000000131,31.651688,90.060776,84.98503,67,17
1970-01-01 00:00:00.000000132,23.499601,89.64507,85.30969,67,18
1970-01-01 00:00:00.000000133,35.591038,90.07345,85.64163,67,19
1970-01-01 00:00:00.000000176,94.064896,76.18242,46.451523,69,10
1970-01-01 00:00:00.000000177,93.526344,76.75322,48.266945,69,11
1970-01-01 00:00:00.000000178,88.72479,77.942726,50.10412,69,12
1970-01-01 00:00:00.000000179,94.8037,76.70642,51.019665,69,13
1970-01-01 00:00:00.000000180,95.93114,75.40961,49.81727,69,14
1970-01-01 00:00:00.000000181,100.68393,77.10045,44.62136,69,15
1970-01-01 00:00:00.000000182,94.77252,76.511925,43.63547,69,16
1970-01-01 00:00:00.000000183,100.38667,78.18241,41.7468,69,17
1970-01-01 00:00:00.000000184,103.48489,80.20831,40.18103,69,18
1970-01-01 00:00:00.000000185,106.42792,81.979126,39.035107,69,19
1970-01-01 00:00:00.000000186,110.49241,81.027084,37.659912,69,20
1970-01-01 00:00:00.000000187,114.94254,80.209854,37.713623,69,21
1970-01-01 00:00:00.000000188,113.40621,79.29539,37.762825,69,22
1970-01-01 00:00:00.000000189,106.792145,77.829056,40.65154,69,23
1970-01-01 00:00:00.000000190,100.70816,76.55881,43.29491,69,24
1970-01-01 00:00:00.000000191,102.948296,75.126,46.261337,69,25
1970-01-01 00:00:00.000000192,99.85347,75.46777,48.17572,69,26
1970-01-01 00:00:00.000000193,100.106346,74.042114,49.48428,69,27
1970-01-01 00:00:00.000000194,101.339325,73.484695,50.87791,69,28
1970-01-01 00:00:00.000000195,100.85538,70.541595,52.02933,69,29
1970-01-01 00:00:00.000000226,126.32523,95.08555,58.603195,70,10
1970-01-01 00:00:00.000000227,128.9123,94.945656,58.200188,70,11
1970-01-01 00:00:00.000000228,127.82857,94.65143,57.689552,70,12
1970-01-01 00:00:00.000000229,127.69937,94.576805,57.464287,70,13
1970-01-01 00:00:00.000000230,130.3461,94.522865,57.596645,70,14
1970-01-01 00:00:00.000000231,132.40025,94.6201,57.529907,70,15
1970-01-01 00:00:00.000000232,133.96826,94.564705,57.67695,70,16
1970-01-01 00:00:00.000000233,134.42613,94.463844,57.03731,70,17
1970-01-01 00:00:00.000000234,135.92982,94.41827,56.96057,70,18
1970-01-01 00:00:00.000000235,138.44472,94.6002,56.589817,70,19
1970-01-01 00:00:00.000000236,139.17982,94.99072,57.16705,70,20
1970-01-01 00:00:00.000000237,141.22183,94.89147,57.319206,70,21
1970-01-01 00:00:00.000000238,144.0909,94.67007,57.507496,70,22
1970-01-01 00:00:00.000000239,144.91975,94.425064,57.501076,70,23
1970-01-01 00:00:00.000000240,147.26054,94.478745,57.541916,70,24
1970-01-01 00:00:00.000000241,149.19493,94.48124,57.772476,70,25
1970-01-01 00:00:00.000000242,149.3303,94.45988,58.081577,70,26
1970-01-01 00:00:00.000000243,149.4171,94.31497,57.871735,70,27
1970-01-01 00:00:00.000000244,148.80586,94.03104,57.718838,70,28
1970-01-01 00:00:00.000000245,148.85576,94.01692,57.670944,70,29
1970-01-01 00:00:00.000000246,149.47665,94.02304,57.483006,70,30
1970-01-01 00:00:00.000000247,149.66425,94.05312,57.43876,70,31
1970-01-01 00:00:00.000000248,148.67119,94.00027,57.268078,70,32
1970-01-01 00:00:00.000000249,148.75223,93.974724,57.06161,70,33
1970-01-01 00:00:00.000000250,150.72998,94.09956,57.00221,70,34
1970-01-01 00:00:00.000000251,148.5019,94.35955,56.94922,70,35
1970-01-01 00:00:00.000000252,144.07579,94.16902,56.94148,70,36
1970-01-01 00:00:00.000000253,142.96954,93.958305,56.660294,70,37
1970-01-01 00:00:00.000000254,125.71441,93.12266,55.30057,70,38
1970-01-01 00:00:00.000000226,115.63406,90.42299,16.573729,71,10
1970-01-01 00:00:00.000000227,117.62046,90.151344,16.381716,71,11
1970-01-01 00:00:00.000000228,115.9197,89.8319,16.523882,71,12
1970-01-01 00:00:00.000000229,115.9355,89.63211,16.77197,71,13
1970-01-01 00:00:00.000000230,115.765465,88.82888,16.773863,71,14
1970-01-01 00:00:00.000000231,113.83503,88.55464,17.254013,71,15
1970-01-01 00:00:00.000000232,104.435715,87.10632,17.111502,71,16
1970-01-01 00:00:00.000000233,86.45395,84.20906,17.58208,71,17
1970-01-01 00:00:00.000000234,72.8889,83.953545,15.895383,71,18
1970-01-01 00:00:00.000000235,85.21411,85.65734,16.710264,71,19
1970-01-01 00:00:00.000000236,97.5661,88.556496,18.093357,71,20
1970-01-01 00:00:00.000000237,113.96606,89.51048,16.160898,71,21
1970-01-01 00:00:00.000000238,112.63196,89.94899,18.565142,71,22
1970-01-01 00:00:00.000000239,120.602745,90.340614,19.693968,71,23
1970-01-01 00:00:00.000000240,124.5457,90.95298,19.604275,71,24
1970-01-01 00:00:00.000000241,133.09438,92.31875,24.097355,71,25
1970-01-01 00:00:00.000000242,144.55908,93.09249,20.632885,71,26
1970-01-01 00:00:00.000000243,140.79976,93.49216,23.597908,71,27
1970-01-01 00:00:00.000000244,148.64629,93.73773,23.854616,71,28
1970-01-01 00:00:00.000000245,153.91072,93.90273,25.645458,71,29
1970-01-01 00:00:00.000000246,158.91824,94.219475,26.016144,71,30
1970-01-01 00:00:00.000000247,161.53693,94.494,29.050955,71,31
1970-01-01 00:00:00.000000248,166.88094,95.078835,31.583622,71,32
1970-01-01 00:00:00.000000249,178.40524,95.72803,37.012447,71,33
1970-01-01 00:00:00.000000250,192.18138,96.28928,43.81777,71,34
1970-01-01 00:00:00.000000251,213.28033,96.55508,50.256676,71,35
1970-01-01 00:00:00.000000252,226.47646,96.80311,52.912945,71,36
1970-01-01 00:00:00.000000253,230.67628,97.06633,55.796276,71,37
1970-01-01 00:00:00.000000320,131.23083,92.41972,55.429897,72,10
1970-01-01 00:00:00.000000321,135.45493,92.57844,56.63021,72,11
1970-01-01 00:00:00.000000322,139.04276,92.74355,57.69658,72,12
1970-01-01 00:00:00.000000323,145.38956,92.80504,59.268585,72,13
1970-01-01 00:00:00.000000324,151.3048,93.29318,60.454716,72,14
1970-01-01 00:00:00.000000325,147.86832,93.937904,61.24447,72,15
1970-01-01 00:00:00.000000326,150.60449,93.72531,59.551605,72,16
1970-01-01 00:00:00.000000327,145.22574,93.31543,57.038166,72,17
1970-01-01 00:00:00.000000328,145.0303,93.035675,56.00311,72,18
1970-01-01 00:00:00.000000329,144.96924,92.86658,55.5297,72,19
1970-01-01 00:00:00.000000330,145.61699,92.53829,55.458527,72,20
1970-01-01 00:00:00.000000331,145.77473,92.51219,55.50759,72,21
1970-01-01 00:00:00.000000332,145.57564,92.53873,56.143913,72,22
1970-01-01 00:00:00.000000333,144.50066,92.53435,56.889175,72,23
1970-01-01 00:00:00.000000334,145.68114,92.58193,57.632282,72,24
1970-01-01 00:00:00.000000335,147.12167,92.6422,59.398094,72,25
1970-01-01 00:00:00.000000336,150.3086,92.883736,60.26641,72,26
1970-01-01 00:00:00.000000337,144.88092,88.122856,61.679794,72,27
1970-01-01 00:00:00.000000338,160.55768,90.21562,58.747585,72,28
1970-01-01 00:00:00.000000339,139.59914,92.83944,55.832283,72,29
1970-01-01 00:00:00.000000340,138.56804,93.43243,55.45917,72,30
1970-01-01 00:00:00.000000341,138.41,93.732254,55.08885,72,31
1970-01-01 00:00:00.000000342,141.68349,93.9491,55.380142,72,32
1970-01-01 00:00:00.000000343,139.95871,93.83682,55.810844,72,33
1970-01-01 00:00:00.000000344,140.62561,93.22397,55.650234,72,34
1970-01-01 00:00:00.000000345,130.43571,87.40318,54.81371,72,35
1970-01-01 00:00:00.000000346,140.90796,87.37982,56.443356,72,36
1970-01-01 00:00:00.000000347,134.14885,84.470825,56.2557,72,37
1970-01-01 00:00:00.000000348,136.65019,89.93997,56.081814,72,38
1970-01-01 00:00:00.000000349,119.92371,91.759514,55.43477,72,39
1970-01-01 00:00:00.000000350,123.78945,92.406784,56.615746,72,40
1970-01-01 00:00:00.000000351,121.35523,92.104416,56.602272,72,41
1970-01-01 00:00:00.000000352,127.81828,89.90425,52.856804,72,42
1970-01-01 00:00:00.000000353,120.77238,88.97612,51.671703,72,43
1970-01-01 00:00:00.000000354,127.72921,89.0927,50.15822,72,44
1970-01-01 00:00:00.000000355,113.671844,85.69278,48.495094,72,45
1970-01-01 00:00:00.000000356,108.97939,78.553215,50.035313,72,46
1970-01-01 00:00:00.000000357,138.47136,77.97112,53.08291,72,47
1970-01-01 00:00:00.000000358,121.4484,76.58065,51.59223,72,48
1970-01-01 00:00:00.000000359,58.12457,71.780205,50.388424,72,49
1970-01-01 00:00:00.000000360,46.484303,66.43481,49.606873,72,50
1970-01-01 00:00:00.000000361,53.75634,71.45493,52.125084,72,51
1970-01-01 00:00:00.000000362,59.975975,75.90314,52.62886,72,52
1970-01-01 00:00:00.000000363,61.654747,76.82259,53.939976,72,53
1970-01-01 00:00:00.000000364,54.74982,76.58565,54.734074,72,54
1970-01-01 00:00:00.000000219,50.671078,85.399666,66.20331,73,10
1970-01-01 00:00:00.000000220,56.593754,86.088684,65.51354,73,11
1970-01-01 00:00:00.000000221,67.72513,87.555435,64.331894,73,12
1970-01-01 00:00:00.000000222,61.908337,87.035416,65.98686,73,13
1970-01-01 00:00:00.000000223,63.342865,86.64977,66.89176,73,14
1970-01-01 00:00:00.000000224,65.92755,85.08889,67.46677,73,15
1970-01-01 00:00:00.000000225,63.259243,86.608604,66.67981,73,16
1970-01-01 00:00:00.000000226,62.076878,87.62152,64.43784,73,17
1970-01-01 00:00:00.000000227,66.91393,83.9214,65.21183,73,18
1970-01-01 00:00:00.000000228,63.68967,87.28108,65.75186,73,19
1970-01-01 00:00:00.000000229,65.87379,86.19014,65.93493,73,20
1970-01-01 00:00:00.000000230,59.13053,87.32769,65.13221,73,21
1970-01-01 00:00:00.000000231,67.8517,83.61983,63.538853,73,22
1970-01-01 00:00:00.000000232,67.12854,85.24849,62.517414,73,23
1970-01-01 00:00:00.000000233,68.180885,84.65028,63.17052,73,24
1970-01-01 00:00:00.000000234,59.69531,83.49229,65.30125,73,25
1970-01-01 00:00:00.000000235,58.01921,83.21023,66.21945,73,26
1970-01-01 00:00:00.000000236,58.369843,82.261215,66.26525,73,27
1970-01-01 00:00:00.000000237,58.80537,81.75204,68.82292,73,28
1970-01-01 00:00:00.000000238,59.96586,82.643105,71.629654,73,29
1970-01-01 00:00:00.000000239,60.387688,82.93108,73.88002,73,30
1970-01-01 00:00:00.000000240,61.229782,81.26372,75.46871,73,31
1970-01-01 00:00:00.000000241,61.157616,82.80762,75.29172,73,32
1970-01-01 00:00:00.000000242,60.250065,82.9998,74.034195,73,33
1970-01-01 00:00:00.000000243,61.413273,80.968285,74.62772,73,34
1970-01-01 00:00:00.000000244,61.21646,82.92021,76.4659,73,35
1970-01-01 00:00:00.000000245,64.88649,83.8575,77.894226,73,36
1970-01-01 00:00:00.000000116,55.06799,87.21804,73.762566,74,10
1970-01-01 00:00:00.000000117,54.914616,86.62,74.283356,74,11
1970-01-01 00:00:00.000000118,51.618923,87.32484,74.94715,74,12
1970-01-01 00:00:00.000000119,54.613518,87.317215,75.68051,74,13
1970-01-01 00:00:00.000000120,54.44066,86.73639,75.91992,74,14
1970-01-01 00:00:00.000000121,53.377995,87.26395,76.96084,74,15
1970-01-01 00:00:00.000000122,54.750633,87.69852,78.0642,74,16
1970-01-01 00:00:00.000000123,55.54049,87.347466,78.85726,74,17
1970-01-01 00:00:00.000000124,53.970085,87.894714,79.58654,74,18
1970-01-01 00:00:00.000000129,145.9196,80.95888,67.111595,76,10
1970-01-01 00:00:00.000000130,144.95433,81.20987,66.999825,76,11
1970-01-01 00:00:00.000000131,145.79164,81.32039,67.32223,76,12
1970-01-01 00:00:00.000000132,146.17326,81.35815,67.2493,76,13
1970-01-01 00:00:00.000000133,146.15536,81.490776,67.320526,76,14
1970-01-01 00:00:00.000000134,147.61208,81.39572,67.35646,76,15
1970-01-01 00:00:00.000000135,147.92485,81.625,67.41383,76,16
1970-01-01 00:00:00.000000136,145.92609,81.64803,67.48328,76,17
1970-01-01 00:00:00.000000137,151.08594,81.79638,67.64361,76,18
1970-01-01 00:00:00.000000138,151.69023,81.824265,67.49575,76,19
1970-01-01 00:00:00.000000139,153.2152,81.81964,67.47429,76,20
1970-01-01 00:00:00.000000151,51.86736,76.47042,55.386127,77,10
1970-01-01 00:00:00.000000152,54.131836,76.286224,56.29326,77,11
1970-01-01 00:00:00.000000153,53.02239,76.28271,57.248894,77,12
1970-01-01 00:00:00.000000154,51.55903,76.16379,58.285233,77,13
1970-01-01 00:00:00.000000155,53.28871,75.81285,59.3658,77,14
1970-01-01 00:00:00.000000156,53.07562,75.807434,60.043224,77,15
1970-01-01 00:00:00.000000157,51.73877,76.0962,60.675896,77,16
1970-01-01 00:00:00.000000158,48.772346,75.682014,61.20569,77,17
1970-01-01 00:00:00.000000159,52.763515,75.771126,61.67771,77,18
1970-01-01 00:00:00.000000160,51.386887,75.8174,62.502266,77,19
1970-01-01 00:00:00.000000161,49.479317,75.77571,63.336567,77,20
1970-01-01 00:00:00.000000162,50.677277,75.76078,64.20603,77,21
1970-01-01 00:00:00.000000163,51.830288,76.01899,65.291405,77,22
1970-01-01 00:00:00.000000164,53.482525,76.50945,66.22057,77,23
1970-01-01 00:00:00.000000165,48.971096,76.470604,66.77698,77,24
1970-01-01 00:00:00.000000098,0.0,100.0,100.0,78,10
1970-01-01 00:00:00.000000099,13.397424,100.0,100.0,78,11
1970-01-01 00:00:00.000000100,15.119942,100.0,100.0,78,12
1970-01-01 00:00:00.000000101,15.445206,100.0,100.0,78,13
1970-01-01 00:00:00.000000102,15.722104,100.0,100.0,78,14
1970-01-01 00:00:00.000000103,16.297215,100.0,100.0,78,15
1970-01-01 00:00:00.000000275,101.734604,82.59582,61.19329,79,10
1970-01-01 00:00:00.000000276,101.371124,83.02303,60.90306,79,11
1970-01-01 00:00:00.000000277,104.68307,83.82341,61.02686,79,12
1970-01-01 00:00:00.000000278,103.64556,83.36255,61.0122,79,13
1970-01-01 00:00:00.000000279,103.32962,82.54083,60.86052,79,14
1970-01-01 00:00:00.000000280,104.53711,82.61745,61.112286,79,15
1970-01-01 00:00:00.000000281,103.31988,81.87501,60.89332,79,16
1970-01-01 00:00:00.000000282,103.765884,81.80329,60.892838,79,17
1970-01-01 00:00:00.000000283,102.16952,82.307755,61.03137,79,18
1970-01-01 00:00:00.000000284,103.05526,82.039734,60.77711,79,19
1970-01-01 00:00:00.000000285,102.458145,82.0627,60.5742,79,20
1970-01-01 00:00:00.000000286,102.24871,81.99281,60.169693,79,21
1970-01-01 00:00:00.000000287,102.97154,82.20145,59.57402,79,22
1970-01-01 00:00:00.000000288,99.19078,81.946884,58.932682,79,23
1970-01-01 00:00:00.000000289,98.02314,81.55573,58.76056,79,24
1970-01-01 00:00:00.000000290,100.43673,81.82344,57.994286,79,25
1970-01-01 00:00:00.000000291,102.64916,81.87939,57.78155,79,26
1970-01-01 00:00:00.000000292,99.99458,82.00077,57.06707,79,27
1970-01-01 00:00:00.000000293,98.13037,82.06323,56.692207,79,28
1970-01-01 00:00:00.000000294,93.85989,81.780205,56.206394,79,29
1970-01-01 00:00:00.000000295,90.95878,80.73847,55.71246,79,30
1970-01-01 00:00:00.000000296,94.04932,80.662025,54.942574,79,31
1970-01-01 00:00:00.000000297,93.82943,79.93303,54.37684,79,32
1970-01-01 00:00:00.000000298,91.57664,79.94126,53.904095,79,33
1970-01-01 00:00:00.000000299,95.96313,80.154915,53.772427,79,34
1970-01-01 00:00:00.000000300,93.45267,80.64104,54.999847,79,35
1970-01-01 00:00:00.000000301,90.74575,81.13425,57.247364,79,36
1970-01-01 00:00:00.000000302,88.752144,80.43706,61.392105,79,37
1970-01-01 00:00:00.000000303,89.82197,81.69912,61.531326,79,38
1970-01-01 00:00:00.000000304,92.534996,81.43923,59.542423,79,39
1970-01-01 00:00:00.000000305,97.77485,81.37153,58.90444,79,40
1970-01-01 00:00:00.000000306,101.586235,81.88275,58.886204,79,41
1970-01-01 00:00:00.000000307,101.01958,82.74959,59.49519,79,42
1970-01-01 00:00:00.000000308,100.00303,82.67346,59.544437,79,43
1970-01-01 00:00:00.000000309,100.36579,82.13734,58.6803,79,44
1970-01-01 00:00:00.000000310,99.701744,81.766685,58.081112,79,45
1970-01-01 00:00:00.000000311,98.616745,81.676506,57.814167,79,46
1970-01-01 00:00:00.000000148,150.79817,87.75764,55.64818,80,10
1970-01-01 00:00:00.000000149,152.42342,88.51945,55.26544,80,11
1970-01-01 00:00:00.000000150,150.16196,88.461685,55.125484,80,12
1970-01-01 00:00:00.000000151,147.50905,88.1029,54.37348,80,13
1970-01-01 00:00:00.000000152,143.67143,87.4002,54.132214,80,14
1970-01-01 00:00:00.000000153,142.51682,86.66541,53.284153,80,15
1970-01-01 00:00:00.000000154,136.55525,86.25613,52.138477,80,16
1970-01-01 00:00:00.000000155,131.83983,85.50639,52.765724,80,17
1970-01-01 00:00:00.000000156,121.87033,83.55302,53.03858,80,18
1970-01-01 00:00:00.000000157,67.88747,95.37809,84.41236,80,19
1970-01-01 00:00:00.000000158,0.0,100.0,100.0,80,20
1970-01-01 00:00:00.000000159,12.914267,100.0,100.0,80,21
1970-01-01 00:00:00.000000160,12.4749565,100.0,100.0,80,22
1970-01-01 00:00:00.000000161,14.011282,100.0,100.0,80,23
1970-01-01 00:00:00.000000162,18.231987,100.0,100.0,80,24
1970-01-01 00:00:00.000000125,120.50779,88.70354,44.02008,81,10
1970-01-01 00:00:00.000000126,138.98141,85.20926,44.908943,81,11
1970-01-01 00:00:00.000000127,121.577034,87.9496,42.109207,81,12
1970-01-01 00:00:00.000000128,121.69977,88.13937,43.05965,81,13
1970-01-01 00:00:00.000000129,120.432465,88.303505,43.483883,81,14
1970-01-01 00:00:00.000000130,123.195984,88.318504,43.16201,81,15
1970-01-01 00:00:00.000000131,124.93948,88.8943,43.647846,81,16
1970-01-01 00:00:00.000000132,131.42378,88.94315,43.386414,81,17
1970-01-01 00:00:00.000000133,129.82968,90.198494,43.34804,81,18
1970-01-01 00:00:00.000000134,124.43199,85.93007,46.368168,81,19
1970-01-01 00:00:00.000000135,142.42497,85.74793,43.957947,81,20
1970-01-01 00:00:00.000000318,136.2776,79.38444,50.83679,83,10
1970-01-01 00:00:00.000000319,137.91228,79.43877,51.345264,83,11
1970-01-01 00:00:00.000000320,140.5603,79.527596,51.480976,83,12
1970-01-01 00:00:00.000000321,141.28342,79.71476,51.464924,83,13
1970-01-01 00:00:00.000000322,144.6836,79.76426,51.708656,83,14
1970-01-01 00:00:00.000000323,144.56612,79.89145,51.58006,83,15
1970-01-01 00:00:00.000000324,146.78377,80.15699,51.730934,83,16
1970-01-01 00:00:00.000000325,150.20377,80.42983,52.101917,83,17
1970-01-01 00:00:00.000000326,148.63544,80.34727,52.291428,83,18
1970-01-01 00:00:00.000000327,151.40652,80.13485,52.60072,83,19
1970-01-01 00:00:00.000000328,153.91177,80.05552,52.851723,83,20
1970-01-01 00:00:00.000000329,149.44261,79.8253,53.040295,83,21
1970-01-01 00:00:00.000000330,148.13007,79.47263,52.763237,83,22
1970-01-01 00:00:00.000000331,150.63005,79.80313,52.26821,83,23
1970-01-01 00:00:00.000000332,151.06041,79.8263,52.52169,83,24
1970-01-01 00:00:00.000000333,146.55989,79.79316,52.483105,83,25
1970-01-01 00:00:00.000000334,140.9977,79.56971,51.996555,83,26
1970-01-01 00:00:00.000000335,142.29517,79.06676,51.48513,83,27
1970-01-01 00:00:00.000000336,145.23804,79.4179,51.386383,83,28
1970-01-01 00:00:00.000000337,139.61798,79.38622,51.603252,83,29
1970-01-01 00:00:00.000000338,139.57188,79.179115,51.44449,83,30
1970-01-01 00:00:00.000000339,140.016,79.34403,51.35041,83,31
1970-01-01 00:00:00.000000340,141.04477,79.48489,51.588726,83,32
1970-01-01 00:00:00.000000341,142.98465,79.67258,51.524822,83,33
1970-01-01 00:00:00.000000342,143.29243,79.89442,51.79995,83,34
1970-01-01 00:00:00.000000343,144.33528,80.1839,51.96935,83,35
1970-01-01 00:00:00.000000344,146.98326,80.148705,52.06871,83,36
1970-01-01 00:00:00.000000345,146.73082,80.37775,52.033993,83,37
1970-01-01 00:00:00.000000346,149.37642,80.46566,52.414333,83,38
1970-01-01 00:00:00.000000347,149.39662,80.405594,52.18735,83,39
1970-01-01 00:00:00.000000348,151.91763,80.678604,52.45786,83,40
1970-01-01 00:00:00.000000349,152.60997,80.65418,52.65027,83,41
1970-01-01 00:00:00.000000350,155.22156,80.807365,52.96703,83,42
1970-01-01 00:00:00.000000351,157.66655,80.98779,53.0616,83,43
1970-01-01 00:00:00.000000352,158.38701,81.131226,53.477608,83,44
1970-01-01 00:00:00.000000353,161.63742,80.95262,53.565414,83,45
1970-01-01 00:00:00.000000354,162.56361,81.25934,53.837105,83,46
1970-01-01 00:00:00.000000355,164.12128,81.258286,53.754307,83,47
1970-01-01 00:00:00.000000356,165.45827,81.261765,53.814316,83,48
1970-01-01 00:00:00.000000357,164.87941,81.036896,53.663143,83,49
1970-01-01 00:00:00.000000358,160.58815,80.779686,53.497288,83,50
1970-01-01 00:00:00.000000359,159.06664,80.27853,52.844013,83,51
1970-01-01 00:00:00.000000360,159.58408,80.72481,52.829655,83,52
1970-01-01 00:00:00.000000361,158.70845,81.07814,52.992977,83,53
1970-01-01 00:00:00.000000362,151.88605,80.87929,52.761707,83,54
1970-01-01 00:00:00.000000110,187.0153,92.90929,74.269745,84,10
1970-01-01 00:00:00.000000111,186.86107,92.93237,74.398605,84,11
1970-01-01 00:00:00.000000112,186.46294,92.94866,74.52928,84,12
1970-01-01 00:00:00.000000113,185.66673,93.08495,74.4679,84,13
1970-01-01 00:00:00.000000114,187.03137,93.448784,74.71339,84,14
1970-01-01 00:00:00.000000115,189.63156,93.48817,74.90968,84,15
1970-01-01 00:00:00.000000116,190.78546,93.43079,74.89258,84,16
1970-01-01 00:00:00.000000117,191.92854,93.4731,74.94614,84,17
1970-01-01 00:00:00.000000118,142.7093,84.89142,70.48959,85,10
1970-01-01 00:00:00.000000119,139.36813,84.29953,70.29157,85,11
1970-01-01 00:00:00.000000120,138.63231,85.03706,70.20089,85,12
1970-01-01 00:00:00.000000121,138.35168,86.28229,70.32366,85,13
1970-01-01 00:00:00.000000122,140.31966,86.758736,70.57673,85,14
1970-01-01 00:00:00.000000123,144.66127,87.19892,71.02226,85,15
1970-01-01 00:00:00.000000124,146.93317,87.634026,71.38989,85,16
1970-01-01 00:00:00.000000125,151.39035,87.91171,71.60098,85,17
1970-01-01 00:00:00.000000126,154.99893,87.862045,71.56959,85,18
1970-01-01 00:00:00.000000215,148.70161,93.74455,54.61378,86,10
1970-01-01 00:00:00.000000216,154.08012,93.97874,54.984936,86,11
1970-01-01 00:00:00.000000217,153.42143,93.66419,52.89456,86,12
1970-01-01 00:00:00.000000218,151.43657,93.04885,52.19341,86,13
1970-01-01 00:00:00.000000219,143.72289,92.06621,51.823753,86,14
1970-01-01 00:00:00.000000220,139.59863,91.55282,51.134735,86,15
1970-01-01 00:00:00.000000221,141.45746,91.294945,51.037987,86,16
1970-01-01 00:00:00.000000222,140.59418,91.08756,49.520447,86,17
1970-01-01 00:00:00.000000223,141.81581,91.62973,50.327667,86,18
1970-01-01 00:00:00.000000224,146.40965,92.27682,50.958164,86,19
1970-01-01 00:00:00.000000225,149.38297,92.89816,51.659264,86,20
1970-01-01 00:00:00.000000226,150.8067,92.83157,52.06163,86,21
1970-01-01 00:00:00.000000227,153.15059,92.95276,51.143375,86,22
1970-01-01 00:00:00.000000228,146.00864,92.24977,49.15085,86,23
1970-01-01 00:00:00.000000229,137.66776,91.58995,48.420265,86,24
1970-01-01 00:00:00.000000230,134.30786,91.07335,48.324768,86,25
1970-01-01 00:00:00.000000231,136.08409,89.62056,50.562096,86,26
1970-01-01 00:00:00.000000232,138.47957,88.24404,49.35783,86,27
1970-01-01 00:00:00.000000233,132.83751,91.020164,45.185524,86,28
1970-01-01 00:00:00.000000234,132.11096,91.1934,46.03059,86,29
1970-01-01 00:00:00.000000235,139.34325,92.19479,47.35417,86,30
1970-01-01 00:00:00.000000236,140.09926,92.42435,47.66926,86,31
1970-01-01 00:00:00.000000237,145.48238,92.85826,49.37509,86,32
1970-01-01 00:00:00.000000238,149.81268,92.78813,48.56759,86,33
1970-01-01 00:00:00.000000239,142.82556,92.27156,47.398582,86,34
1970-01-01 00:00:00.000000240,142.72046,86.522705,48.59858,86,35
1970-01-01 00:00:00.000000385,124.4768,95.687225,82.367195,87,10
1970-01-01 00:00:00.000000386,126.39694,95.69319,82.2949,87,11
1970-01-01 00:00:00.000000387,131.36115,95.69747,82.43012,87,12
1970-01-01 00:00:00.000000388,128.38231,95.497604,82.142654,87,13
1970-01-01 00:00:00.000000389,124.747574,95.30582,81.88051,87,14
1970-01-01 00:00:00.000000390,121.33556,95.215805,81.76773,87,15
1970-01-01 00:00:00.000000391,119.53418,94.76616,81.49231,87,16
1970-01-01 00:00:00.000000392,116.830894,94.652016,81.669174,87,17
1970-01-01 00:00:00.000000393,117.25206,95.145744,82.234795,87,18
1970-01-01 00:00:00.000000394,125.639046,95.30724,82.2284,87,19
1970-01-01 00:00:00.000000395,129.00116,94.74614,81.804955,87,20
1970-01-01 00:00:00.000000396,125.56232,94.67239,81.67336,87,21
1970-01-01 00:00:00.000000397,129.35837,94.24524,81.19748,87,22
1970-01-01 00:00:00.000000398,119.5876,93.69622,81.01299,87,23
1970-01-01 00:00:00.000000399,113.35273,93.30906,80.85166,87,24
1970-01-01 00:00:00.000000400,107.27371,92.493126,80.92879,87,25
1970-01-01 00:00:00.000000401,119.08955,86.611984,81.69769,87,26
1970-01-01 00:00:00.000000402,108.582146,91.08552,82.913734,87,27
1970-01-01 00:00:00.000000403,115.51798,92.525856,83.08983,87,28
1970-01-01 00:00:00.000000404,123.971054,92.61464,82.27502,87,29
1970-01-01 00:00:00.000000405,123.67985,92.23257,82.41102,87,30
1970-01-01 00:00:00.000000406,120.52428,92.40984,83.03149,87,31
1970-01-01 00:00:00.000000407,121.449455,92.77255,83.42194,87,32
1970-01-01 00:00:00.000000408,121.709785,92.815605,83.39592,87,33
1970-01-01 00:00:00.000000409,120.49856,93.0961,83.68523,87,34
1970-01-01 00:00:00.000000410,123.89678,93.67821,84.06854,87,35
1970-01-01 00:00:00.000000411,132.40753,94.217094,83.4379,87,36
1970-01-01 00:00:00.000000412,125.35031,94.65227,82.15003,87,37
1970-01-01 00:00:00.000000413,118.40938,94.72505,80.77691,87,38
1970-01-01 00:00:00.000000414,124.37943,93.96872,80.12191,87,39
1970-01-01 00:00:00.000000415,121.37394,92.074005,80.64092,87,40
1970-01-01 00:00:00.000000416,113.753296,91.74179,81.62797,87,41
1970-01-01 00:00:00.000000417,116.49455,92.02528,82.807594,87,42
1970-01-01 00:00:00.000000418,113.38536,91.76774,83.452576,87,43
1970-01-01 00:00:00.000000419,113.93513,91.49021,83.86443,87,44
1970-01-01 00:00:00.000000420,110.203606,91.70373,84.27149,87,45
1970-01-01 00:00:00.000000421,108.45003,91.96917,84.57244,87,46
1970-01-01 00:00:00.000000422,103.06079,91.49062,84.8689,87,47
1970-01-01 00:00:00.000000423,98.1715,91.15298,85.13861,87,48
1970-01-01 00:00:00.000000424,98.17004,92.90904,84.65357,87,49
1970-01-01 00:00:00.000000425,99.52368,96.645515,83.56699,87,50
1970-01-01 00:00:00.000000426,115.607056,96.98944,82.966225,87,51
1970-01-01 00:00:00.000000427,126.805984,94.371056,80.46502,87,52
1970-01-01 00:00:00.000000428,118.48947,92.001015,80.120636,87,53
1970-01-01 00:00:00.000000429,102.02553,89.242584,80.30583,87,54
1970-01-01 00:00:00.000000430,88.27047,89.62,82.04983,87,55
1970-01-01 00:00:00.000000431,92.03579,92.274734,83.50681,87,56
1970-01-01 00:00:00.000000432,101.39176,94.71783,84.12514,87,57
1970-01-01 00:00:00.000000433,112.53429,94.785385,83.13314,87,58
1970-01-01 00:00:00.000000434,80.51919,93.374794,81.52102,87,59
1970-01-01 00:00:00.000000435,76.59492,73.96005,81.48887,87,60
1970-01-01 00:00:00.000000436,78.944885,71.647484,85.78297,87,61
1970-01-01 00:00:00.000000437,87.484856,77.446594,87.230675,87,62
1970-01-01 00:00:00.000000438,85.05793,86.33635,87.85995,87,63
1970-01-01 00:00:00.000000439,100.719025,92.55402,87.37122,87,64
1970-01-01 00:00:00.000000440,122.05128,92.621185,85.72579,87,65
1970-01-01 00:00:00.000000441,124.203384,92.69115,84.198,87,66
1970-01-01 00:00:00.000000355,143.23755,81.03455,72.90086,88,10
1970-01-01 00:00:00.000000356,146.09404,81.02929,73.241875,88,11
1970-01-01 00:00:00.000000357,146.62752,81.05561,73.406296,88,12
1970-01-01 00:00:00.000000358,146.96434,81.10828,73.58276,88,13
1970-01-01 00:00:00.000000359,148.02502,81.36509,73.60646,88,14
1970-01-01 00:00:00.000000360,146.74054,81.400826,73.69276,88,15
1970-01-01 00:00:00.000000361,142.22134,81.2098,73.59633,88,16
1970-01-01 00:00:00.000000362,141.61705,81.25308,73.35375,88,17
1970-01-01 00:00:00.000000363,138.44456,81.04572,73.05744,88,18
1970-01-01 00:00:00.000000364,139.16501,80.9395,72.97244,88,19
1970-01-01 00:00:00.000000365,140.22838,80.971176,72.91297,88,20
1970-01-01 00:00:00.000000366,141.03018,81.076836,72.82861,88,21
1970-01-01 00:00:00.000000367,141.84749,81.24485,73.13885,88,22
1970-01-01 00:00:00.000000368,142.73239,81.15289,73.17319,88,23
1970-01-01 00:00:00.000000369,146.81416,81.261406,73.30992,88,24
1970-01-01 00:00:00.000000370,146.3174,81.0639,73.41424,88,25
1970-01-01 00:00:00.000000371,146.52512,81.31435,73.53989,88,26
1970-01-01 00:00:00.000000372,147.29904,81.30765,73.746284,88,27
1970-01-01 00:00:00.000000373,148.7868,81.35054,73.84471,88,28
1970-01-01 00:00:00.000000374,148.69923,81.26747,73.937965,88,29
1970-01-01 00:00:00.000000375,147.89261,81.42913,73.81473,88,30
1970-01-01 00:00:00.000000376,144.58342,81.36224,73.6755,88,31
1970-01-01 00:00:00.000000377,143.00694,81.30849,73.57246,88,32
1970-01-01 00:00:00.000000378,141.0467,81.30948,73.511185,88,33
1970-01-01 00:00:00.000000379,141.84514,81.05041,73.388565,88,34
1970-01-01 00:00:00.000000380,141.52654,80.82099,73.52103,88,35
1970-01-01 00:00:00.000000381,145.64392,80.84693,73.511375,88,36
1970-01-01 00:00:00.000000382,144.98409,80.76587,73.68829,88,37
1970-01-01 00:00:00.000000383,148.81822,80.79245,74.01188,88,38
1970-01-01 00:00:00.000000384,149.66985,80.76032,74.2152,88,39
1970-01-01 00:00:00.000000385,152.525,80.44617,74.39971,88,40
1970-01-01 00:00:00.000000386,156.31468,80.978325,74.85572,88,41
1970-01-01 00:00:00.000000387,160.7492,81.14875,75.200134,88,42
1970-01-01 00:00:00.000000388,163.33829,81.38263,75.56374,88,43
1970-01-01 00:00:00.000000389,165.61766,81.85478,75.46886,88,44
1970-01-01 00:00:00.000000390,168.5998,82.19286,75.70911,88,45
1970-01-01 00:00:00.000000391,168.20831,82.75032,76.00429,88,46
1970-01-01 00:00:00.000000392,170.03384,82.43393,75.75336,88,47
1970-01-01 00:00:00.000000393,176.5895,83.0305,75.54709,88,48
1970-01-01 00:00:00.000000394,179.87251,83.405304,75.525345,88,49
1970-01-01 00:00:00.000000395,179.89449,83.56317,75.462494,88,50
1970-01-01 00:00:00.000000396,181.33482,83.85952,75.47389,88,51
1970-01-01 00:00:00.000000397,185.31163,84.048065,75.334496,88,52
1970-01-01 00:00:00.000000398,186.43054,84.33879,75.42977,88,53
1970-01-01 00:00:00.000000399,190.82845,84.80968,75.40839,88,54
1970-01-01 00:00:00.000000400,193.3235,85.23398,75.36606,88,55
1970-01-01 00:00:00.000000401,196.37234,85.48235,75.6539,88,56
1970-01-01 00:00:00.000000402,194.91489,85.28489,75.43683,88,57
1970-01-01 00:00:00.000000403,192.00104,85.23352,74.87634,88,58
1970-01-01 00:00:00.000000404,190.27109,85.05617,74.59006,88,59
1970-01-01 00:00:00.000000405,190.2175,84.81072,74.3722,88,60
1970-01-01 00:00:00.000000093,27.905611,100.0,100.0,89,10
1970-01-01 00:00:00.000000094,30.359419,100.0,100.0,89,11
1970-01-01 00:00:00.000000095,30.35986,100.0,100.0,89,12
1970-01-01 00:00:00.000000096,30.187231,100.0,100.0,89,13
1970-01-01 00:00:00.000000097,24.419224,100.0,100.0,89,14
1970-01-01 00:00:00.000000101,41.853615,71.771194,66.01144,92,10
1970-01-01 00:00:00.000000102,43.601864,72.43719,66.51683,92,11
1970-01-01 00:00:00.000000103,41.736603,72.59371,66.788284,92,12
1970-01-01 00:00:00.000000104,43.55025,72.48667,67.14403,92,13
1970-01-01 00:00:00.000000105,42.24615,72.874214,67.31883,92,14
1970-01-01 00:00:00.000000106,42.97165,73.074585,67.40814,92,15
1970-01-01 00:00:00.000000166,91.68678,85.14612,46.941395,93,10
1970-01-01 00:00:00.000000167,84.64898,84.76834,46.013832,93,11
1970-01-01 00:00:00.000000168,75.94252,84.84805,44.511776,93,12
1970-01-01 00:00:00.000000169,74.478294,85.0376,43.888477,93,13
1970-01-01 00:00:00.000000170,79.632774,85.14078,44.1224,93,14
1970-01-01 00:00:00.000000171,80.58332,86.296715,44.45044,93,15
1970-01-01 00:00:00.000000172,87.36668,87.83141,46.524506,93,16
1970-01-01 00:00:00.000000173,96.94376,89.49228,49.00967,93,17
1970-01-01 00:00:00.000000174,110.246895,89.51068,51.314587,93,18
1970-01-01 00:00:00.000000175,117.423904,88.64824,50.915863,93,19
1970-01-01 00:00:00.000000176,66.440025,77.49521,35.9385,93,20
1970-01-01 00:00:00.000000177,0.0,74.562904,59.33268,93,21
1970-01-01 00:00:00.000000178,0.0,100.0,100.0,93,22
1970-01-01 00:00:00.000000179,6.218097,98.39648,96.98283,93,23
1970-01-01 00:00:00.000000180,7.658753,98.68933,97.53385,93,24
1970-01-01 00:00:00.000000181,8.472174,98.89975,97.929794,93,25
1970-01-01 00:00:00.000000182,7.8572235,98.5306,97.2352,93,26
1970-01-01 00:00:00.000000183,8.291677,99.095505,98.298096,93,27
1970-01-01 00:00:00.000000114,93.58077,77.41892,75.63599,95,10
1970-01-01 00:00:00.000000115,89.85729,76.87379,75.50369,95,11
1970-01-01 00:00:00.000000116,95.88801,77.5222,75.58583,95,12
1970-01-01 00:00:00.000000117,84.631294,78.95123,75.95553,95,13
1970-01-01 00:00:00.000000118,87.86522,78.18593,76.368774,95,14
1970-01-01 00:00:00.000000119,82.58272,78.20928,76.659096,95,15
1970-01-01 00:00:00.000000120,92.20501,77.57401,76.61068,95,16
1970-01-01 00:00:00.000000121,92.71794,76.866066,76.81709,95,17
1970-01-01 00:00:00.000000122,90.59522,76.12753,76.882866,95,18
1970-01-01 00:00:00.000000183,107.79973,75.06858,61.61968,96,10
1970-01-01 00:00:00.000000184,112.74872,74.30663,62.23275,96,11
1970-01-01 00:00:00.000000185,116.28623,75.431915,62.855576,96,12
1970-01-01 00:00:00.000000186,112.84169,75.23393,63.488808,96,13
1970-01-01 00:00:00.000000187,117.35971,75.04496,64.01647,96,14
1970-01-01 00:00:00.000000188,120.290375,75.3168,64.75947,96,15
1970-01-01 00:00:00.000000189,120.205505,75.130486,65.087456,96,16
1970-01-01 00:00:00.000000190,120.05545,75.6053,65.574936,96,17
1970-01-01 00:00:00.000000191,118.641594,75.42638,65.51801,96,18
1970-01-01 00:00:00.000000192,121.13343,75.10218,65.31522,96,19
1970-01-01 00:00:00.000000193,123.219505,75.96731,65.49948,96,20
1970-01-01 00:00:00.000000194,123.92668,75.49756,65.679695,96,21
1970-01-01 00:00:00.000000195,121.69757,74.68293,65.66615,96,22
1970-01-01 00:00:00.000000196,121.86215,73.65704,65.54112,96,23
1970-01-01 00:00:00.000000197,122.78307,72.296684,65.4622,96,24
1970-01-01 00:00:00.000000198,124.68821,72.219955,65.59831,96,25
1970-01-01 00:00:00.000000199,120.746704,73.629,65.59249,96,26
1970-01-01 00:00:00.000000200,119.80654,74.24146,65.631996,96,27
1970-01-01 00:00:00.000000201,111.05427,74.256454,65.32297,96,28
1970-01-01 00:00:00.000000202,102.96079,73.90963,64.78056,96,29
1970-01-01 00:00:00.000000203,88.077354,72.92299,64.21603,96,30
1970-01-01 00:00:00.000000079,18.948935,100.0,100.0,98,10
1970-01-01 00:00:00.000000080,18.705385,100.0,100.0,98,11
1970-01-01 00:00:00.000000081,19.575743,100.0,100.0,98,12
1970-01-01 00:00:00.000000096,0.0,100.0,100.0,99,10
1970-01-01 00:00:00.000000097,13.53686,100.0,100.0,99,11
1970-01-01 00:00:00.000000098,28.297182,100.0,100.0,99,12
1970-01-01 00:00:00.000000099,23.789724,100.0,100.0,99,13
1970-01-01 00:00:00.000000100,23.864695,100.0,100.0,99,14
1970-01-01 00:00:00.000000101,23.868523,100.0,100.0,99,15
1970-01-01 00:00:00.000000340,139.41768,84.61157,57.08156,100,10
1970-01-01 00:00:00.000000341,135.1819,83.078415,57.057903,100,11
1970-01-01 00:00:00.000000342,127.3659,82.27438,56.969135,100,12
1970-01-01 00:00:00.000000343,130.1582,81.812225,57.20358,100,13
1970-01-01 00:00:00.000000344,119.50409,81.15796,57.086147,100,14
1970-01-01 00:00:00.000000345,118.60229,80.80202,57.374363,100,15
1970-01-01 00:00:00.000000346,112.52993,80.55144,57.62458,100,16
1970-01-01 00:00:00.000000347,110.21605,79.42964,57.784916,100,17
1970-01-01 00:00:00.000000348,108.25085,77.97777,57.99008,100,18
1970-01-01 00:00:00.000000349,109.45888,76.37794,57.95727,100,19
1970-01-01 00:00:00.000000350,106.88993,76.3741,58.646328,100,20
1970-01-01 00:00:00.000000351,103.5675,76.37313,59.15951,100,21
1970-01-01 00:00:00.000000352,96.87569,75.890884,59.671745,100,22
1970-01-01 00:00:00.000000353,93.838135,75.36399,60.09021,100,23
1970-01-01 00:00:00.000000354,90.588165,74.7347,60.44571,100,24
1970-01-01 00:00:00.000000355,84.88786,74.432526,60.7609,100,25
1970-01-01 00:00:00.000000356,80.2816,73.86586,60.97352,100,26
1970-01-01 00:00:00.000000357,80.59003,75.19764,61.31695,100,27
1970-01-01 00:00:00.000000358,78.29484,73.69378,61.422085,100,28
1970-01-01 00:00:00.000000359,78.89854,73.22589,61.561207,100,29
1970-01-01 00:00:00.000000360,77.98431,72.22123,61.983013,100,30
1970-01-01 00:00:00.000000361,77.45584,71.86207,62.340595,100,31
1970-01-01 00:00:00.000000362,78.370056,71.73104,62.781044,100,32
1970-01-01 00:00:00.000000363,79.043564,72.20938,63.36305,100,33
1970-01-01 00:00:00.000000364,79.703064,72.663315,64.01961,100,34
1970-01-01 00:00:00.000000365,81.11874,72.9705,64.5136,100,35
1970-01-01 00:00:00.000000366,80.72554,72.72259,64.90039,100,36
1970-01-01 00:00:00.000000367,82.368355,72.351494,65.4809,100,37
1970-01-01 00:00:00.000000368,79.00858,72.02076,65.51389,100,38
1970-01-01 00:00:00.000000369,79.677925,71.718315,65.82456,100,39
1970-01-01 00:00:00.000000370,79.29847,71.90684,65.931854,100,40
1970-01-01 00:00:00.000000371,72.26172,72.03451,66.338455,100,41
1970-01-01 00:00:00.000000372,76.25144,71.517586,66.601364,100,42
1970-01-01 00:00:00.000000373,79.012825,71.6264,66.54974,100,43
1970-01-01 00:00:00.000000374,81.06803,72.435814,66.9332,100,44
1970-01-01 00:00:00.000000375,77.13709,71.75456,67.26831,100,45
1970-01-01 00:00:00.000000376,75.054695,71.14376,67.28621,100,46
1970-01-01 00:00:00.000000377,68.908066,70.64073,67.035675,100,47
1970-01-01 00:00:00.000000378,59.247417,69.76241,66.80109,100,48
1970-01-01 00:00:00.000000379,46.78845,68.693085,66.30463,100,49
1970-01-01 00:00:00.000000380,40.379,66.74973,65.56561,100,50
1970-01-01 00:00:00.000000381,44.007816,66.34722,63.92441,100,51
1970-01-01 00:00:00.000000382,4.4281487,62.557816,56.22519,100,52
1970-01-01 00:00:00.000000383,0.0,100.0,100.0,100,53
1970-01-01 00:00:00.000000384,6.416281,99.68993,99.30091,100,54
1970-01-01 00:00:00.000000385,9.444771,99.888695,99.790565,100,55
1970-01-01 00:00:00.000000386,10.384237,100.0,100.0,100,56
1970-01-01 00:00:00.000000387,11.038777,100.0,100.0,100,57
1970-01-01 00:00:00.000000388,10.932853,100.0,100.0,100,58
1970-01-01 00:00:00.000000142,115.54198,83.36246,46.464306,101,10
1970-01-01 00:00:00.000000143,119.81165,83.95962,47.571533,101,11
1970-01-01 00:00:00.000000144,128.12874,84.75753,49.42347,101,12
1970-01-01 00:00:00.000000145,134.15169,85.77835,51.623226,101,13
1970-01-01 00:00:00.000000146,140.86128,86.41521,53.093765,101,14
1970-01-01 00:00:00.000000147,149.43347,87.306175,54.347027,101,15
1970-01-01 00:00:00.000000148,157.41518,87.99482,55.894196,101,16
1970-01-01 00:00:00.000000149,162.76944,88.514915,57.134537,101,17
1970-01-01 00:00:00.000000150,163.90627,89.628685,58.362976,101,18
1970-01-01 00:00:00.000000151,161.96571,89.985054,59.70607,101,19
1970-01-01 00:00:00.000000152,163.96996,90.03893,60.409615,101,20
1970-01-01 00:00:00.000000153,163.88596,90.136696,60.875088,101,21
1970-01-01 00:00:00.000000154,166.3254,90.51516,61.275593,101,22
1970-01-01 00:00:00.000000155,165.4776,90.336136,61.706837,101,23
1970-01-01 00:00:00.000000187,164.7921,79.056816,69.86153,103,10
1970-01-01 00:00:00.000000188,165.11389,79.50288,70.42122,103,11
1970-01-01 00:00:00.000000189,162.68991,79.41795,70.74436,103,12
1970-01-01 00:00:00.000000190,166.13872,79.6142,71.10947,103,13
1970-01-01 00:00:00.000000191,169.34308,79.867165,71.74646,103,14
1970-01-01 00:00:00.000000192,170.92747,80.03645,72.28127,103,15
1970-01-01 00:00:00.000000193,175.11206,80.05323,72.64086,103,16
1970-01-01 00:00:00.000000194,180.56807,80.96416,73.321915,103,17
1970-01-01 00:00:00.000000195,181.70213,80.75016,73.7209,103,18
1970-01-01 00:00:00.000000196,180.82175,81.064064,73.92705,103,19
1970-01-01 00:00:00.000000197,179.24759,81.277794,73.749695,103,20
1970-01-01 00:00:00.000000198,180.50276,81.29553,73.85875,103,21
1970-01-01 00:00:00.000000199,185.89122,81.61683,74.26959,103,22
1970-01-01 00:00:00.000000200,188.52223,82.127235,74.62206,103,23
1970-01-01 00:00:00.000000201,193.88708,83.00773,74.67507,103,24
1970-01-01 00:00:00.000000202,191.98628,82.90284,75.12411,103,25
1970-01-01 00:00:00.000000203,194.60493,82.66791,75.252914,103,26
1970-01-01 00:00:00.000000204,194.28046,82.98233,74.88046,103,27
1970-01-01 00:00:00.000000205,187.55983,83.2641,75.00984,103,28
1970-01-01 00:00:00.000000206,186.68393,83.06352,74.78204,103,29
1970-01-01 00:00:00.000000207,184.73625,82.59632,74.88161,103,30
1970-01-01 00:00:00.000000208,190.10622,82.53923,74.83373,103,31
1970-01-01 00:00:00.000000080,14.723948,100.0,100.0,104,10
1970-01-01 00:00:00.000000081,14.169609,100.0,100.0,104,11
1970-01-01 00:00:00.000000082,14.601064,100.0,100.0,104,12
1970-01-01 00:00:00.000000190,180.97585,92.28138,59.89835,105,10
1970-01-01 00:00:00.000000191,188.74213,93.159615,61.23609,105,11
1970-01-01 00:00:00.000000192,201.7074,93.82673,62.903996,105,12
1970-01-01 00:00:00.000000193,208.53352,93.16182,64.28848,105,13
1970-01-01 00:00:00.000000194,205.71436,95.042885,63.611053,105,14
1970-01-01 00:00:00.000000195,215.82867,93.81721,63.959976,105,15
1970-01-01 00:00:00.000000196,212.6337,94.10601,63.91051,105,16
1970-01-01 00:00:00.000000197,207.41856,94.30344,65.27854,105,17
1970-01-01 00:00:00.000000198,207.45627,94.1716,65.48389,105,18
1970-01-01 00:00:00.000000199,205.41666,93.9738,63.858562,105,19
1970-01-01 00:00:00.000000200,207.46211,94.08801,64.14335,105,20
1970-01-01 00:00:00.000000201,216.98424,94.41042,64.58334,105,21
1970-01-01 00:00:00.000000202,226.59872,95.486725,66.14245,105,22
1970-01-01 00:00:00.000000203,239.04503,96.02621,67.93935,105,23
1970-01-01 00:00:00.000000204,243.50497,96.15308,67.55171,105,24
1970-01-01 00:00:00.000000205,220.65443,95.71888,66.49606,105,25
1970-01-01 00:00:00.000000206,204.93102,94.66035,66.30195,105,26
1970-01-01 00:00:00.000000207,192.59712,93.75927,65.79264,105,27
1970-01-01 00:00:00.000000208,190.53284,93.46518,64.161255,105,28
1970-01-01 00:00:00.000000209,184.66292,90.805244,62.95186,105,29
1970-01-01 00:00:00.000000210,178.08144,90.20559,60.076546,105,30
1970-01-01 00:00:00.000000211,157.2738,88.92379,57.759468,105,31
1970-01-01 00:00:00.000000281,190.25975,78.576775,57.644974,106,10
1970-01-01 00:00:00.000000282,189.839,78.54103,57.380966,106,11
1970-01-01 00:00:00.000000283,190.25604,78.45655,57.596428,106,12
1970-01-01 00:00:00.000000284,187.77756,78.38922,57.32367,106,13
1970-01-01 00:00:00.000000285,186.7134,78.30461,57.133137,106,14
1970-01-01 00:00:00.000000286,186.82434,78.193085,56.93746,106,15
1970-01-01 00:00:00.000000287,185.71725,78.41908,56.874275,106,16
1970-01-01 00:00:00.000000288,185.78857,78.25589,56.862446,106,17
1970-01-01 00:00:00.000000289,185.29152,78.30207,56.994347,106,18
1970-01-01 00:00:00.000000290,184.91682,78.05323,56.721035,106,19
1970-01-01 00:00:00.000000291,181.56534,77.855316,56.587772,106,20
1970-01-01 00:00:00.000000292,179.36221,77.91592,56.10871,106,21
1970-01-01 00:00:00.000000293,177.74805,77.69475,56.142727,106,22
1970-01-01 00:00:00.000000294,174.88135,77.517105,56.158714,106,23
1970-01-01 00:00:00.000000295,174.75702,77.44654,55.706448,106,24
1970-01-01 00:00:00.000000296,173.78305,77.44825,55.50064,106,25
1970-01-01 00:00:00.000000297,170.49211,77.351204,55.25922,106,26
1970-01-01 00:00:00.000000298,170.8752,77.24821,54.96354,106,27
1970-01-01 00:00:00.000000299,163.25983,77.03811,54.79713,106,28
1970-01-01 00:00:00.000000300,163.38893,76.906265,54.249542,106,29
1970-01-01 00:00:00.000000301,160.56882,76.63802,54.08902,106,30
1970-01-01 00:00:00.000000302,160.73961,76.549355,53.917343,106,31
1970-01-01 00:00:00.000000303,157.97157,76.62769,53.51301,106,32
1970-01-01 00:00:00.000000304,155.22375,76.28226,53.463104,106,33
1970-01-01 00:00:00.000000305,152.63222,76.17902,53.03713,106,34
1970-01-01 00:00:00.000000306,150.54454,76.168564,52.338566,106,35
1970-01-01 00:00:00.000000307,147.77644,76.04859,52.46634,106,36
1970-01-01 00:00:00.000000308,146.74089,75.99075,52.139965,106,37
1970-01-01 00:00:00.000000309,144.06516,75.96849,51.63216,106,38
1970-01-01 00:00:00.000000310,142.41039,75.345146,51.115482,106,39
1970-01-01 00:00:00.000000311,100.016396,70.3823,44.917336,106,40
1970-01-01 00:00:00.000000312,0.0,81.03718,77.79288,106,41
1970-01-01 00:00:00.000000313,5.6529646,100.0,100.0,106,42
1970-01-01 00:00:00.000000314,20.166357,100.0,100.0,106,43
1970-01-01 00:00:00.000000315,20.02562,100.0,100.0,106,44
1970-01-01 00:00:00.000000316,20.052332,100.0,100.0,106,45
1970-01-01 00:00:00.000000317,19.746365,100.0,100.0,106,46
1970-01-01 00:00:00.000000318,19.098867,100.0,100.0,106,47
1970-01-01 00:00:00.000000083,10.518481,99.672325,99.38346,107,10
1970-01-01 00:00:00.000000084,10.6057625,99.65299,99.347046,107,11
1970-01-01 00:00:00.000000085,5.1644874,97.49959,95.295235,107,12
1970-01-01 00:00:00.000000213,202.36333,95.96135,63.62194,108,10
1970-01-01 00:00:00.000000214,202.99693,95.99032,63.808212,108,11
1970-01-01 00:00:00.000000215,202.76996,96.01211,64.13529,108,12
1970-01-01 00:00:00.000000216,201.25578,95.943726,64.115906,108,13
1970-01-01 00:00:00.000000217,202.44185,95.924225,64.00089,108,14
1970-01-01 00:00:00.000000218,200.77443,95.93711,64.06957,108,15
1970-01-01 00:00:00.000000219,200.52562,96.01922,64.39485,108,16
1970-01-01 00:00:00.000000220,203.248,96.059525,64.55792,108,17
1970-01-01 00:00:00.000000221,198.55098,95.962234,64.947815,108,18
1970-01-01 00:00:00.000000222,197.88527,95.923325,64.64084,108,19
1970-01-01 00:00:00.000000223,200.75005,95.86777,64.57782,108,20
1970-01-01 00:00:00.000000224,203.69168,95.87342,64.85249,108,21
1970-01-01 00:00:00.000000225,202.8844,95.93176,65.2635,108,22
1970-01-01 00:00:00.000000226,207.12141,96.09655,65.49721,108,23
1970-01-01 00:00:00.000000227,208.24562,96.097244,65.853615,108,24
1970-01-01 00:00:00.000000228,208.56036,96.081894,65.59395,108,25
1970-01-01 00:00:00.000000229,207.36531,96.04503,65.424,108,26
1970-01-01 00:00:00.000000230,205.97655,96.3755,66.07478,108,27
1970-01-01 00:00:00.000000231,212.35577,96.42237,66.74962,108,28
1970-01-01 00:00:00.000000232,217.23325,96.51408,67.20921,108,29
1970-01-01 00:00:00.000000233,219.72798,96.53202,67.97022,108,30
1970-01-01 00:00:00.000000234,223.81473,96.551125,68.60501,108,31
1970-01-01 00:00:00.000000235,227.28284,96.564766,69.21657,108,32
1970-01-01 00:00:00.000000236,232.92087,96.71366,69.74505,108,33
1970-01-01 00:00:00.000000237,237.0868,96.9905,70.43862,108,34
1970-01-01 00:00:00.000000238,241.70044,97.11842,71.01105,108,35
1970-01-01 00:00:00.000000083,200.603,96.327194,69.344505,109,10
1970-01-01 00:00:00.000000084,199.41609,96.31468,68.11232,109,11
1970-01-01 00:00:00.000000085,198.48637,95.60348,68.12216,109,12
1970-01-01 00:00:00.000000505,135.8737,86.55541,74.09884,110,10
1970-01-01 00:00:00.000000506,141.71654,86.2349,74.09786,110,11
1970-01-01 00:00:00.000000507,144.05585,86.82852,74.20392,110,12
1970-01-01 00:00:00.000000508,147.4479,87.38987,74.224915,110,13
1970-01-01 00:00:00.000000509,148.35559,87.75702,74.568344,110,14
1970-01-01 00:00:00.000000510,154.38588,88.29783,74.866905,110,15
1970-01-01 00:00:00.000000511,157.4614,88.91754,75.12412,110,16
1970-01-01 00:00:00.000000512,162.09967,89.76574,75.29492,110,17
1970-01-01 00:00:00.000000513,165.4318,90.42222,75.7114,110,18
1970-01-01 00:00:00.000000514,169.49042,90.95844,75.92906,110,19
1970-01-01 00:00:00.000000515,174.98555,92.01805,76.11564,110,20
1970-01-01 00:00:00.000000516,179.8664,92.889084,76.23548,110,21
1970-01-01 00:00:00.000000517,183.12132,93.40553,76.60625,110,22
1970-01-01 00:00:00.000000518,181.81512,93.5373,76.50299,110,23
1970-01-01 00:00:00.000000519,175.31406,92.97345,76.12637,110,24
1970-01-01 00:00:00.000000520,177.18803,92.236176,75.36581,110,25
1970-01-01 00:00:00.000000521,173.44812,91.773895,74.95262,110,26
1970-01-01 00:00:00.000000522,170.79143,91.12513,74.60992,110,27
1970-01-01 00:00:00.000000523,168.77994,90.643326,74.06181,110,28
1970-01-01 00:00:00.000000524,168.10583,90.18152,73.474335,110,29
1970-01-01 00:00:00.000000525,171.56209,90.09907,73.07289,110,30
1970-01-01 00:00:00.000000526,169.47528,89.96376,72.72936,110,31
1970-01-01 00:00:00.000000527,170.80945,89.737434,72.40918,110,32
1970-01-01 00:00:00.000000528,177.14777,91.2222,72.39489,110,33
1970-01-01 00:00:00.000000529,180.54247,92.12791,72.6281,110,34
1970-01-01 00:00:00.000000530,187.29245,92.566216,72.58466,110,35
1970-01-01 00:00:00.000000531,191.7398,92.607025,72.64928,110,36
1970-01-01 00:00:00.000000532,188.58594,92.09981,72.19785,110,37
1970-01-01 00:00:00.000000533,184.39865,91.648384,71.11262,110,38
1970-01-01 00:00:00.000000534,179.76917,91.8061,70.71739,110,39
1970-01-01 00:00:00.000000535,179.70653,91.44534,69.98023,110,40
1970-01-01 00:00:00.000000536,177.77025,91.08401,69.45284,110,41
1970-01-01 00:00:00.000000537,172.34952,90.18891,68.800415,110,42
1970-01-01 00:00:00.000000538,170.33159,89.36919,67.521645,110,43
1970-01-01 00:00:00.000000539,163.9845,88.37727,66.37819,110,44
1970-01-01 00:00:00.000000540,157.35973,87.73048,65.04848,110,45
1970-01-01 00:00:00.000000541,150.52173,86.910805,64.007286,110,46
1970-01-01 00:00:00.000000542,145.25473,86.11202,63.06032,110,47
1970-01-01 00:00:00.000000543,144.79037,84.84722,62.692703,110,48
1970-01-01 00:00:00.000000544,141.60846,83.98552,61.76225,110,49
1970-01-01 00:00:00.000000545,139.32713,82.68313,60.720776,110,50
1970-01-01 00:00:00.000000546,136.28111,81.98782,59.83501,110,51
1970-01-01 00:00:00.000000547,130.3607,82.13723,58.31039,110,52
1970-01-01 00:00:00.000000548,125.53517,82.31481,57.40472,110,53
1970-01-01 00:00:00.000000549,125.61963,82.17587,56.085587,110,54
1970-01-01 00:00:00.000000550,123.970856,83.10883,56.908405,110,55
1970-01-01 00:00:00.000000551,136.47095,83.79222,56.615353,110,56
1970-01-01 00:00:00.000000552,128.75769,84.18228,55.80827,110,57
1970-01-01 00:00:00.000000553,132.43631,83.477844,55.109108,110,58
1970-01-01 00:00:00.000000554,134.90355,84.319,54.790947,110,59
1970-01-01 00:00:00.000000555,131.01532,84.40641,54.296074,110,60
1970-01-01 00:00:00.000000556,133.74403,84.27046,53.93806,110,61
1970-01-01 00:00:00.000000557,132.00049,84.064766,53.290127,110,62
1970-01-01 00:00:00.000000558,126.494865,83.89727,52.826042,110,63
1970-01-01 00:00:00.000000559,124.47167,83.56656,52.149193,110,64
1970-01-01 00:00:00.000000560,113.49081,81.384544,49.51882,110,65
1970-01-01 00:00:00.000000561,119.0422,81.231735,49.937355,110,66
1970-01-01 00:00:00.000000562,122.57804,83.11148,51.162834,110,67
1970-01-01 00:00:00.000000563,133.52304,82.443474,52.193695,110,68
1970-01-01 00:00:00.000000564,114.93723,84.04451,52.054825,110,69
1970-01-01 00:00:00.000000565,140.13419,83.181335,53.09874,110,70
1970-01-01 00:00:00.000000566,134.85846,85.46126,54.468742,110,71
1970-01-01 00:00:00.000000567,141.97049,86.559105,55.9479,110,72
1970-01-01 00:00:00.000000568,106.843925,78.593025,49.00059,110,73
1970-01-01 00:00:00.000000569,50.888046,63.06354,46.278286,110,74
1970-01-01 00:00:00.000000570,6.9441495,57.53174,48.026005,110,75
1970-01-01 00:00:00.000000571,0.0,51.51097,51.201786,110,76
1970-01-01 00:00:00.000000572,9.67372,57.450607,52.22159,110,77
1970-01-01 00:00:00.000000573,9.67055,60.82163,58.902924,110,78
1970-01-01 00:00:00.000000574,10.17656,61.79445,68.69923,110,79
1970-01-01 00:00:00.000000575,10.626543,60.543056,71.19258,110,80
1970-01-01 00:00:00.000000576,9.8755245,92.55611,93.60368,110,81
1970-01-01 00:00:00.000000577,9.663993,100.0,100.0,110,82
1970-01-01 00:00:00.000000578,9.373069,99.504944,99.06848,110,83
1970-01-01 00:00:00.000000579,10.059698,99.682846,99.40325,110,84
1970-01-01 00:00:00.000000580,10.34767,100.0,100.0,110,85
1970-01-01 00:00:00.000000581,9.581728,99.77503,99.57669,110,86
1970-01-01 00:00:00.000000582,11.303569,100.0,100.0,110,87
1970-01-01 00:00:00.000000183,239.12398,96.3986,76.2394,112,10
1970-01-01 00:00:00.000000184,216.8948,89.40764,70.215034,112,11
1970-01-01 00:00:00.000000185,113.06987,78.514915,65.31166,112,12
1970-01-01 00:00:00.000000186,131.2647,84.60907,75.53498,112,13
1970-01-01 00:00:00.000000187,132.95667,82.53223,66.71596,112,14
1970-01-01 00:00:00.000000188,128.97975,83.03681,65.80498,112,15
1970-01-01 00:00:00.000000189,126.1375,82.09678,65.47046,112,16
1970-01-01 00:00:00.000000190,121.46766,80.877144,65.45634,112,17
1970-01-01 00:00:00.000000191,118.32238,80.388176,65.69139,112,18
1970-01-01 00:00:00.000000192,117.9085,79.263725,66.032715,112,19
1970-01-01 00:00:00.000000193,112.785416,79.0388,66.25168,112,20
1970-01-01 00:00:00.000000194,109.37427,78.394875,65.879776,112,21
1970-01-01 00:00:00.000000195,107.78787,77.926636,66.124466,112,22
1970-01-01 00:00:00.000000196,103.22262,78.28815,66.188866,112,23
1970-01-01 00:00:00.000000197,104.96235,78.28332,66.378006,112,24
1970-01-01 00:00:00.000000198,109.20985,79.47943,66.73646,112,25
1970-01-01 00:00:00.000000199,109.07562,79.044754,67.03998,112,26
1970-01-01 00:00:00.000000200,109.756294,78.428635,67.03106,112,27
1970-01-01 00:00:00.000000201,112.005394,79.0948,67.44822,112,28
1970-01-01 00:00:00.000000202,113.900925,78.77853,67.60076,112,29
1970-01-01 00:00:00.000000203,114.20177,78.15435,67.127945,112,30
1970-01-01 00:00:00.000000172,80.236885,74.078224,68.88108,113,10
1970-01-01 00:00:00.000000173,79.59967,74.01705,68.66778,113,11
1970-01-01 00:00:00.000000174,81.632706,74.3896,68.426674,113,12
1970-01-01 00:00:00.000000175,83.865654,74.811584,68.030716,113,13
1970-01-01 00:00:00.000000176,83.18655,74.59063,67.849846,113,14
1970-01-01 00:00:00.000000177,81.64448,75.31434,67.948105,113,15
1970-01-01 00:00:00.000000178,79.908775,75.627205,67.41294,113,16
1970-01-01 00:00:00.000000179,79.715195,75.7074,67.36422,113,17
1970-01-01 00:00:00.000000180,81.136024,75.523346,66.58449,113,18
1970-01-01 00:00:00.000000181,84.37868,75.81685,66.43194,113,19
1970-01-01 00:00:00.000000182,80.89873,74.97485,65.71115,113,20
1970-01-01 00:00:00.000000183,75.24838,72.46317,65.3743,113,21
1970-01-01 00:00:00.000000184,79.2852,70.6767,64.51006,113,22
1970-01-01 00:00:00.000000185,81.873886,70.900856,64.19995,113,23
1970-01-01 00:00:00.000000186,79.46368,71.19541,64.445114,113,24
1970-01-01 00:00:00.000000187,79.38474,71.404854,64.682915,113,25
1970-01-01 00:00:00.000000188,76.25698,72.558205,64.059326,113,26
1970-01-01 00:00:00.000000189,80.27179,74.042114,63.917267,113,27
1970-01-01 00:00:00.000000190,79.59037,75.06121,63.505627,113,28
1970-01-01 00:00:00.000000157,130.3679,78.96822,55.277977,114,10
1970-01-01 00:00:00.000000158,129.98679,79.08267,55.12495,114,11
1970-01-01 00:00:00.000000159,127.6401,78.88602,54.919037,114,12
1970-01-01 00:00:00.000000160,126.84383,78.70699,54.89453,114,13
1970-01-01 00:00:00.000000161,128.45566,78.57672,55.051067,114,14
1970-01-01 00:00:00.000000162,129.43173,78.46357,54.927364,114,15
1970-01-01 00:00:00.000000163,125.730034,78.15373,54.540836,114,16
1970-01-01 00:00:00.000000164,86.28976,72.1799,46.041916,114,17
1970-01-01 00:00:00.000000165,0.7980158,62.66289,48.282116,114,18
1970-01-01 00:00:00.000000166,0.0,98.23741,100.0,114,19
1970-01-01 00:00:00.000000167,7.581949,100.0,100.0,114,20
1970-01-01 00:00:00.000000168,12.874062,100.0,100.0,114,21
1970-01-01 00:00:00.000000169,14.72905,100.0,100.0,114,22
1970-01-01 00:00:00.000000170,15.86201,100.0,100.0,114,23
1970-01-01 00:00:00.000000171,16.206493,100.0,100.0,114,24
1970-01-01 00:00:00.000000172,16.245535,100.0,100.0,114,25
1970-01-01 00:00:00.000000086,22.879986,100.0,100.0,115,10
1970-01-01 00:00:00.000000087,23.020144,100.0,100.0,115,11
1970-01-01 00:00:00.000000088,23.040165,100.0,100.0,115,12
1970-01-01 00:00:00.000000089,22.604681,100.0,100.0,115,13
1970-01-01 00:00:00.000000096,74.35435,79.04714,70.38318,117,10
1970-01-01 00:00:00.000000097,76.52864,79.29843,70.55858,117,11
1970-01-01 00:00:00.000000098,77.31726,79.21264,70.60795,117,12
1970-01-01 00:00:00.000000099,79.22999,78.94006,70.70642,117,13
1970-01-01 00:00:00.000000100,73.19602,78.95493,70.60423,117,14
1970-01-01 00:00:00.000000082,47.34384,89.455956,66.48785,118,10
1970-01-01 00:00:00.000000083,49.883015,90.450226,68.96932,118,11
1970-01-01 00:00:00.000000084,47.365776,87.68557,70.035614,118,12
1970-01-01 00:00:00.000000109,33.453354,75.11705,51.099014,121,10
1970-01-01 00:00:00.000000110,31.48277,75.05818,50.86256,121,11
1970-01-01 00:00:00.000000111,33.02076,75.90967,50.812443,121,12
1970-01-01 00:00:00.000000112,33.509174,75.92017,51.414993,121,13
1970-01-01 00:00:00.000000113,29.560362,76.379906,51.932545,121,14
1970-01-01 00:00:00.000000114,35.851704,76.75759,52.817616,121,15
1970-01-01 00:00:00.000000115,28.729168,76.93125,53.82451,121,16
1970-01-01 00:00:00.000000116,20.845152,76.41218,54.091736,121,17
1970-01-01 00:00:00.000000165,192.07323,96.0752,70.93736,122,10
1970-01-01 00:00:00.000000166,192.56296,93.909744,69.17169,122,11
1970-01-01 00:00:00.000000167,169.5247,92.979546,67.56959,122,12
1970-01-01 00:00:00.000000168,164.60797,94.57129,65.93962,122,13
1970-01-01 00:00:00.000000169,166.13126,94.672195,66.67224,122,14
1970-01-01 00:00:00.000000170,173.55946,95.274025,67.68551,122,15
1970-01-01 00:00:00.000000171,177.41052,95.62973,68.14018,122,16
1970-01-01 00:00:00.000000172,175.83401,95.49387,66.93928,122,17
1970-01-01 00:00:00.000000173,181.00957,95.43512,67.10302,122,18
1970-01-01 00:00:00.000000174,167.7969,94.91705,66.18655,122,19
1970-01-01 00:00:00.000000175,158.87694,93.86597,64.62201,122,20
1970-01-01 00:00:00.000000176,148.01349,92.98891,63.382275,122,21
1970-01-01 00:00:00.000000177,136.66246,92.34523,61.745186,122,22
1970-01-01 00:00:00.000000178,138.51888,91.815384,61.947895,122,23
1970-01-01 00:00:00.000000179,143.423,92.027115,63.10466,122,24
1970-01-01 00:00:00.000000180,150.60889,89.211685,63.498898,122,25
1970-01-01 00:00:00.000000181,142.62656,91.73663,61.35544,122,26
1970-01-01 00:00:00.000000182,144.24525,90.73734,60.703117,122,27
1970-01-01 00:00:00.000000101,138.1591,93.97069,68.761086,123,10
1970-01-01 00:00:00.000000102,124.25556,82.93957,67.34262,123,11
1970-01-01 00:00:00.000000103,120.444336,80.02292,67.692924,123,12
1970-01-01 00:00:00.000000104,113.99387,80.01376,66.51716,123,13
1970-01-01 00:00:00.000000105,90.39614,86.217,64.49153,123,14
1970-01-01 00:00:00.000000106,87.098495,88.44715,65.12872,123,15
1970-01-01 00:00:00.000000107,89.035934,89.262726,66.70136,123,16
1970-01-01 00:00:00.000000107,0.0,74.95455,70.94932,124,10
1970-01-01 00:00:00.000000108,0.0,100.0,100.0,124,11
1970-01-01 00:00:00.000000109,2.8062036,98.58856,97.344246,124,12
1970-01-01 00:00:00.000000110,1.7837751,98.615166,97.39431,124,13
1970-01-01 00:00:00.000000111,0.907195,98.1115,96.4466,124,14
1970-01-01 00:00:00.000000112,1.8704777,98.53887,97.25074,124,15
1970-01-01 00:00:00.000000113,1.3265662,98.29175,96.78577,124,16
1970-01-01 00:00:00.000000164,113.93836,78.54192,56.249176,125,10
1970-01-01 00:00:00.000000165,114.10831,79.43318,56.1572,125,11
1970-01-01 00:00:00.000000166,109.32994,79.41766,56.33361,125,12
1970-01-01 00:00:00.000000167,106.53624,78.5275,55.71682,125,13
1970-01-01 00:00:00.000000168,106.45289,78.64272,56.120296,125,14
1970-01-01 00:00:00.000000169,104.53232,78.4352,56.199955,125,15
1970-01-01 00:00:00.000000170,105.332825,77.7621,55.82263,125,16
1970-01-01 00:00:00.000000171,105.21644,77.80633,55.640594,125,17
1970-01-01 00:00:00.000000172,106.41822,77.902016,56.037395,125,18
1970-01-01 00:00:00.000000173,85.53527,75.5334,54.617676,125,19
1970-01-01 00:00:00.000000174,6.119522,74.30487,53.090736,125,20
1970-01-01 00:00:00.000000175,0.0,100.0,100.0,125,21
1970-01-01 00:00:00.000000176,12.43562,99.2187,98.52991,125,22
1970-01-01 00:00:00.000000177,12.452906,99.27718,98.63995,125,23
1970-01-01 00:00:00.000000178,12.670766,99.41988,98.90843,125,24
1970-01-01 00:00:00.000000179,12.646305,99.12665,98.35668,125,25
1970-01-01 00:00:00.000000180,5.8174224,97.477646,95.25392,125,26
1970-01-01 00:00:00.000000208,32.983093,73.02968,54.231644,126,10
1970-01-01 00:00:00.000000209,49.27063,74.24176,53.862713,126,11
1970-01-01 00:00:00.000000210,57.10855,75.38068,54.703274,126,12
1970-01-01 00:00:00.000000211,58.778362,75.42261,56.105038,126,13
1970-01-01 00:00:00.000000212,61.158234,75.53981,57.625618,126,14
1970-01-01 00:00:00.000000213,60.82933,75.67787,58.896374,126,15
1970-01-01 00:00:00.000000214,63.871616,76.26724,60.344852,126,16
1970-01-01 00:00:00.000000215,63.499367,76.847466,61.682167,126,17
1970-01-01 00:00:00.000000216,59.256104,77.00545,64.27627,126,18
1970-01-01 00:00:00.000000217,60.036755,76.82742,65.617516,126,19
1970-01-01 00:00:00.000000218,58.630062,76.39325,67.12385,126,20
1970-01-01 00:00:00.000000219,61.105816,76.792656,68.421425,126,21
1970-01-01 00:00:00.000000220,63.76953,77.03268,70.10291,126,22
1970-01-01 00:00:00.000000221,65.66229,77.64585,71.43412,126,23
1970-01-01 00:00:00.000000222,67.88334,77.614815,72.33855,126,24
1970-01-01 00:00:00.000000223,70.440475,77.70515,72.637695,126,25
1970-01-01 00:00:00.000000224,71.9801,77.70093,72.75854,126,26
1970-01-01 00:00:00.000000225,49.88694,77.52478,72.52297,126,27
1970-01-01 00:00:00.000000226,53.083652,76.53211,72.47576,126,28
1970-01-01 00:00:00.000000227,54.331932,76.28783,72.93314,126,29
1970-01-01 00:00:00.000000228,52.085915,76.189606,73.73166,126,30
1970-01-01 00:00:00.000000229,59.661224,76.21915,75.0185,126,31
1970-01-01 00:00:00.000000230,62.943913,76.58704,75.48258,126,32
1970-01-01 00:00:00.000000231,65.98653,76.4927,75.74186,126,33
1970-01-01 00:00:00.000000232,71.84021,76.34789,75.699265,126,34
1970-01-01 00:00:00.000000188,103.49491,88.67708,66.641464,127,10
1970-01-01 00:00:00.000000189,103.17506,88.64626,66.63712,127,11
1970-01-01 00:00:00.000000190,104.24952,88.67656,66.78619,127,12
1970-01-01 00:00:00.000000191,101.09714,88.36729,66.803345,127,13
1970-01-01 00:00:00.000000192,96.99662,87.35729,66.22498,127,14
1970-01-01 00:00:00.000000193,92.4703,87.18321,65.77965,127,15
1970-01-01 00:00:00.000000194,88.62274,86.890686,65.5037,127,16
1970-01-01 00:00:00.000000195,86.38337,86.38455,65.437294,127,17
1970-01-01 00:00:00.000000196,84.184204,85.52342,65.14471,127,18
1970-01-01 00:00:00.000000197,80.90118,85.60152,65.07499,127,19
1970-01-01 00:00:00.000000198,77.1307,85.1176,65.16912,127,20
1970-01-01 00:00:00.000000199,76.52257,84.47843,65.50473,127,21
1970-01-01 00:00:00.000000200,76.0161,84.369736,65.71227,127,22
1970-01-01 00:00:00.000000201,75.77616,84.678,65.70554,127,23
1970-01-01 00:00:00.000000202,77.184906,84.99597,64.50004,127,24
1970-01-01 00:00:00.000000203,78.43737,85.59284,62.949734,127,25
1970-01-01 00:00:00.000000204,75.00903,86.43873,60.928543,127,26
1970-01-01 00:00:00.000000205,76.70576,86.526474,59.075993,127,27
1970-01-01 00:00:00.000000206,77.07821,86.10047,56.50367,127,28
1970-01-01 00:00:00.000000207,76.238846,85.688675,53.29006,127,29
1970-01-01 00:00:00.000000208,75.616356,85.59263,49.12413,127,30
1970-01-01 00:00:00.000000209,72.10298,84.80667,46.50364,127,31
1970-01-01 00:00:00.000000082,25.359503,100.0,100.0,129,10
1970-01-01 00:00:00.000000083,25.835821,100.0,100.0,129,11
1970-01-01 00:00:00.000000084,26.156397,100.0,100.0,129,12
