,return,first_chamber_filling,second_chamber_filling,block_idx,fcst_origin
1970-01-01 00:00:00.000000097,156.18275,97.247314,78.37191,0,10
1970-01-01 00:00:00.000000098,143.7218,97.83665,77.37269,0,11
1970-01-01 00:00:00.000000099,144.12494,97.790344,77.35532,0,12
1970-01-01 00:00:00.000000100,143.20596,97.55978,76.955055,0,13
1970-01-01 00:00:00.000000101,143.39543,97.44981,76.509445,0,14
1970-01-01 00:00:00.000000102,131.78377,97.594505,76.57117,0,15
1970-01-01 00:00:00.000000081,227.29123,95.599976,74.70293,1,10
1970-01-01 00:00:00.000000082,227.3027,95.599976,74.62673,1,11
1970-01-01 00:00:00.000000083,228.70213,95.59611,74.64024,1,12
1970-01-01 00:00:00.000000079,186.3692,96.95024,69.316154,4,10
1970-01-01 00:00:00.000000080,181.485,96.93289,68.04398,4,11
1970-01-01 00:00:00.000000081,184.75037,97.01295,67.9157,4,12
1970-01-01 00:00:00.000000079,119.8514,96.75441,74.69521,5,10
1970-01-01 00:00:00.000000080,118.49226,96.59048,74.71355,5,11
1970-01-01 00:00:00.000000081,117.07589,96.55381,74.8042,5,12
1970-01-01 00:00:00.000000119,225.31186,93.78373,78.666084,11,10
1970-01-01 00:00:00.000000120,223.89284,93.68633,79.0162,11,11
1970-01-01 00:00:00.000000121,224.40773,93.62843,79.402,11,12
1970-01-01 00:00:00.000000122,226.77283,93.56673,78.33622,11,13
1970-01-01 00:00:00.000000123,226.8926,93.69887,78.043976,11,14
1970-01-01 00:00:00.000000124,229.9223,94.103,78.1848,11,15
1970-01-01 00:00:00.000000125,233.0402,94.2525,78.11631,11,16
1970-01-01 00:00:00.000000126,234.13246,94.54088,78.11825,11,17
1970-01-01 00:00:00.000000127,236.25017,94.57752,77.86072,11,18
1970-01-01 00:00:00.000000128,238.69044,94.59295,77.226074,11,19
1970-01-01 00:00:00.000000113,194.27864,97.10458,68.2388,12,10
1970-01-01 00:00:00.000000114,194.18727,97.064064,68.50984,12,11
1970-01-01 00:00:00.000000115,192.6188,96.940605,68.23785,12,12
1970-01-01 00:00:00.000000116,187.49933,96.509445,69.35378,12,13
1970-01-01 00:00:00.000000117,184.73216,96.39273,69.63252,12,14
1970-01-01 00:00:00.000000118,181.96477,96.39273,69.48689,12,15
1970-01-01 00:00:00.000000119,178.59973,96.24712,69.6007,12,16
1970-01-01 00:00:00.000000120,176.90427,96.004074,69.23997,12,17
1970-01-01 00:00:00.000000121,178.09816,96.07932,67.449844,12,18
1970-01-01 00:00:00.000000157,137.6001,99.99904,81.71393,13,10
1970-01-01 00:00:00.000000158,133.7513,100.0,81.57892,13,11
1970-01-01 00:00:00.000000159,135.70737,99.99904,81.48053,13,12
1970-01-01 00:00:00.000000160,130.4614,100.0,81.3532,13,13
1970-01-01 00:00:00.000000161,129.9556,99.9614,81.53455,13,14
1970-01-01 00:00:00.000000162,134.39203,99.87941,81.60206,13,15
1970-01-01 00:00:00.000000163,133.8765,99.84952,81.81423,13,16
1970-01-01 00:00:00.000000164,132.3157,99.84952,82.07658,13,17
1970-01-01 00:00:00.000000165,129.4719,99.84856,82.05246,13,18
1970-01-01 00:00:00.000000166,130.7393,99.847595,82.11611,13,19
1970-01-01 00:00:00.000000167,131.2449,99.84662,82.23765,13,20
1970-01-01 00:00:00.000000168,135.3544,99.85626,82.50964,13,21
1970-01-01 00:00:00.000000169,133.2595,99.85434,82.49613,13,22
1970-01-01 00:00:00.000000170,137.935,99.85915,82.70447,13,23
1970-01-01 00:00:00.000000171,142.99393,99.85819,82.725685,13,24
1970-01-01 00:00:00.000000172,141.60904,99.860115,82.635,13,25
1970-01-01 00:00:00.000000141,166.33774,99.567924,68.449066,15,10
1970-01-01 00:00:00.000000142,166.6361,99.65183,69.28338,15,11
1970-01-01 00:00:00.000000143,165.53844,99.77619,69.25347,15,12
1970-01-01 00:00:00.000000144,168.3827,99.96816,70.798615,15,13
1970-01-01 00:00:00.000000145,178.71786,100.0,71.49884,15,14
1970-01-01 00:00:00.000000146,175.70212,100.0,71.506546,15,15
1970-01-01 00:00:00.000000147,177.7789,100.0,71.61362,15,16
1970-01-01 00:00:00.000000148,178.28667,100.0,71.821945,15,17
1970-01-01 00:00:00.000000149,177.1198,100.0,71.55381,15,18
1970-01-01 00:00:00.000000150,177.19496,100.0,71.55381,15,19
1970-01-01 00:00:00.000000151,177.56723,100.0,71.64159,15,20
1970-01-01 00:00:00.000000152,181.0041,100.0,71.84702,15,21
1970-01-01 00:00:00.000000153,170.96524,100.0,72.36689,15,22
1970-01-01 00:00:00.000000156,252.33546,95.61828,81.010796,16,10
1970-01-01 00:00:00.000000157,256.12726,95.65874,80.32215,16,11
1970-01-01 00:00:00.000000158,253.50446,95.843956,79.45891,16,12
1970-01-01 00:00:00.000000159,251.93663,95.96838,79.53219,16,13
1970-01-01 00:00:00.000000160,253.31656,95.88253,79.84279,16,14
1970-01-01 00:00:00.000000161,255.30243,95.70214,79.96046,16,15
1970-01-01 00:00:00.000000162,254.24234,95.63947,80.28068,16,16
1970-01-01 00:00:00.000000163,252.94856,95.4929,80.05497,16,17
1970-01-01 00:00:00.000000164,251.96573,95.04723,79.535095,16,18
1970-01-01 00:00:00.000000165,252.4508,95.18806,79.550514,16,19
1970-01-01 00:00:00.000000166,252.24995,95.56621,79.24286,16,20
1970-01-01 00:00:00.000000167,250.99974,95.60383,79.082756,16,21
1970-01-01 00:00:00.000000168,250.66643,95.81019,78.53009,16,22
1970-01-01 00:00:00.000000169,252.89017,96.10247,77.985146,16,23
1970-01-01 00:00:00.000000170,253.68044,96.0822,77.576195,16,24
1970-01-01 00:00:00.000000171,259.32053,96.08799,77.87713,16,25
1970-01-01 00:00:00.000000123,146.80304,93.61399,66.24422,17,10
1970-01-01 00:00:00.000000124,145.29593,93.60628,66.31558,17,11
1970-01-01 00:00:00.000000125,142.20486,93.57252,65.73881,17,12
1970-01-01 00:00:00.000000126,138.40744,93.4153,65.479355,17,13
1970-01-01 00:00:00.000000127,128.7817,93.36227,66.03394,17,14
1970-01-01 00:00:00.000000128,118.0345,92.5897,66.19696,17,15
1970-01-01 00:00:00.000000129,116.255,91.52005,65.93845,17,16
1970-01-01 00:00:00.000000130,104.29481,90.68287,64.61613,17,17
1970-01-01 00:00:00.000000131,95.618065,88.48958,64.18211,17,18
1970-01-01 00:00:00.000000132,117.1257,88.84934,63.935192,17,19
1970-01-01 00:00:00.000000134,203.5005,99.56504,84.91609,19,10
1970-01-01 00:00:00.000000135,199.3888,99.564064,84.93634,19,11
1970-01-01 00:00:00.000000136,198.32094,99.561165,84.928635,19,12
1970-01-01 00:00:00.000000137,189.2893,99.56504,85.03279,19,13
1970-01-01 00:00:00.000000138,185.54785,99.56214,84.975876,19,14
1970-01-01 00:00:00.000000139,187.77602,99.5573,84.938286,19,15
1970-01-01 00:00:00.000000140,186.2898,99.558266,84.61324,19,16
1970-01-01 00:00:00.000000141,185.9109,99.563095,84.69619,19,17
1970-01-01 00:00:00.000000142,186.31097,99.5602,84.95853,19,18
1970-01-01 00:00:00.000000143,194.2764,99.558266,85.295135,19,19
1970-01-01 00:00:00.000000144,203.13463,99.55923,85.31732,19,20
1970-01-01 00:00:00.000000145,195.47623,99.55537,85.83912,19,21
1970-01-01 00:00:00.000000121,184.7232,97.182686,70.50444,20,10
1970-01-01 00:00:00.000000122,181.73453,96.98784,70.2228,20,11
1970-01-01 00:00:00.000000123,182.46983,97.2145,70.75039,20,12
1970-01-01 00:00:00.000000124,178.17201,97.56169,71.66473,20,13
1970-01-01 00:00:00.000000125,181.8644,97.228004,71.6927,20,14
1970-01-01 00:00:00.000000126,185.9246,97.03028,71.18731,20,15
1970-01-01 00:00:00.000000127,184.58337,97.11228,71.264465,20,16
1970-01-01 00:00:00.000000128,182.841,97.10842,71.173805,20,17
1970-01-01 00:00:00.000000129,177.90182,96.96761,70.83913,20,18
1970-01-01 00:00:00.000000130,177.17523,96.91841,70.2334,20,19
1970-01-01 00:00:00.000000130,112.21194,96.64061,72.17979,21,10
1970-01-01 00:00:00.000000131,118.30963,97.57427,73.31404,21,11
1970-01-01 00:00:00.000000132,143.69566,98.00153,74.545715,21,12
1970-01-01 00:00:00.000000133,154.51874,97.692894,75.048225,21,13
1970-01-01 00:00:00.000000134,161.41103,97.16724,74.58718,21,14
1970-01-01 00:00:00.000000135,164.2307,96.9512,74.10108,21,15
1970-01-01 00:00:00.000000136,159.1726,96.38793,74.26504,21,16
1970-01-01 00:00:00.000000137,150.05347,95.78801,75.23245,21,17
1970-01-01 00:00:00.000000138,146.9545,95.49964,75.400276,21,18
1970-01-01 00:00:00.000000139,145.60674,95.4948,75.63175,21,19
1970-01-01 00:00:00.000000140,143.70137,95.15431,74.520645,21,20
1970-01-01 00:00:00.000000171,135.36613,97.569405,58.61594,22,10
1970-01-01 00:00:00.000000172,135.47527,97.4778,58.413395,22,11
1970-01-01 00:00:00.000000173,131.29643,97.35534,57.615738,22,12
1970-01-01 00:00:00.000000174,129.59196,97.051506,57.44984,22,13
1970-01-01 00:00:00.000000175,142.25023,95.670334,57.819244,22,14
1970-01-01 00:00:00.000000176,136.8329,94.30462,58.125,22,15
1970-01-01 00:00:00.000000177,133.87157,94.52837,55.72435,22,16
1970-01-01 00:00:00.000000178,110.289764,95.610565,55.36748,22,17
1970-01-01 00:00:00.000000179,109.88343,95.74847,55.750393,22,18
1970-01-01 00:00:00.000000180,111.55597,96.07833,55.679966,22,19
1970-01-01 00:00:00.000000181,117.73327,96.134285,55.45524,22,20
1970-01-01 00:00:00.000000182,106.75487,96.13621,55.098377,22,21
1970-01-01 00:00:00.000000183,104.645775,96.10824,54.619022,22,22
1970-01-01 00:00:00.000000184,110.78384,95.762955,54.66725,22,23
1970-01-01 00:00:00.000000185,98.02203,95.1196,53.90238,22,24
1970-01-01 00:00:00.000000186,84.03734,94.970116,53.384453,22,25
1970-01-01 00:00:00.000000187,80.63469,94.48496,53.459675,22,26
1970-01-01 00:00:00.000000188,80.58432,93.970894,53.231106,22,27
1970-01-01 00:00:00.000000189,71.56688,92.457565,53.926514,22,28
1970-01-01 00:00:00.000000130,220.4079,93.11055,74.60164,23,10
1970-01-01 00:00:00.000000131,219.98207,93.091255,74.352806,23,11
1970-01-01 00:00:00.000000132,220.1183,93.149124,74.16282,23,12
1970-01-01 00:00:00.000000133,220.59497,93.1713,74.48206,23,13
1970-01-01 00:00:00.000000134,224.16876,93.2234,74.61032,23,14
1970-01-01 00:00:00.000000135,228.07703,93.478,74.84568,23,15
1970-01-01 00:00:00.000000136,228.77164,93.63522,75.16879,23,16
1970-01-01 00:00:00.000000137,232.4626,93.67864,75.52276,23,17
1970-01-01 00:00:00.000000138,235.04927,93.73939,75.68673,23,18
1970-01-01 00:00:00.000000139,234.0325,93.79145,75.65779,23,19
1970-01-01 00:00:00.000000140,235.2816,94.077934,75.633675,23,20
1970-01-01 00:00:00.000000141,235.0908,94.03839,75.65971,23,21
1970-01-01 00:00:00.000000095,134.4585,98.496315,64.018135,25,10
1970-01-01 00:00:00.000000096,141.7371,98.74325,64.80421,25,11
1970-01-01 00:00:00.000000097,150.33403,96.07157,67.36111,25,12
1970-01-01 00:00:00.000000098,130.16096,96.97914,61.929966,25,13
1970-01-01 00:00:00.000000099,126.18522,92.639854,64.31135,25,14
1970-01-01 00:00:00.000000231,208.72437,92.660126,82.265625,26,10
1970-01-01 00:00:00.000000232,211.62114,92.71606,81.77565,26,11
1970-01-01 00:00:00.000000233,212.5776,92.76235,81.23167,26,12
1970-01-01 00:00:00.000000234,213.47307,92.92919,80.75329,26,13
1970-01-01 00:00:00.000000235,213.14603,93.091255,80.15914,26,14
1970-01-01 00:00:00.000000236,212.1635,93.126945,79.46662,26,15
1970-01-01 00:00:00.000000237,212.63597,93.06041,78.729744,26,16
1970-01-01 00:00:00.000000238,211.79733,93.07294,78.28125,26,17
1970-01-01 00:00:00.000000239,211.1749,92.966835,77.68711,26,18
1970-01-01 00:00:00.000000240,207.41957,92.601295,77.12866,26,19
1970-01-01 00:00:00.000000241,205.3102,92.598404,76.58466,26,20
1970-01-01 00:00:00.000000242,202.9948,92.571396,76.18151,26,21
1970-01-01 00:00:00.000000243,202.09709,92.53282,75.63271,26,22
1970-01-01 00:00:00.000000244,201.21101,92.52799,75.32119,26,23
1970-01-01 00:00:00.000000245,198.6424,92.500984,74.946945,26,24
1970-01-01 00:00:00.000000246,200.75543,92.49326,74.590065,26,25
1970-01-01 00:00:00.000000247,199.50436,92.52414,74.72702,26,26
1970-01-01 00:00:00.000000248,191.05836,92.40935,74.18884,26,27
1970-01-01 00:00:00.000000249,142.12463,89.848564,75.48804,26,28
1970-01-01 00:00:00.000000250,74.45854,87.26659,77.011955,26,29
1970-01-01 00:00:00.000000251,34.07512,86.22589,79.86689,26,30
1970-01-01 00:00:00.000000252,45.196228,87.11035,80.22184,26,31
1970-01-01 00:00:00.000000253,63.334595,86.19696,85.0868,26,32
1970-01-01 00:00:00.000000254,107.00835,88.484764,89.91511,26,33
1970-01-01 00:00:00.000000255,128.22276,90.403175,88.1144,26,34
1970-01-01 00:00:00.000000256,131.306,90.022194,87.618645,26,35
1970-01-01 00:00:00.000000257,140.65697,90.13021,87.63696,26,36
1970-01-01 00:00:00.000000258,145.8869,90.33658,87.653366,26,37
1970-01-01 00:00:00.000000259,143.8605,90.462944,87.89354,26,38
1970-01-01 00:00:00.000000181,87.51999,89.84278,63.725883,29,10
1970-01-01 00:00:00.000000182,89.93051,90.583534,63.7664,29,11
1970-01-01 00:00:00.000000183,92.02908,90.71471,64.54188,29,12
1970-01-01 00:00:00.000000184,94.705154,91.14874,64.95853,29,13
1970-01-01 00:00:00.000000185,100.56948,91.454475,65.36747,29,14
1970-01-01 00:00:00.000000186,102.81509,91.96661,66.25577,29,15
1970-01-01 00:00:00.000000187,108.012436,91.79109,68.26196,29,16
1970-01-01 00:00:00.000000188,108.28029,90.77739,68.9564,29,17
1970-01-01 00:00:00.000000189,99.36393,91.63871,66.33102,29,18
1970-01-01 00:00:00.000000190,87.9209,92.77586,66.61168,29,19
1970-01-01 00:00:00.000000191,91.05176,92.331215,67.37462,29,20
1970-01-01 00:00:00.000000192,94.91538,91.169945,68.20408,29,21
1970-01-01 00:00:00.000000193,60.45197,91.89912,67.7228,29,22
1970-01-01 00:00:00.000000194,74.2105,85.79283,65.89505,29,23
1970-01-01 00:00:00.000000195,66.89178,87.5328,67.45948,29,24
1970-01-01 00:00:00.000000196,66.09952,88.74226,66.68112,29,25
1970-01-01 00:00:00.000000197,43.410313,88.80016,65.98283,29,26
1970-01-01 00:00:00.000000198,63.71444,86.96663,67.17592,29,27
1970-01-01 00:00:00.000000199,63.345963,89.255394,65.981865,29,28
1970-01-01 00:00:00.000000200,37.599255,88.40374,65.75135,29,29
1970-01-01 00:00:00.000000201,63.87221,86.683075,70.79282,29,30
1970-01-01 00:00:00.000000092,179.43527,89.02779,37.60995,40,10
1970-01-01 00:00:00.000000093,187.66237,89.3422,37.825996,40,11
1970-01-01 00:00:00.000000094,186.05946,90.23246,39.087578,40,12
1970-01-01 00:00:00.000000095,195.16867,90.25751,38.98245,40,13
1970-01-01 00:00:00.000000096,195.27353,90.411835,38.80593,40,14
1970-01-01 00:00:00.000000092,177.2718,84.78781,38.62846,42,10
1970-01-01 00:00:00.000000093,173.67484,84.85339,38.82523,42,11
1970-01-01 00:00:00.000000094,179.70613,85.083916,36.982048,42,12
1970-01-01 00:00:00.000000095,174.06207,85.928825,34.93634,42,13
1970-01-01 00:00:00.000000096,184.3778,87.613815,33.814625,42,14
1970-01-01 00:00:00.000000156,119.44846,71.570206,61.10339,45,10
1970-01-01 00:00:00.000000157,119.45528,71.42458,61.110138,45,11
1970-01-01 00:00:00.000000158,118.40453,71.14776,60.97898,45,12
1970-01-01 00:00:00.000000159,117.243034,71.37152,60.86034,45,13
1970-01-01 00:00:00.000000160,117.76973,71.11111,60.9809,45,14
1970-01-01 00:00:00.000000161,116.3803,71.18346,60.97512,45,15
1970-01-01 00:00:00.000000162,117.72003,71.37345,60.942333,45,16
1970-01-01 00:00:00.000000163,118.440735,71.8393,60.763885,45,17
1970-01-01 00:00:00.000000164,119.41047,71.62422,61.21817,45,18
1970-01-01 00:00:00.000000165,119.4501,71.61747,61.18249,45,19
1970-01-01 00:00:00.000000166,118.42477,71.51716,60.867085,45,20
1970-01-01 00:00:00.000000167,116.94863,70.96354,60.864193,45,21
1970-01-01 00:00:00.000000168,118.002266,70.77932,60.894108,45,22
1970-01-01 00:00:00.000000169,117.838234,71.30981,61.14198,45,23
1970-01-01 00:00:00.000000170,121.30157,71.388885,61.194046,45,24
1970-01-01 00:00:00.000000171,68.36078,68.30343,59.326775,45,25
1970-01-01 00:00:00.000000116,106.6706,86.140045,55.334686,46,10
1970-01-01 00:00:00.000000117,99.47302,87.99383,55.983788,46,11
1970-01-01 00:00:00.000000118,106.31839,86.41493,56.84509,46,12
1970-01-01 00:00:00.000000119,103.53768,86.59529,57.18557,46,13
1970-01-01 00:00:00.000000120,102.74729,86.37732,58.440388,46,14
1970-01-01 00:00:00.000000121,103.441055,86.087,58.73939,46,15
1970-01-01 00:00:00.000000122,101.046165,86.09857,59.56886,46,16
1970-01-01 00:00:00.000000123,103.24097,86.53936,60.37712,46,17
1970-01-01 00:00:00.000000124,101.0414,86.88369,60.88252,46,18
1970-01-01 00:00:00.000000243,105.60595,77.42573,40.203506,53,10
1970-01-01 00:00:00.000000244,107.58356,79.576584,40.70601,53,11
1970-01-01 00:00:00.000000245,110.394,79.15604,41.63773,53,12
1970-01-01 00:00:00.000000246,108.39873,81.02238,42.846252,53,13
1970-01-01 00:00:00.000000247,104.06329,81.00983,42.919556,53,14
1970-01-01 00:00:00.000000248,109.6769,79.130974,41.62422,53,15
1970-01-01 00:00:00.000000249,107.02547,79.939224,40.53144,53,16
1970-01-01 00:00:00.000000250,108.4196,81.06482,40.669357,53,17
1970-01-01 00:00:00.000000251,112.65247,82.286835,41.12075,53,18
1970-01-01 00:00:00.000000252,113.41164,82.71508,41.51908,53,19
1970-01-01 00:00:00.000000253,117.5361,80.77256,40.76003,53,20
1970-01-01 00:00:00.000000254,105.81801,80.65297,39.664345,53,21
1970-01-01 00:00:00.000000255,97.558105,78.556114,42.810574,53,22
1970-01-01 00:00:00.000000256,94.00258,77.608986,45.030876,53,23
1970-01-01 00:00:00.000000257,92.36463,77.36306,46.107265,53,24
1970-01-01 00:00:00.000000258,89.747444,77.3129,47.392933,53,25
1970-01-01 00:00:00.000000259,90.99688,76.80459,45.73205,53,26
1970-01-01 00:00:00.000000260,92.64253,76.49112,43.21179,53,27
1970-01-01 00:00:00.000000261,90.66679,76.37923,42.799,53,28
1970-01-01 00:00:00.000000262,97.30247,77.64659,41.916466,53,29
1970-01-01 00:00:00.000000263,97.84582,78.57543,41.390816,53,30
1970-01-01 00:00:00.000000264,89.69807,79.911255,41.846054,53,31
1970-01-01 00:00:00.000000265,96.99858,79.483986,40.708908,53,32
1970-01-01 00:00:00.000000266,86.96364,79.67496,39.52063,53,33
1970-01-01 00:00:00.000000267,77.46703,79.318085,39.064423,53,34
1970-01-01 00:00:00.000000268,75.83353,78.50308,37.837555,53,35
1970-01-01 00:00:00.000000269,72.867165,76.24131,36.858604,53,36
1970-01-01 00:00:00.000000270,77.47818,74.833145,36.292435,53,37
1970-01-01 00:00:00.000000271,83.2921,76.85861,36.597214,53,38
1970-01-01 00:00:00.000000272,87.14553,79.26794,36.81038,53,39
1970-01-01 00:00:00.000000273,87.77624,80.62307,38.410492,53,40
1970-01-01 00:00:00.000000274,89.69869,78.767365,40.254623,53,41
1970-01-01 00:00:00.000000097,36.488026,53.133686,65.10417,54,10
1970-01-01 00:00:00.000000098,35.80509,52.239582,65.58448,54,11
1970-01-01 00:00:00.000000099,35.160164,51.865345,66.19405,54,12
1970-01-01 00:00:00.000000100,33.65307,52.807674,66.97338,54,13
1970-01-01 00:00:00.000000101,32.620384,53.41628,67.63601,54,14
1970-01-01 00:00:00.000000102,23.804434,52.374622,67.91378,54,15
1970-01-01 00:00:00.000000277,66.87998,71.18826,17.791286,60,10
1970-01-01 00:00:00.000000278,52.54494,70.08873,18.017956,60,11
1970-01-01 00:00:00.000000279,60.54426,65.801506,19.958523,60,12
1970-01-01 00:00:00.000000280,55.599293,66.24517,24.258303,60,13
1970-01-01 00:00:00.000000281,54.82464,66.20755,27.45757,60,14
1970-01-01 00:00:00.000000282,52.14202,67.709305,29.562117,60,15
1970-01-01 00:00:00.000000283,55.182823,69.452156,27.484562,60,16
1970-01-01 00:00:00.000000284,60.41549,70.613434,25.857452,60,17
1970-01-01 00:00:00.000000285,69.03725,71.13908,24.783949,60,18
1970-01-01 00:00:00.000000286,74.59686,71.68306,24.767544,60,19
1970-01-01 00:00:00.000000287,72.72687,72.99479,24.891006,60,20
1970-01-01 00:00:00.000000288,78.09888,73.221436,24.325815,60,21
1970-01-01 00:00:00.000000289,70.62757,72.74691,24.30941,60,22
1970-01-01 00:00:00.000000290,69.88118,72.10166,23.612074,60,23
1970-01-01 00:00:00.000000291,72.33577,72.37365,23.125006,60,24
1970-01-01 00:00:00.000000292,68.02415,71.51715,21.914547,60,25
1970-01-01 00:00:00.000000293,73.69236,71.68692,20.711803,60,26
1970-01-01 00:00:00.000000294,70.79562,72.111305,20.632727,60,27
1970-01-01 00:00:00.000000295,63.454414,70.923996,19.99807,60,28
1970-01-01 00:00:00.000000296,64.04259,69.8042,18.73939,60,29
1970-01-01 00:00:00.000000297,65.66342,70.204475,18.290897,60,30
1970-01-01 00:00:00.000000298,72.10787,70.364586,18.307287,60,31
1970-01-01 00:00:00.000000299,61.866055,70.34143,19.21393,60,32
1970-01-01 00:00:00.000000300,60.769646,69.16763,20.01736,60,33
1970-01-01 00:00:00.000000301,51.6354,67.62538,24.041273,60,34
1970-01-01 00:00:00.000000302,55.909107,67.93499,27.409342,60,35
1970-01-01 00:00:00.000000303,53.30628,67.39873,29.237076,60,36
1970-01-01 00:00:00.000000304,47.644512,67.87327,29.44541,60,37
1970-01-01 00:00:00.000000305,53.059593,66.58371,25.551687,60,38
1970-01-01 00:00:00.000000306,58.91242,67.40644,24.32581,60,39
1970-01-01 00:00:00.000000307,63.37828,68.72685,23.54746,60,40
1970-01-01 00:00:00.000000308,58.8206,71.72453,23.398916,60,41
1970-01-01 00:00:00.000000309,55.001392,68.94387,24.092394,60,42
1970-01-01 00:00:00.000000310,44.921043,65.92882,21.90876,60,43
1970-01-01 00:00:00.000000311,44.118126,64.166664,19.813847,60,44
1970-01-01 00:00:00.000000312,55.35528,66.24035,19.58912,60,45
1970-01-01 00:00:00.000000313,51.688,67.5733,18.777018,60,46
1970-01-01 00:00:00.000000314,45.58254,65.364586,17.41416,60,47
1970-01-01 00:00:00.000000102,67.39144,94.57658,81.60881,61,10
1970-01-01 00:00:00.000000103,61.679775,94.60361,82.20196,61,11
1970-01-01 00:00:00.000000104,65.11801,94.67205,82.27912,61,12
1970-01-01 00:00:00.000000105,64.07672,94.972015,82.08139,61,13
1970-01-01 00:00:00.000000106,63.38356,95.05304,81.983,61,14
1970-01-01 00:00:00.000000107,62.918697,95.09642,82.096825,61,15
1970-01-01 00:00:00.000000108,63.120514,95.11377,82.3804,61,16
1970-01-01 00:00:00.000000125,125.99321,87.852066,49.981678,62,10
1970-01-01 00:00:00.000000126,126.04277,88.72591,47.878086,62,11
1970-01-01 00:00:00.000000127,115.953735,88.72395,45.97897,62,12
1970-01-01 00:00:00.000000128,116.598236,88.23398,45.310566,62,13
1970-01-01 00:00:00.000000129,117.4361,87.5733,45.086807,62,14
1970-01-01 00:00:00.000000130,115.803665,86.9811,44.51582,62,15
1970-01-01 00:00:00.000000131,116.65884,86.659904,44.43479,62,16
1970-01-01 00:00:00.000000132,114.5716,86.892365,44.625763,62,17
1970-01-01 00:00:00.000000133,113.92426,87.12674,45.110924,62,18
1970-01-01 00:00:00.000000134,112.56464,87.16049,45.822727,62,19
1970-01-01 00:00:00.000000135,112.6796,87.0303,46.71971,62,20
1970-01-01 00:00:00.000000292,77.78957,84.124214,53.010227,63,10
1970-01-01 00:00:00.000000293,75.10401,83.01408,52.5135,63,11
1970-01-01 00:00:00.000000294,71.61005,82.13928,52.28105,63,12
1970-01-01 00:00:00.000000295,72.95049,82.05151,52.812508,63,13
1970-01-01 00:00:00.000000296,70.894844,81.61554,53.970867,63,14
1970-01-01 00:00:00.000000297,69.23909,81.82678,54.78781,63,15
1970-01-01 00:00:00.000000298,65.780815,79.00655,55.391586,63,16
1970-01-01 00:00:00.000000299,64.96728,76.55479,55.944256,63,17
1970-01-01 00:00:00.000000300,66.19997,76.34065,56.35513,63,18
1970-01-01 00:00:00.000000301,67.04211,76.89236,55.83044,63,19
1970-01-01 00:00:00.000000302,62.972095,78.91203,55.745564,63,20
1970-01-01 00:00:00.000000303,64.00953,79.0625,54.7338,63,21
1970-01-01 00:00:00.000000304,62.561512,78.06327,52.47395,63,22
1970-01-01 00:00:00.000000305,64.0642,78.61497,49.662434,63,23
1970-01-01 00:00:00.000000306,66.31761,78.95255,46.913578,63,24
1970-01-01 00:00:00.000000307,65.42721,80.49478,43.61979,63,25
1970-01-01 00:00:00.000000308,62.302303,80.21411,42.94849,63,26
1970-01-01 00:00:00.000000309,63.327705,80.05691,43.198315,63,27
1970-01-01 00:00:00.000000310,63.488503,81.63098,43.570595,63,28
1970-01-01 00:00:00.000000311,66.07496,83.00636,44.31616,63,29
1970-01-01 00:00:00.000000312,65.85718,84.286255,45.39159,63,30
1970-01-01 00:00:00.000000313,65.75115,84.62962,47.348568,63,31
1970-01-01 00:00:00.000000314,69.90328,85.25656,49.019096,63,32
1970-01-01 00:00:00.000000315,72.500374,85.833336,50.543022,63,33
1970-01-01 00:00:00.000000316,74.63685,86.45447,51.51426,63,34
1970-01-01 00:00:00.000000317,70.3713,85.80054,49.28145,63,35
1970-01-01 00:00:00.000000318,76.99492,85.026054,47.328316,63,36
1970-01-01 00:00:00.000000319,79.60207,84.19559,43.501156,63,37
1970-01-01 00:00:00.000000320,74.41332,83.89563,42.804783,63,38
1970-01-01 00:00:00.000000321,74.23877,83.84548,43.127895,63,39
1970-01-01 00:00:00.000000322,74.56841,84.28915,43.21277,63,40
1970-01-01 00:00:00.000000323,74.40032,84.59877,43.7365,63,41
1970-01-01 00:00:00.000000324,75.88386,84.708725,44.73379,63,42
1970-01-01 00:00:00.000000325,78.01213,84.46082,45.92688,63,43
1970-01-01 00:00:00.000000326,79.14228,83.36613,46.61457,63,44
1970-01-01 00:00:00.000000327,78.827385,82.59933,47.580048,63,45
1970-01-01 00:00:00.000000328,78.15049,82.04282,48.730705,63,46
1970-01-01 00:00:00.000000329,82.86124,82.77875,50.105133,63,47
1970-01-01 00:00:00.000000330,82.96817,83.8802,51.785305,63,48
1970-01-01 00:00:00.000000331,86.524536,84.543785,51.089893,63,49
1970-01-01 00:00:00.000000156,98.39657,76.05421,42.063076,64,10
1970-01-01 00:00:00.000000157,95.3406,75.92978,42.711235,64,11
1970-01-01 00:00:00.000000158,104.16487,76.132324,43.61111,64,12
1970-01-01 00:00:00.000000159,101.70924,75.77353,44.78202,64,13
1970-01-01 00:00:00.000000160,109.01417,76.5596,45.49672,64,14
1970-01-01 00:00:00.000000161,112.173164,75.611496,45.879623,64,15
1970-01-01 00:00:00.000000162,112.35613,75.91049,46.569252,64,16
1970-01-01 00:00:00.000000163,115.41977,75.92785,46.391777,64,17
1970-01-01 00:00:00.000000164,111.347115,74.76851,45.68481,64,18
1970-01-01 00:00:00.000000165,107.73617,73.677666,45.597027,64,19
1970-01-01 00:00:00.000000166,103.415115,74.229355,45.40509,64,20
1970-01-01 00:00:00.000000167,97.516716,75.19676,45.234386,64,21
1970-01-01 00:00:00.000000168,98.9532,75.07233,45.602818,64,22
1970-01-01 00:00:00.000000169,97.68795,76.70716,45.94232,64,23
1970-01-01 00:00:00.000000170,96.14632,76.6927,46.341625,64,24
1970-01-01 00:00:00.000000171,69.47263,74.28819,47.623463,64,25
1970-01-01 00:00:00.000000225,46.097588,71.83739,24.103973,65,10
1970-01-01 00:00:00.000000226,46.348312,72.40064,24.13485,65,11
1970-01-01 00:00:00.000000227,44.511864,72.27526,24.592978,65,12
1970-01-01 00:00:00.000000228,45.098923,72.15856,24.652773,65,13
1970-01-01 00:00:00.000000229,51.97363,72.43055,25.259449,65,14
1970-01-01 00:00:00.000000230,58.888866,72.93402,25.624031,65,15
1970-01-01 00:00:00.000000231,57.210674,73.46932,25.721441,65,16
1970-01-01 00:00:00.000000232,55.56904,73.10379,26.410103,65,17
1970-01-01 00:00:00.000000233,53.967888,73.17611,26.160313,65,18
1970-01-01 00:00:00.000000234,58.92855,73.6381,26.06482,65,19
1970-01-01 00:00:00.000000235,58.510315,73.46257,26.130404,65,20
1970-01-01 00:00:00.000000236,56.667927,73.316925,26.125574,65,21
1970-01-01 00:00:00.000000237,60.510246,72.97935,26.069637,65,22
1970-01-01 00:00:00.000000238,59.984913,72.77198,26.036837,65,23
1970-01-01 00:00:00.000000239,63.75907,72.87905,26.42747,65,24
1970-01-01 00:00:00.000000240,64.01168,73.28027,26.108213,65,25
1970-01-01 00:00:00.000000241,65.18162,73.42977,26.249027,65,26
1970-01-01 00:00:00.000000242,65.413605,73.65645,25.853577,65,27
1970-01-01 00:00:00.000000243,68.88822,74.87075,26.24132,65,28
1970-01-01 00:00:00.000000244,67.71655,75.44465,26.548029,65,29
1970-01-01 00:00:00.000000245,70.146164,76.37635,26.394674,65,30
1970-01-01 00:00:00.000000246,70.90326,76.02333,26.239388,65,31
1970-01-01 00:00:00.000000247,69.52963,74.69329,25.891203,65,32
1970-01-01 00:00:00.000000248,66.95393,73.48957,25.597025,65,33
1970-01-01 00:00:00.000000249,64.13446,74.52546,25.34047,65,34
1970-01-01 00:00:00.000000250,65.78473,73.45293,25.99055,65,35
1970-01-01 00:00:00.000000251,64.975136,73.10281,25.614388,65,36
1970-01-01 00:00:00.000000252,61.942665,71.67921,24.565964,65,37
1970-01-01 00:00:00.000000083,75.23629,93.955444,77.87326,66,10
1970-01-01 00:00:00.000000084,72.74654,92.84626,76.9049,66,11
1970-01-01 00:00:00.000000085,70.44916,92.40547,76.09857,66,12
1970-01-01 00:00:00.000000124,38.20289,87.1441,84.76852,67,10
1970-01-01 00:00:00.000000125,56.41944,75.88254,83.79533,67,11
1970-01-01 00:00:00.000000126,38.334465,85.03472,86.57021,67,12
1970-01-01 00:00:00.000000127,43.217045,87.03029,87.49421,67,13
1970-01-01 00:00:00.000000128,34.0033,89.91126,87.149864,67,14
1970-01-01 00:00:00.000000129,31.14527,90.96451,86.082184,67,15
1970-01-01 00:00:00.000000130,28.381813,90.51215,85.14853,67,16
1970-01-01 00:00:00.000000131,31.4232,90.05498,84.98457,67,17
1970-01-01 00:00:00.000000132,23.42265,89.657616,85.34529,67,18
1970-01-01 00:00:00.000000133,35.85515,90.15817,85.8179,67,19
1970-01-01 00:00:00.000000176,92.44272,75.95485,45.96643,69,10
1970-01-01 00:00:00.000000177,91.76962,76.52101,47.75752,69,11
1970-01-01 00:00:00.000000178,87.003395,77.70929,49.601658,69,12
1970-01-01 00:00:00.000000179,93.01075,76.52102,50.55364,69,13
1970-01-01 00:00:00.000000180,93.92989,75.169754,49.299767,69,14
1970-01-01 00:00:00.000000181,99.28525,76.920334,44.29494,69,15
1970-01-01 00:00:00.000000182,93.9213,76.42648,43.392162,69,16
1970-01-01 00:00:00.000000183,99.38317,78.07291,41.482445,69,17
1970-01-01 00:00:00.000000184,102.585976,80.11864,39.918983,69,18
1970-01-01 00:00:00.000000185,105.54463,81.90201,38.75866,69,19
1970-01-01 00:00:00.000000186,109.77782,80.9944,37.4238,69,20
1970-01-01 00:00:00.000000187,114.47414,80.199646,37.531834,69,21
1970-01-01 00:00:00.000000188,113.22317,79.32484,37.648525,69,22
1970-01-01 00:00:00.000000189,105.838875,77.73823,40.271988,69,23
1970-01-01 00:00:00.000000190,99.4254,76.410095,42.84915,69,24
1970-01-01 00:00:00.000000191,101.39264,74.93732,45.778362,69,25
1970-01-01 00:00:00.000000192,98.4202,75.26717,47.741116,69,26
1970-01-01 00:00:00.000000193,98.621414,73.85511,49.063457,69,27
1970-01-01 00:00:00.000000194,99.86571,73.2851,50.46972,69,28
1970-01-01 00:00:00.000000195,99.01161,70.29321,51.517162,69,29
1970-01-01 00:00:00.000000226,126.06883,95.12727,58.53395,70,10
1970-01-01 00:00:00.000000227,128.63696,94.985535,58.129818,70,11
1970-01-01 00:00:00.000000228,127.5491,94.68556,57.612843,70,12
1970-01-01 00:00:00.000000229,127.441635,94.614204,57.393898,70,13
1970-01-01 00:00:00.000000230,130.0902,94.5621,57.528923,70,14
1970-01-01 00:00:00.000000231,132.1562,94.6576,57.46528,70,15
1970-01-01 00:00:00.000000232,133.8019,94.61708,57.633102,70,16
1970-01-01 00:00:00.000000233,134.34537,94.5322,57.020645,70,17
1970-01-01 00:00:00.000000234,135.81044,94.4782,56.930935,70,18
1970-01-01 00:00:00.000000235,138.27814,94.65083,56.548027,70,19
1970-01-01 00:00:00.000000236,138.9716,95.03277,57.105507,70,20
1970-01-01 00:00:00.000000237,141.02373,94.94212,57.264652,70,21
1970-01-01 00:00:00.000000238,143.90337,94.721245,57.456585,70,22
1970-01-01 00:00:00.000000239,144.74884,94.47338,57.45274,70,23
1970-01-01 00:00:00.000000240,147.08693,94.52448,57.494213,70,24
1970-01-01 00:00:00.000000241,149.03734,94.529305,57.727615,70,25
1970-01-01 00:00:00.000000242,149.21906,94.51485,58.047836,70,26
1970-01-01 00:00:00.000000243,149.3221,94.37307,57.845295,70,27
1970-01-01 00:00:00.000000244,148.7644,94.10011,57.70737,70,28
1970-01-01 00:00:00.000000245,148.8054,94.08178,57.65721,70,29
1970-01-01 00:00:00.000000246,149.41832,94.0866,57.468174,70,30
1970-01-01 00:00:00.000000247,149.58229,94.11071,57.415134,70,31
1970-01-01 00:00:00.000000248,148.6085,94.0625,57.24922,70,32
1970-01-01 00:00:00.000000249,148.7416,94.04803,57.06018,70,33
1970-01-01 00:00:00.000000250,150.71964,94.17245,57.002316,70,34
1970-01-01 00:00:00.000000251,148.47253,94.42419,56.937683,70,35
1970-01-01 00:00:00.000000252,144.01196,94.22936,56.917435,70,36
1970-01-01 00:00:00.000000253,143.02513,94.07021,56.67824,70,37
1970-01-01 00:00:00.000000254,126.0401,93.30633,55.386765,70,38
1970-01-01 00:00:00.000000226,115.83913,90.49576,16.449654,71,10
1970-01-01 00:00:00.000000227,117.52143,90.16782,16.144857,71,11
1970-01-01 00:00:00.000000228,115.82187,89.84278,16.276997,71,12
1970-01-01 00:00:00.000000229,115.81313,89.641205,16.523916,71,13
1970-01-01 00:00:00.000000230,115.66807,88.8445,16.53549,71,14
1970-01-01 00:00:00.000000231,114.09866,88.62364,17.134453,71,15
1970-01-01 00:00:00.000000232,105.16779,87.29263,17.180754,71,16
1970-01-01 00:00:00.000000233,86.28698,84.23323,17.457554,71,17
1970-01-01 00:00:00.000000234,72.59259,83.934204,15.751344,71,18
1970-01-01 00:00:00.000000235,84.65458,85.601845,16.497877,71,19
1970-01-01 00:00:00.000000236,96.57852,88.44328,17.742104,71,20
1970-01-01 00:00:00.000000237,111.15403,89.238045,15.236297,71,21
1970-01-01 00:00:00.000000238,111.21543,89.84954,17.86458,71,22
1970-01-01 00:00:00.000000239,118.89916,90.234375,18.966047,71,23
1970-01-01 00:00:00.000000240,123.081665,90.84009,18.95833,71,24
1970-01-01 00:00:00.000000241,132.8462,92.328316,23.90335,71,25
1970-01-01 00:00:00.000000242,143.83946,93.01891,20.38194,71,26
1970-01-01 00:00:00.000000243,140.03644,93.40277,23.26872,71,27
1970-01-01 00:00:00.000000244,147.74835,93.64487,23.52142,71,28
1970-01-01 00:00:00.000000245,152.92397,93.79244,25.26717,71,29
1970-01-01 00:00:00.000000246,157.93106,94.10494,25.641397,71,30
1970-01-01 00:00:00.000000247,160.63817,94.390434,28.686346,71,31
1970-01-01 00:00:00.000000248,165.95993,94.972015,31.22781,71,32
1970-01-01 00:00:00.000000249,177.60226,95.64333,36.689804,71,33
1970-01-01 00:00:00.000000250,191.701,96.255806,43.59472,71,34
1970-01-01 00:00:00.000000251,213.11102,96.56828,50.146603,71,35
1970-01-01 00:00:00.000000252,226.61566,96.84123,52.899296,71,36
1970-01-01 00:00:00.000000253,230.9727,97.11324,55.832367,71,37
1970-01-01 00:00:00.000000320,130.9684,92.44986,55.352047,72,10
1970-01-01 00:00:00.000000321,135.16933,92.61286,56.547073,72,11
1970-01-01 00:00:00.000000322,138.78043,92.799,57.62056,72,12
1970-01-01 00:00:00.000000323,144.6696,92.83374,59.056725,72,13
1970-01-01 00:00:00.000000324,150.52307,93.33525,60.24884,72,14
1970-01-01 00:00:00.000000325,147.52266,94.048996,61.154522,72,15
1970-01-01 00:00:00.000000326,151.1524,93.98826,59.766586,72,16
1970-01-01 00:00:00.000000327,145.48813,93.48573,57.127693,72,17
1970-01-01 00:00:00.000000328,145.099,93.14143,56.029133,72,18
1970-01-01 00:00:00.000000329,145.04033,92.97167,55.55364,72,19
1970-01-01 00:00:00.000000330,145.6339,92.62733,55.46489,72,20
1970-01-01 00:00:00.000000331,145.86943,92.61863,55.536266,72,21
1970-01-01 00:00:00.000000332,145.5636,92.612854,56.13716,72,22
1970-01-01 00:00:00.000000333,144.47063,92.609,56.875954,72,23
1970-01-01 00:00:00.000000334,145.45987,92.636,57.56462,72,24
1970-01-01 00:00:00.000000335,146.2495,92.62636,59.129055,72,25
1970-01-01 00:00:00.000000336,150.25708,93.1038,60.278744,72,26
1970-01-01 00:00:00.000000337,146.30173,90.40992,62.169174,72,27
1970-01-01 00:00:00.000000338,160.12523,90.25173,58.69888,72,28
1970-01-01 00:00:00.000000339,139.77173,92.91765,55.87191,72,29
1970-01-01 00:00:00.000000340,138.39737,93.488625,55.40896,72,30
1970-01-01 00:00:00.000000341,138.28976,93.81461,55.054966,72,31
1970-01-01 00:00:00.000000342,141.58983,94.04321,55.3559,72,32
1970-01-01 00:00:00.000000343,139.96094,93.951584,55.808254,72,33
1970-01-01 00:00:00.000000344,141.16074,93.74807,55.81791,72,34
1970-01-01 00:00:00.000000345,133.2486,93.208916,55.766792,72,35
1970-01-01 00:00:00.000000346,141.16187,87.572334,56.53356,72,36
1970-01-01 00:00:00.000000347,133.65767,84.45988,56.09954,72,37
1970-01-01 00:00:00.000000348,134.59373,89.6547,55.51408,72,38
1970-01-01 00:00:00.000000349,119.231,91.78722,55.217007,72,39
1970-01-01 00:00:00.000000350,122.75733,92.50098,56.40142,72,40
1970-01-01 00:00:00.000000351,121.30123,92.368835,56.663773,72,41
1970-01-01 00:00:00.000000352,129.03334,92.162415,53.3671,72,42
1970-01-01 00:00:00.000000353,121.188484,89.24961,51.798805,72,43
1970-01-01 00:00:00.000000354,127.843864,89.200424,50.211216,72,44
1970-01-01 00:00:00.000000355,116.48307,90.22955,49.355698,72,45
1970-01-01 00:00:00.000000356,112.04947,83.21084,51.127518,72,46
1970-01-01 00:00:00.000000357,139.4999,78.58314,53.49729,72,47
1970-01-01 00:00:00.000000358,130.07497,78.60822,54.15702,72,48
1970-01-01 00:00:00.000000359,63.28711,73.35841,52.331215,72,49
1970-01-01 00:00:00.000000360,44.956367,66.2992,49.242878,72,50
1970-01-01 00:00:00.000000361,53.34083,71.418785,52.19618,72,51
1970-01-01 00:00:00.000000362,59.60503,75.90373,52.718945,72,52
1970-01-01 00:00:00.000000363,61.3866,76.89525,54.050915,72,53
1970-01-01 00:00:00.000000364,54.403404,76.65027,54.816742,72,54
1970-01-01 00:00:00.000000219,50.00753,85.40218,66.165115,73,10
1970-01-01 00:00:00.000000220,56.45153,86.12656,65.56038,73,11
1970-01-01 00:00:00.000000221,67.39911,87.53955,64.28627,73,12
1970-01-01 00:00:00.000000222,61.509327,87.000374,65.89699,73,13
1970-01-01 00:00:00.000000223,62.886032,86.610725,66.79977,73,14
1970-01-01 00:00:00.000000224,65.4766,85.05208,67.37751,73,15
1970-01-01 00:00:00.000000225,62.367092,86.53068,66.523926,73,16
1970-01-01 00:00:00.000000226,61.789085,87.649506,64.4676,73,17
1970-01-01 00:00:00.000000227,66.42517,83.94291,65.1794,73,18
1970-01-01 00:00:00.000000228,63.27914,87.27624,65.738815,73,19
1970-01-01 00:00:00.000000229,65.491905,86.22299,65.947136,73,20
1970-01-01 00:00:00.000000230,58.813206,87.35147,65.15046,73,21
1970-01-01 00:00:00.000000231,67.5015,83.6632,63.55903,73,22
1970-01-01 00:00:00.000000232,67.235916,85.301895,62.6032,73,23
1970-01-01 00:00:00.000000233,67.89751,84.64603,63.12403,73,24
1970-01-01 00:00:00.000000234,59.02345,83.45679,65.19869,73,25
1970-01-01 00:00:00.000000235,56.92456,83.16069,66.100494,73,26
1970-01-01 00:00:00.000000236,57.569096,82.24246,66.21045,73,27
1970-01-01 00:00:00.000000237,57.734512,81.70429,68.71914,73,28
1970-01-01 00:00:00.000000238,58.94099,82.58488,71.53454,73,29
1970-01-01 00:00:00.000000239,59.600445,82.9128,73.854164,73,30
1970-01-01 00:00:00.000000240,60.073257,81.22877,75.4157,73,31
1970-01-01 00:00:00.000000241,59.900333,82.74595,75.25077,73,32
1970-01-01 00:00:00.000000242,59.834557,83.03143,74.13388,73,33
1970-01-01 00:00:00.000000243,60.994137,81.00598,74.71739,73,34
1970-01-01 00:00:00.000000244,60.69628,82.91956,76.52681,73,35
1970-01-01 00:00:00.000000245,64.392494,83.87827,77.976456,73,36
1970-01-01 00:00:00.000000116,54.269283,87.1817,73.664154,74,10
1970-01-01 00:00:00.000000117,54.060287,86.576,74.18692,74,11
1970-01-01 00:00:00.000000118,50.76316,87.27623,74.85628,74,12
1970-01-01 00:00:00.000000119,53.68355,87.2714,75.58739,74,13
1970-01-01 00:00:00.000000120,53.655514,86.69849,75.84201,74,14
1970-01-01 00:00:00.000000121,52.519466,87.20969,76.86149,74,15
1970-01-01 00:00:00.000000122,53.896206,87.65334,77.9813,74,16
1970-01-01 00:00:00.000000123,54.65908,87.299385,78.765434,74,17
1970-01-01 00:00:00.000000124,53.188293,87.85108,79.51388,74,18
1970-01-01 00:00:00.000000129,145.48996,80.91145,67.03895,76,10
1970-01-01 00:00:00.000000130,144.5691,81.16415,66.92707,76,11
1970-01-01 00:00:00.000000131,145.37216,81.27314,67.24248,76,12
1970-01-01 00:00:00.000000132,145.75934,81.31173,67.17207,76,13
1970-01-01 00:00:00.000000133,145.76236,81.44677,67.24731,76,14
1970-01-01 00:00:00.000000134,147.2224,81.354164,67.28589,76,15
1970-01-01 00:00:00.000000135,147.5487,81.58276,67.34472,76,16
1970-01-01 00:00:00.000000136,145.5761,81.60977,67.41899,76,17
1970-01-01 00:00:00.000000137,150.68053,81.75541,67.57525,76,18
1970-01-01 00:00:00.000000138,151.33073,81.78434,67.428635,76,19
1970-01-01 00:00:00.000000139,152.8498,81.77854,67.40356,76,20
1970-01-01 00:00:00.000000151,50.112953,76.38309,55.167824,77,10
1970-01-01 00:00:00.000000152,52.361958,76.19405,56.10049,77,11
1970-01-01 00:00:00.000000153,51.388042,76.199844,57.10359,77,12
1970-01-01 00:00:00.000000154,49.87171,76.07735,58.15201,77,13
1970-01-01 00:00:00.000000155,51.45412,75.70602,59.216824,77,14
1970-01-01 00:00:00.000000156,51.355293,75.700226,59.937298,77,15
1970-01-01 00:00:00.000000157,49.979454,75.98089,60.575813,77,16
1970-01-01 00:00:00.000000158,46.9989,75.5816,61.13329,77,17
1970-01-01 00:00:00.000000159,50.8318,75.64718,61.594322,77,18
1970-01-01 00:00:00.000000160,49.553444,75.69733,62.432495,77,19
1970-01-01 00:00:00.000000161,47.670143,75.665504,63.313076,77,20
1970-01-01 00:00:00.000000162,48.724586,75.63464,64.182106,77,21
1970-01-01 00:00:00.000000163,49.91809,75.89312,65.29031,77,22
1970-01-01 00:00:00.000000164,51.567924,76.37827,66.21914,77,23
1970-01-01 00:00:00.000000165,47.19902,76.36766,66.84991,77,24
1970-01-01 00:00:00.000000098,2.4688125,95.18711,94.31038,78,10
1970-01-01 00:00:00.000000099,0.23024933,100.0,99.99999,78,11
1970-01-01 00:00:00.000000100,0.2305727,100.0,99.99999,78,12
1970-01-01 00:00:00.000000101,0.2300666,100.0,99.99999,78,13
1970-01-01 00:00:00.000000102,0.23098089,100.0,99.99999,78,14
1970-01-01 00:00:00.000000103,0.231481,100.0,99.99999,78,15
1970-01-01 00:00:00.000000275,101.14787,82.602234,61.16319,79,10
1970-01-01 00:00:00.000000276,100.66699,83.01601,60.84395,79,11
1970-01-01 00:00:00.000000277,103.88805,83.80498,60.93846,79,12
1970-01-01 00:00:00.000000278,103.03643,83.37577,60.97223,79,13
1970-01-01 00:00:00.000000279,102.62229,82.539536,60.79378,79,14
1970-01-01 00:00:00.000000280,103.80226,82.60223,61.03395,79,15
1970-01-01 00:00:00.000000281,102.72385,81.87692,60.84781,79,16
1970-01-01 00:00:00.000000282,103.09041,81.79012,60.83044,79,17
1970-01-01 00:00:00.000000283,101.49036,82.2907,60.96547,79,18
1970-01-01 00:00:00.000000284,102.37685,82.03126,60.71856,79,19
1970-01-01 00:00:00.000000285,101.82032,82.05633,60.522766,79,20
1970-01-01 00:00:00.000000286,101.64209,81.99267,60.128265,79,21
1970-01-01 00:00:00.000000287,102.41225,82.20775,59.54475,79,22
1970-01-01 00:00:00.000000288,98.633064,81.95313,58.89371,79,23
1970-01-01 00:00:00.000000289,97.37573,81.553825,58.699852,79,24
1970-01-01 00:00:00.000000290,99.759895,81.8152,57.931118,79,25
1970-01-01 00:00:00.000000291,101.990814,81.87307,57.71026,79,26
1970-01-01 00:00:00.000000292,99.370255,81.994606,56.995564,79,27
1970-01-01 00:00:00.000000293,97.49687,82.06115,56.618435,79,28
1970-01-01 00:00:00.000000294,93.20414,81.77856,56.12558,79,29
1970-01-01 00:00:00.000000295,90.27056,80.73881,55.62982,79,30
1970-01-01 00:00:00.000000296,93.28352,80.645256,54.84568,79,31
1970-01-01 00:00:00.000000297,93.15627,79.9267,54.29012,79,32
1970-01-01 00:00:00.000000298,90.92662,79.92958,53.817516,79,33
1970-01-01 00:00:00.000000299,95.27906,80.14275,53.680553,79,34
1970-01-01 00:00:00.000000300,92.90944,80.641396,54.925735,79,35
1970-01-01 00:00:00.000000301,90.09106,81.131355,57.1412,79,36
1970-01-01 00:00:00.000000302,87.44775,80.353004,61.11787,79,37
1970-01-01 00:00:00.000000303,88.37841,81.585655,61.30208,79,38
1970-01-01 00:00:00.000000304,91.40012,81.382126,59.407795,79,39
1970-01-01 00:00:00.000000305,97.01263,81.35995,58.838745,79,40
1970-01-01 00:00:00.000000306,100.938675,81.87886,58.83391,79,41
1970-01-01 00:00:00.000000307,100.39706,82.74499,59.434788,79,42
1970-01-01 00:00:00.000000308,99.41675,82.68616,59.505207,79,43
1970-01-01 00:00:00.000000309,99.80679,82.15952,58.657417,79,44
1970-01-01 00:00:00.000000310,99.11833,81.77953,58.041084,79,45
1970-01-01 00:00:00.000000311,98.04147,81.68692,57.77102,79,46
1970-01-01 00:00:00.000000148,149.90007,87.685196,55.38387,80,10
1970-01-01 00:00:00.000000149,151.72107,88.465454,55.04629,80,11
1970-01-01 00:00:00.000000150,149.52103,88.4211,54.916084,80,12
1970-01-01 00:00:00.000000151,146.8246,88.05748,54.15509,80,13
1970-01-01 00:00:00.000000152,143.02347,87.36109,53.92264,80,14
1970-01-01 00:00:00.000000153,141.98917,86.64545,53.120174,80,15
1970-01-01 00:00:00.000000154,136.12697,86.24229,51.99845,80,16
1970-01-01 00:00:00.000000155,131.1788,85.45911,52.55306,80,17
1970-01-01 00:00:00.000000156,122.67837,83.76543,53.283188,80,18
1970-01-01 00:00:00.000000157,72.33257,93.55421,82.84433,80,19
1970-01-01 00:00:00.000000158,0.200209,100.0,99.99999,80,20
1970-01-01 00:00:00.000000159,0.1802698,100.0,99.99999,80,21
1970-01-01 00:00:00.000000160,0.16713007,100.0,99.99999,80,22
1970-01-01 00:00:00.000000161,0.16143884,100.0,99.99999,80,23
1970-01-01 00:00:00.000000162,0.19375093,100.0,99.99999,80,24
1970-01-01 00:00:00.000000125,120.94434,88.86284,44.103004,81,10
1970-01-01 00:00:00.000000126,137.40894,85.06269,44.445393,81,11
1970-01-01 00:00:00.000000127,121.412834,87.9215,42.023525,81,12
1970-01-01 00:00:00.000000128,121.31713,88.116325,42.918594,81,13
1970-01-01 00:00:00.000000129,120.0003,88.2745,43.33237,81,14
1970-01-01 00:00:00.000000130,122.761665,88.29283,43.01987,81,15
1970-01-01 00:00:00.000000131,124.54657,88.868645,43.50887,81,16
1970-01-01 00:00:00.000000132,131.24187,88.9506,43.312115,81,17
1970-01-01 00:00:00.000000133,130.246,90.344315,43.41724,81,18
1970-01-01 00:00:00.000000134,125.25833,86.6252,46.51235,81,19
1970-01-01 00:00:00.000000135,142.12007,85.81886,43.878284,81,20
1970-01-01 00:00:00.000000318,135.57417,79.30168,50.618244,83,10
1970-01-01 00:00:00.000000319,137.27377,79.361496,51.139088,83,11
1970-01-01 00:00:00.000000320,139.94257,79.452126,51.28376,83,12
1970-01-01 00:00:00.000000321,140.6989,79.640236,51.272194,83,13
1970-01-01 00:00:00.000000322,144.09137,79.690384,51.514275,83,14
1970-01-01 00:00:00.000000323,144.0171,79.81868,51.391773,83,15
1970-01-01 00:00:00.000000324,146.2017,80.081024,51.533566,83,16
1970-01-01 00:00:00.000000325,149.62373,80.35301,51.90297,83,17
1970-01-01 00:00:00.000000326,148.15027,80.281624,52.114197,83,18
1970-01-01 00:00:00.000000327,150.90373,80.07041,52.42574,83,19
1970-01-01 00:00:00.000000328,153.4135,79.98843,52.676502,83,20
1970-01-01 00:00:00.000000329,149.03354,79.766594,52.883873,83,21
1970-01-01 00:00:00.000000330,147.69054,79.41356,52.60899,83,22
1970-01-01 00:00:00.000000331,150.13136,79.733795,52.100697,83,23
1970-01-01 00:00:00.000000332,150.60066,79.76273,52.35533,83,24
1970-01-01 00:00:00.000000333,146.11047,79.728004,52.314816,83,25
1970-01-01 00:00:00.000000334,140.6055,79.51678,51.852818,83,26
1970-01-01 00:00:00.000000335,141.81104,79.009445,51.32811,83,27
1970-01-01 00:00:00.000000336,144.63654,79.33833,51.188274,83,28
1970-01-01 00:00:00.000000337,139.09816,79.31326,51.412994,83,29
1970-01-01 00:00:00.000000338,138.9941,79.10686,51.2558,83,30
1970-01-01 00:00:00.000000339,139.44417,79.27081,51.163197,83,31
1970-01-01 00:00:00.000000340,140.4413,79.40778,51.38986,83,32
1970-01-01 00:00:00.000000341,142.3729,79.59393,51.325226,83,33
1970-01-01 00:00:00.000000342,142.7288,79.82062,51.60784,83,34
1970-01-01 00:00:00.000000343,143.7841,80.112854,51.78337,83,35
1970-01-01 00:00:00.000000344,146.418,80.07814,51.87981,83,36
1970-01-01 00:00:00.000000345,146.18753,80.30476,51.8451,83,37
1970-01-01 00:00:00.000000346,148.8215,80.39448,52.22415,83,38
1970-01-01 00:00:00.000000347,148.85573,80.3337,51.99845,83,39
1970-01-01 00:00:00.000000348,151.3516,80.60185,52.260803,83,40
1970-01-01 00:00:00.000000349,152.11725,80.58835,52.473957,83,41
1970-01-01 00:00:00.000000350,154.74417,80.743645,52.79804,83,42
1970-01-01 00:00:00.000000351,157.18277,80.92207,52.889668,83,43
1970-01-01 00:00:00.000000352,157.94695,81.07059,53.314045,83,44
1970-01-01 00:00:00.000000353,161.19135,80.89411,53.40663,83,45
1970-01-01 00:00:00.000000354,162.1568,81.20081,53.684425,83,46
1970-01-01 00:00:00.000000355,163.74823,81.20659,53.615932,83,47
1970-01-01 00:00:00.000000356,165.10631,81.21238,53.67959,83,48
1970-01-01 00:00:00.000000357,164.54083,80.98863,53.530087,83,49
1970-01-01 00:00:00.000000358,160.29744,80.7369,53.37577,83,50
1970-01-01 00:00:00.000000359,158.69707,80.22762,52.704475,83,51
1970-01-01 00:00:00.000000360,159.1614,80.66166,52.674576,83,52
1970-01-01 00:00:00.000000361,158.3141,81.02044,52.844334,83,53
1970-01-01 00:00:00.000000362,151.56659,80.8343,52.633106,83,54
1970-01-01 00:00:00.000000110,187.51376,93.058464,74.45891,84,10
1970-01-01 00:00:00.000000111,187.40283,93.09416,74.60551,84,11
1970-01-01 00:00:00.000000112,186.96243,93.1038,74.723175,84,12
1970-01-01 00:00:00.000000113,186.06587,93.22243,74.630585,84,13
1970-01-01 00:00:00.000000114,187.4248,93.58891,74.8775,84,14
1970-01-01 00:00:00.000000115,190.08334,93.64197,75.09454,84,15
1970-01-01 00:00:00.000000116,191.2325,93.57927,75.07042,84,16
1970-01-01 00:00:00.000000117,192.35585,93.61593,75.114784,84,17
1970-01-01 00:00:00.000000118,142.91074,84.9672,70.60474,85,10
1970-01-01 00:00:00.000000119,139.38026,84.32773,70.32792,85,11
1970-01-01 00:00:00.000000120,138.53566,85.03567,70.20543,85,12
1970-01-01 00:00:00.000000121,138.1059,86.25964,70.28355,85,13
1970-01-01 00:00:00.000000122,140.05327,86.75927,70.54109,85,14
1970-01-01 00:00:00.000000123,144.35187,87.19423,70.97223,85,15
1970-01-01 00:00:00.000000124,146.68567,87.64373,71.359,85,16
1970-01-01 00:00:00.000000125,151.14467,87.925354,71.57214,85,17
1970-01-01 00:00:00.000000126,155.46187,88.08932,71.87886,85,18
1970-01-01 00:00:00.000000215,147.61157,93.70756,54.27855,86,10
1970-01-01 00:00:00.000000216,153.4356,94.00753,54.78202,86,11
1970-01-01 00:00:00.000000217,153.42664,93.77315,52.885803,86,12
1970-01-01 00:00:00.000000218,151.1948,93.08643,52.09105,86,13
1970-01-01 00:00:00.000000219,143.4144,92.09391,51.69367,86,14
1970-01-01 00:00:00.000000220,139.2235,91.58371,51.000187,86,15
1970-01-01 00:00:00.000000221,140.38017,91.23071,50.70023,86,16
1970-01-01 00:00:00.000000222,139.03047,90.95679,49.03549,86,17
1970-01-01 00:00:00.000000223,140.62427,91.54609,49.932484,86,18
1970-01-01 00:00:00.000000224,145.3447,92.21546,50.613434,86,19
1970-01-01 00:00:00.000000225,148.29437,92.839516,51.300148,86,20
1970-01-01 00:00:00.000000226,149.8527,92.79608,51.74093,86,21
1970-01-01 00:00:00.000000227,152.94708,93.025665,51.051308,86,22
1970-01-01 00:00:00.000000228,145.98038,92.32542,49.103,86,23
1970-01-01 00:00:00.000000229,137.33437,91.628075,48.2687,86,24
1970-01-01 00:00:00.000000230,134.05054,91.16606,48.199272,86,25
1970-01-01 00:00:00.000000231,135.27573,89.67688,50.272003,86,26
1970-01-01 00:00:00.000000232,137.3534,88.1877,49.01041,86,27
1970-01-01 00:00:00.000000233,131.2887,90.846825,44.704857,86,28
1970-01-01 00:00:00.000000234,130.94504,91.1227,45.62982,86,29
1970-01-01 00:00:00.000000235,138.1345,92.11901,46.950222,86,30
1970-01-01 00:00:00.000000236,139.08667,92.37752,47.313847,86,31
1970-01-01 00:00:00.000000237,144.4635,92.82022,49.021034,86,32
1970-01-01 00:00:00.000000238,149.92143,92.90509,48.554203,86,33
1970-01-01 00:00:00.000000239,143.73137,92.85687,47.53857,86,34
1970-01-01 00:00:00.000000240,142.94766,88.83873,48.760605,86,35
1970-01-01 00:00:00.000000385,123.5228,95.610565,82.195206,87,10
1970-01-01 00:00:00.000000386,125.39346,95.61346,82.116104,87,11
1970-01-01 00:00:00.000000387,130.39127,95.61539,82.24633,87,12
1970-01-01 00:00:00.000000388,127.5993,95.43405,81.99459,87,13
1970-01-01 00:00:00.000000389,123.83013,95.22473,81.698494,87,14
1970-01-01 00:00:00.000000390,120.40743,95.13694,81.589516,87,15
1970-01-01 00:00:00.000000391,118.6265,94.69232,81.32137,87,16
1970-01-01 00:00:00.000000392,115.884834,94.57658,81.49596,87,17
1970-01-01 00:00:00.000000393,116.07533,95.04434,82.0129,87,18
1970-01-01 00:00:00.000000394,124.59596,95.22378,82.04472,87,19
1970-01-01 00:00:00.000000395,128.09793,94.67301,81.63773,87,20
1970-01-01 00:00:00.000000396,124.7265,94.59686,81.5056,87,21
1970-01-01 00:00:00.000000397,128.47533,94.17053,81.03008,87,22
1970-01-01 00:00:00.000000398,119.00667,93.641,80.89023,87,23
1970-01-01 00:00:00.000000399,113.308395,93.36322,80.93556,87,24
1970-01-01 00:00:00.000000400,106.93883,92.53281,80.98283,87,25
1970-01-01 00:00:00.000000401,116.15199,86.43229,81.325226,87,26
1970-01-01 00:00:00.000000402,107.5241,90.96065,82.71894,87,27
1970-01-01 00:00:00.000000403,114.21187,92.41899,82.89448,87,28
1970-01-01 00:00:00.000000404,122.94327,92.53088,82.11032,87,29
1970-01-01 00:00:00.000000405,122.81287,92.159546,82.256935,87,30
1970-01-01 00:00:00.000000406,119.58897,92.3264,82.86266,87,31
1970-01-01 00:00:00.000000407,120.43419,92.68519,83.24847,87,32
1970-01-01 00:00:00.000000408,120.779366,92.74112,83.24556,87,33
1970-01-01 00:00:00.000000409,119.5,93.01214,83.516594,87,34
1970-01-01 00:00:00.000000410,122.759735,93.58119,83.877304,87,35
1970-01-01 00:00:00.000000411,131.3155,94.14448,83.288,87,36
1970-01-01 00:00:00.000000412,124.40193,94.59975,82.03316,87,37
1970-01-01 00:00:00.000000413,117.81793,94.713524,80.72821,87,38
1970-01-01 00:00:00.000000414,123.5235,93.913025,79.985535,87,39
1970-01-01 00:00:00.000000415,120.446335,91.99846,80.45622,87,40
1970-01-01 00:00:00.000000416,112.759735,91.64832,81.43036,87,41
1970-01-01 00:00:00.000000417,115.39637,91.929,82.61285,87,42
1970-01-01 00:00:00.000000418,112.3292,91.675354,83.26678,87,43
1970-01-01 00:00:00.000000419,112.931335,91.40625,83.69888,87,44
1970-01-01 00:00:00.000000420,109.102165,91.60782,84.09046,87,45
1970-01-01 00:00:00.000000421,107.13113,91.86728,84.38078,87,46
1970-01-01 00:00:00.000000422,101.62931,91.38792,84.6711,87,47
1970-01-01 00:00:00.000000423,96.57543,91.03974,84.9267,87,48
1970-01-01 00:00:00.000000424,96.5901,92.80381,84.47723,87,49
1970-01-01 00:00:00.000000425,98.05855,96.557686,83.422066,87,50
1970-01-01 00:00:00.000000426,114.68731,96.9975,82.94174,87,51
1970-01-01 00:00:00.000000427,125.9772,94.35379,80.38388,87,52
1970-01-01 00:00:00.000000428,117.607,91.93191,79.94599,87,53
1970-01-01 00:00:00.000000429,101.027504,89.15414,80.108025,87,54
1970-01-01 00:00:00.000000430,86.837524,89.49651,81.81617,87,55
1970-01-01 00:00:00.000000431,90.01842,92.1383,83.26487,87,56
1970-01-01 00:00:00.000000432,99.40596,94.59202,83.89081,87,57
1970-01-01 00:00:00.000000433,112.21395,94.80998,83.17709,87,58
1970-01-01 00:00:00.000000434,86.84439,93.3912,81.853775,87,59
1970-01-01 00:00:00.000000435,65.97311,75.827545,80.42149,87,60
1970-01-01 00:00:00.000000436,63.64651,69.613235,83.73552,87,61
1970-01-01 00:00:00.000000437,79.62393,76.32619,86.69849,87,62
1970-01-01 00:00:00.000000438,81.61916,86.08893,87.63021,87,63
1970-01-01 00:00:00.000000439,97.78335,92.38426,87.146996,87,64
1970-01-01 00:00:00.000000440,120.6227,92.53761,85.5816,87,65
1970-01-01 00:00:00.000000441,124.80961,92.86649,84.54956,87,66
1970-01-01 00:00:00.000000355,142.39804,80.93365,72.78935,88,10
1970-01-01 00:00:00.000000356,145.3121,80.92978,73.13656,88,11
1970-01-01 00:00:00.000000357,145.90826,80.96065,73.31787,88,12
1970-01-01 00:00:00.000000358,146.24318,81.01273,73.497284,88,13
1970-01-01 00:00:00.000000359,147.30606,81.26929,73.526215,88,14
1970-01-01 00:00:00.000000360,146.07927,81.313644,73.62268,88,15
1970-01-01 00:00:00.000000361,141.55524,81.12364,73.53105,88,16
1970-01-01 00:00:00.000000362,140.85983,81.15836,73.278336,88,17
1970-01-01 00:00:00.000000363,137.71066,80.95485,72.98418,88,18
1970-01-01 00:00:00.000000364,138.37886,80.84588,72.89641,88,19
1970-01-01 00:00:00.000000365,139.425,80.87289,72.82793,88,20
1970-01-01 00:00:00.000000366,140.21503,80.97416,72.72859,88,21
1970-01-01 00:00:00.000000367,141.05876,81.14486,73.03625,88,22
1970-01-01 00:00:00.000000368,141.97284,81.058044,73.072914,88,23
1970-01-01 00:00:00.000000369,146.05884,81.167046,73.209854,88,24
1970-01-01 00:00:00.000000370,145.6096,80.97126,73.3092,88,25
1970-01-01 00:00:00.000000371,145.80075,81.21719,73.43361,88,26
1970-01-01 00:00:00.000000372,146.60704,81.2172,73.64968,88,27
1970-01-01 00:00:00.000000373,148.1008,81.260605,73.75387,88,28
1970-01-01 00:00:00.000000374,148.05316,81.18247,73.859955,88,29
1970-01-01 00:00:00.000000375,147.2998,81.35126,73.768326,88,30
1970-01-01 00:00:00.000000376,143.95747,81.28085,73.61111,88,31
1970-01-01 00:00:00.000000377,142.2784,81.21625,73.47895,88,32
1970-01-01 00:00:00.000000378,140.294,81.21431,73.41529,88,33
1970-01-01 00:00:00.000000379,141.04924,80.95389,73.29088,88,34
1970-01-01 00:00:00.000000380,140.71503,80.719536,73.41143,88,35
1970-01-01 00:00:00.000000381,144.79477,80.740746,73.39698,88,36
1970-01-01 00:00:00.000000382,144.22386,80.66551,73.58602,88,37
1970-01-01 00:00:00.000000383,148.08797,80.69928,73.9429,88,38
1970-01-01 00:00:00.000000384,148.91905,80.65972,74.117485,88,39
1970-01-01 00:00:00.000000385,151.63213,80.32696,74.24865,88,40
1970-01-01 00:00:00.000000386,155.45398,80.85553,74.69326,88,41
1970-01-01 00:00:00.000000387,159.94333,81.03395,75.04921,88,42
1970-01-01 00:00:00.000000388,162.61293,81.27507,75.431145,88,43
1970-01-01 00:00:00.000000389,164.91415,81.74865,75.339516,88,44
1970-01-01 00:00:00.000000390,167.84627,82.08044,75.55266,88,45
1970-01-01 00:00:00.000000391,167.51323,82.64369,75.859375,88,46
1970-01-01 00:00:00.000000392,169.3485,82.33602,75.62403,88,47
1970-01-01 00:00:00.000000393,175.91357,82.93114,75.42535,88,48
1970-01-01 00:00:00.000000394,179.3121,83.32177,75.424385,88,49
1970-01-01 00:00:00.000000395,179.3615,83.482834,75.35688,88,50
1970-01-01 00:00:00.000000396,180.76187,83.7741,75.35397,88,51
1970-01-01 00:00:00.000000397,184.75256,83.96701,75.21993,88,52
1970-01-01 00:00:00.000000398,185.92247,84.26214,75.3212,88,53
1970-01-01 00:00:00.000000399,190.30696,84.732834,75.29901,88,54
1970-01-01 00:00:00.000000400,192.86876,85.1659,75.27393,88,55
1970-01-01 00:00:00.000000401,196.03096,85.43789,75.61053,88,56
1970-01-01 00:00:00.000000402,194.7494,85.26911,75.44657,88,57
1970-01-01 00:00:00.000000403,191.7756,85.20642,74.86882,88,58
1970-01-01 00:00:00.000000404,190.05641,85.03761,74.591034,88,59
1970-01-01 00:00:00.000000405,190.07127,84.80711,74.40201,88,60
1970-01-01 00:00:00.000000093,1.4782192,100.0,99.99999,89,10
1970-01-01 00:00:00.000000094,1.538287,100.0,99.99999,89,11
1970-01-01 00:00:00.000000095,1.5389227,100.0,99.99999,89,12
1970-01-01 00:00:00.000000096,1.333091,100.0,99.99999,89,13
1970-01-01 00:00:00.000000097,1.0996163,100.0,99.99999,89,14
1970-01-01 00:00:00.000000101,41.075737,71.73032,66.073494,92,10
1970-01-01 00:00:00.000000102,42.941364,72.39679,66.57407,92,11
1970-01-01 00:00:00.000000103,41.110535,72.56269,66.851845,92,12
1970-01-01 00:00:00.000000104,42.88925,72.45562,67.201965,92,13
1970-01-01 00:00:00.000000105,41.636593,72.846245,67.39104,92,14
1970-01-01 00:00:00.000000106,42.362576,73.05363,67.493256,92,15
1970-01-01 00:00:00.000000166,90.87752,85.10609,46.71875,93,10
1970-01-01 00:00:00.000000167,83.55968,84.70296,45.713737,93,11
1970-01-01 00:00:00.000000168,74.84554,84.783966,44.215855,93,12
1970-01-01 00:00:00.000000169,73.15122,84.95468,43.535885,93,13
1970-01-01 00:00:00.000000170,78.17435,85.049194,43.73939,93,14
1970-01-01 00:00:00.000000171,79.34375,86.22588,44.1165,93,15
1970-01-01 00:00:00.000000172,86.16389,87.776825,46.206593,93,16
1970-01-01 00:00:00.000000173,95.861664,89.456024,48.726852,93,17
1970-01-01 00:00:00.000000174,109.30597,89.49556,51.080242,93,18
1970-01-01 00:00:00.000000175,117.5688,88.81173,51.005013,93,19
1970-01-01 00:00:00.000000176,110.00858,87.22994,50.636578,93,20
1970-01-01 00:00:00.000000177,24.808727,79.01813,62.17979,93,21
1970-01-01 00:00:00.000000178,1.0068468,100.0,99.99999,93,22
1970-01-01 00:00:00.000000179,0.231482,100.0,99.99999,93,23
1970-01-01 00:00:00.000000180,0.231482,100.0,99.99999,93,24
1970-01-01 00:00:00.000000181,0.27797288,100.0,99.99999,93,25
1970-01-01 00:00:00.000000182,0.231482,100.0,99.99999,93,26
1970-01-01 00:00:00.000000183,4.0224147,100.0,99.99999,93,27
1970-01-01 00:00:00.000000114,92.48009,77.36399,75.72047,95,10
1970-01-01 00:00:00.000000115,88.75382,76.79689,75.57485,95,11
1970-01-01 00:00:00.000000116,94.698944,77.43345,75.65684,95,12
1970-01-01 00:00:00.000000117,83.59138,78.86767,76.02525,95,13
1970-01-01 00:00:00.000000118,86.50926,78.09992,76.409134,95,14
1970-01-01 00:00:00.000000119,81.36467,78.12307,76.72743,95,15
1970-01-01 00:00:00.000000120,90.71785,77.47011,76.648346,95,16
1970-01-01 00:00:00.000000121,91.39286,76.76216,76.84801,95,17
1970-01-01 00:00:00.000000122,89.29778,76.01756,76.91359,95,18
1970-01-01 00:00:00.000000183,107.29946,75.019295,61.575993,96,10
1970-01-01 00:00:00.000000184,112.11853,74.24673,62.17689,96,11
1970-01-01 00:00:00.000000185,115.748375,75.365555,62.81442,96,12
1970-01-01 00:00:00.000000186,112.2412,75.16203,63.41821,96,13
1970-01-01 00:00:00.000000187,116.7507,74.97975,63.96412,96,14
1970-01-01 00:00:00.000000188,119.78483,75.25753,64.72513,96,15
1970-01-01 00:00:00.000000189,119.72407,75.073296,65.055954,96,16
1970-01-01 00:00:00.000000190,119.56717,75.54303,65.54494,96,17
1970-01-01 00:00:00.000000191,118.172,75.37229,65.49575,96,18
1970-01-01 00:00:00.000000192,120.6294,75.0463,65.289345,96,19
1970-01-01 00:00:00.000000193,122.78754,75.912415,65.48225,96,20
1970-01-01 00:00:00.000000194,123.47483,75.44656,65.65297,96,21
1970-01-01 00:00:00.000000195,121.27617,74.632515,65.64525,96,22
1970-01-01 00:00:00.000000196,121.43657,73.60532,65.52565,96,23
1970-01-01 00:00:00.000000197,122.3496,72.2386,65.443665,96,24
1970-01-01 00:00:00.000000198,124.20313,72.14024,65.56327,96,25
1970-01-01 00:00:00.000000199,120.2952,73.543594,65.55846,96,26
1970-01-01 00:00:00.000000200,119.31797,74.167625,65.597984,96,27
1970-01-01 00:00:00.000000201,110.6321,74.19656,65.3067,96,28
1970-01-01 00:00:00.000000202,102.4357,73.84549,64.75888,96,29
1970-01-01 00:00:00.000000203,87.484024,72.85397,64.19174,96,30
1970-01-01 00:00:00.000000079,0.24464843,100.0,99.99999,98,10
1970-01-01 00:00:00.000000080,0.2310856,100.0,99.99999,98,11
1970-01-01 00:00:00.000000081,0.231481,100.0,99.99999,98,12
1970-01-01 00:00:00.000000096,3.6359837,100.0,99.99999,99,10
1970-01-01 00:00:00.000000097,0.231482,100.0,99.99999,99,11
1970-01-01 00:00:00.000000098,0.231482,100.0,99.99999,99,12
1970-01-01 00:00:00.000000099,0.231482,100.0,99.99999,99,13
1970-01-01 00:00:00.000000100,0.231482,100.0,99.99999,99,14
1970-01-01 00:00:00.000000101,0.231482,100.0,99.99999,99,15
1970-01-01 00:00:00.000000340,139.42506,84.63158,57.082355,100,10
1970-01-01 00:00:00.000000341,135.17844,83.104744,57.063072,100,11
1970-01-01 00:00:00.000000342,127.353065,82.29456,56.97241,100,12
1970-01-01 00:00:00.000000343,130.0354,81.82389,57.194252,100,13
1970-01-01 00:00:00.000000344,119.464264,81.17477,57.08718,100,14
1970-01-01 00:00:00.000000345,118.4651,80.81597,57.37171,100,15
1970-01-01 00:00:00.000000346,112.398,80.56423,57.623444,100,16
1970-01-01 00:00:00.000000347,110.04774,79.44733,57.788387,100,17
1970-01-01 00:00:00.000000348,108.04477,77.99093,57.989956,100,18
1970-01-01 00:00:00.000000349,109.179535,76.37731,57.943672,100,19
1970-01-01 00:00:00.000000350,106.6433,76.36187,58.63523,100,20
1970-01-01 00:00:00.000000351,103.32655,76.3638,59.15896,100,21
1970-01-01 00:00:00.000000352,96.638626,75.88541,59.678814,100,22
1970-01-01 00:00:00.000000353,93.56123,75.35784,60.106094,100,23
1970-01-01 00:00:00.000000354,90.27307,74.72223,60.45814,100,24
1970-01-01 00:00:00.000000355,84.56756,74.41648,60.7774,100,25
1970-01-01 00:00:00.000000356,79.92666,73.84934,60.99247,100,26
1970-01-01 00:00:00.000000357,80.17928,75.16879,61.331017,100,27
1970-01-01 00:00:00.000000358,77.92133,73.68828,61.449642,100,28
1970-01-01 00:00:00.000000359,78.47418,73.20215,61.578896,100,29
1970-01-01 00:00:00.000000360,77.5294,72.18942,61.983997,100,30
1970-01-01 00:00:00.000000361,76.98167,71.820015,62.337,100,31
1970-01-01 00:00:00.000000362,77.88207,71.68499,62.776802,100,32
1970-01-01 00:00:00.000000363,78.539314,72.15663,63.351658,100,33
1970-01-01 00:00:00.000000364,79.21736,72.61574,64.01428,100,34
1970-01-01 00:00:00.000000365,80.652756,72.92921,64.51678,100,35
1970-01-01 00:00:00.000000366,80.26334,72.68325,64.903564,100,36
1970-01-01 00:00:00.000000367,81.884445,72.30902,65.47935,100,37
1970-01-01 00:00:00.000000368,78.55393,71.977234,65.51696,100,38
1970-01-01 00:00:00.000000369,79.19599,71.6734,65.82658,100,39
1970-01-01 00:00:00.000000370,78.828674,71.859566,65.93749,100,40
1970-01-01 00:00:00.000000371,71.78754,71.98399,66.33584,100,41
1970-01-01 00:00:00.000000372,75.715294,71.47183,66.60493,100,42
1970-01-01 00:00:00.000000373,78.51297,71.57793,66.55864,100,43
1970-01-01 00:00:00.000000374,80.557365,72.38041,66.93285,100,44
1970-01-01 00:00:00.000000375,76.66296,71.71005,67.267555,100,45
1970-01-01 00:00:00.000000376,74.55004,71.09472,67.28878,100,46
1970-01-01 00:00:00.000000377,68.42905,70.59221,67.04957,100,47
1970-01-01 00:00:00.000000378,58.790688,69.72028,66.8364,100,48
1970-01-01 00:00:00.000000379,46.29631,68.64873,66.36864,100,49
1970-01-01 00:00:00.000000380,39.769485,66.701385,65.6684,100,50
1970-01-01 00:00:00.000000381,44.43973,66.51909,65.515045,100,51
1970-01-01 00:00:00.000000382,26.623188,66.83546,66.39661,100,52
1970-01-01 00:00:00.000000383,0.34170675,99.456985,99.46373,100,53
1970-01-01 00:00:00.000000384,0.23092857,100.0,99.99999,100,54
1970-01-01 00:00:00.000000385,0.231481,100.0,99.99999,100,55
1970-01-01 00:00:00.000000386,0.2311776,100.0,99.99999,100,56
1970-01-01 00:00:00.000000387,0.23017393,100.0,99.99999,100,57
1970-01-01 00:00:00.000000388,0.23147286,100.0,99.99999,100,58
1970-01-01 00:00:00.000000142,114.9371,83.31212,46.28087,101,10
1970-01-01 00:00:00.000000143,119.2163,83.916855,47.391003,101,11
1970-01-01 00:00:00.000000144,127.5818,84.728,49.258293,101,12
1970-01-01 00:00:00.000000145,133.52524,85.71371,51.427456,101,13
1970-01-01 00:00:00.000000146,140.3881,86.37731,52.94945,101,14
1970-01-01 00:00:00.000000147,149.07027,87.28878,54.236107,101,15
1970-01-01 00:00:00.000000148,157.01099,87.95718,55.763893,101,16
1970-01-01 00:00:00.000000149,162.37306,88.47416,57.00617,101,17
1970-01-01 00:00:00.000000150,163.57913,89.59395,58.25039,101,18
1970-01-01 00:00:00.000000151,161.69763,89.96241,59.610344,101,19
1970-01-01 00:00:00.000000152,163.70753,90.023155,60.326958,101,20
1970-01-01 00:00:00.000000153,163.6439,90.121544,60.797653,101,21
1970-01-01 00:00:00.000000154,166.07857,90.4996,61.20081,101,22
1970-01-01 00:00:00.000000155,165.3113,90.33371,61.6522,101,23
1970-01-01 00:00:00.000000187,164.55829,79.016205,69.816734,103,10
1970-01-01 00:00:00.000000188,164.855,79.45794,70.37132,103,11
1970-01-01 00:00:00.000000189,162.45576,79.37884,70.7012,103,12
1970-01-01 00:00:00.000000190,165.84523,79.56886,71.05807,103,13
1970-01-01 00:00:00.000000191,169.04634,79.81964,71.6898,103,14
1970-01-01 00:00:00.000000192,170.64343,79.98941,72.22512,103,15
1970-01-01 00:00:00.000000193,174.82187,80.00676,72.58583,103,16
1970-01-01 00:00:00.000000194,180.32837,80.9211,73.27834,103,17
1970-01-01 00:00:00.000000195,181.52046,80.71855,73.68828,103,18
1970-01-01 00:00:00.000000196,180.65154,81.030075,73.89661,103,19
1970-01-01 00:00:00.000000197,179.0765,81.24517,73.72205,103,20
1970-01-01 00:00:00.000000198,180.31244,81.26351,73.82718,103,21
1970-01-01 00:00:00.000000199,185.6489,81.57696,74.22453,103,22
1970-01-01 00:00:00.000000200,188.2905,82.085266,74.57368,103,23
1970-01-01 00:00:00.000000201,193.6827,82.97069,74.63732,103,24
1970-01-01 00:00:00.000000202,191.87936,82.88099,75.10225,103,25
1970-01-01 00:00:00.000000203,194.47964,82.6466,75.23631,103,26
1970-01-01 00:00:00.000000204,194.14774,82.95428,74.85627,103,27
1970-01-01 00:00:00.000000205,187.45726,83.238815,74.987465,103,28
1970-01-01 00:00:00.000000206,186.53693,83.04012,74.762726,103,29
1970-01-01 00:00:00.000000207,184.57857,82.571365,74.85531,103,30
1970-01-01 00:00:00.000000208,189.89493,82.5077,74.80032,103,31
1970-01-01 00:00:00.000000080,0.2120513,100.0,99.99999,104,10
1970-01-01 00:00:00.000000081,0.2248266,100.0,99.99999,104,11
1970-01-01 00:00:00.000000082,0.22323063,100.0,99.99999,104,12
1970-01-01 00:00:00.000000190,180.66617,92.292625,59.767555,105,10
1970-01-01 00:00:00.000000191,188.45934,93.174194,61.11497,105,11
1970-01-01 00:00:00.000000192,201.53146,93.85321,62.818287,105,12
1970-01-01 00:00:00.000000193,208.37886,93.18288,64.19174,105,13
1970-01-01 00:00:00.000000194,205.52605,95.04051,63.500195,105,14
1970-01-01 00:00:00.000000195,215.87909,93.87251,63.930374,105,15
1970-01-01 00:00:00.000000196,212.965,94.185,63.939045,105,16
1970-01-01 00:00:00.000000197,207.59396,94.360504,65.25656,105,17
1970-01-01 00:00:00.000000198,207.3975,94.20428,65.41474,105,18
1970-01-01 00:00:00.000000199,205.2047,93.98343,63.746128,105,19
1970-01-01 00:00:00.000000200,207.24797,94.0953,64.02296,105,20
1970-01-01 00:00:00.000000201,216.8502,94.42806,64.494606,105,21
1970-01-01 00:00:00.000000202,226.51564,95.50155,66.055176,105,22
1970-01-01 00:00:00.000000203,238.939,96.03302,67.839516,105,23
1970-01-01 00:00:00.000000204,243.9015,96.22782,67.6196,105,24
1970-01-01 00:00:00.000000205,221.37404,95.83045,66.62038,105,25
1970-01-01 00:00:00.000000206,205.24103,94.73574,66.31655,105,26
1970-01-01 00:00:00.000000207,192.79803,93.83295,65.800545,105,27
1970-01-01 00:00:00.000000208,190.5517,93.51947,64.144485,105,28
1970-01-01 00:00:00.000000209,184.7769,90.87286,62.952354,105,29
1970-01-01 00:00:00.000000210,177.87897,90.21702,59.99035,105,30
1970-01-01 00:00:00.000000211,157.74037,89.04321,57.857838,105,31
1970-01-01 00:00:00.000000281,190.14159,78.52335,57.53761,106,10
1970-01-01 00:00:00.000000282,189.7318,78.487656,57.275265,106,11
1970-01-01 00:00:00.000000283,190.13434,78.40278,57.487465,106,12
1970-01-01 00:00:00.000000284,187.66234,78.33333,57.21354,106,13
1970-01-01 00:00:00.000000285,186.58151,78.24942,57.02354,106,14
1970-01-01 00:00:00.000000286,186.6479,78.13368,56.819065,106,15
1970-01-01 00:00:00.000000287,185.56499,78.3613,56.76119,106,16
1970-01-01 00:00:00.000000288,185.60683,78.197334,56.742855,106,17
1970-01-01 00:00:00.000000289,185.13403,78.2446,56.878864,106,18
1970-01-01 00:00:00.000000290,184.757,77.99671,56.606865,106,19
1970-01-01 00:00:00.000000291,181.4127,77.79897,56.474735,106,20
1970-01-01 00:00:00.000000292,179.18889,77.85976,55.998264,106,21
1970-01-01 00:00:00.000000293,177.55757,77.638885,56.026226,106,22
1970-01-01 00:00:00.000000294,174.64497,77.454666,56.032024,106,23
1970-01-01 00:00:00.000000295,174.47377,77.38233,55.58063,106,24
1970-01-01 00:00:00.000000296,173.4576,77.37751,55.36072,106,25
1970-01-01 00:00:00.000000297,170.2027,77.28394,55.12442,106,26
1970-01-01 00:00:00.000000298,170.55096,77.180756,54.82832,106,27
1970-01-01 00:00:00.000000299,162.99646,76.97241,54.663387,106,28
1970-01-01 00:00:00.000000300,162.98093,76.83161,54.102036,106,29
1970-01-01 00:00:00.000000301,160.16133,76.56152,53.934216,106,30
1970-01-01 00:00:00.000000302,160.30724,76.470856,53.76157,106,31
1970-01-01 00:00:00.000000303,157.54544,76.54707,53.35552,106,32
1970-01-01 00:00:00.000000304,154.78633,76.2037,53.302475,106,33
1970-01-01 00:00:00.000000305,152.16794,76.095665,52.87327,106,34
1970-01-01 00:00:00.000000306,150.04184,76.08023,52.166286,106,35
1970-01-01 00:00:00.000000307,147.25577,75.95871,52.282986,106,36
1970-01-01 00:00:00.000000308,146.19414,75.89891,51.956013,106,37
1970-01-01 00:00:00.000000309,143.5176,75.87576,51.445793,106,38
1970-01-01 00:00:00.000000310,142.8368,75.41378,51.21046,106,39
1970-01-01 00:00:00.000000311,127.79041,74.704865,52.39969,106,40
1970-01-01 00:00:00.000000312,26.057442,80.675156,72.9292,106,41
1970-01-01 00:00:00.000000313,0.23101267,100.0,99.99999,106,42
1970-01-01 00:00:00.000000314,0.2314064,100.0,99.99999,106,43
1970-01-01 00:00:00.000000315,0.23107126,100.0,99.99999,106,44
1970-01-01 00:00:00.000000316,0.231481,100.0,99.99999,106,45
1970-01-01 00:00:00.000000317,0.231481,100.0,99.99999,106,46
1970-01-01 00:00:00.000000318,0.2310519,100.0,99.99999,106,47
1970-01-01 00:00:00.000000083,0.23092787,100.0,99.99999,107,10
1970-01-01 00:00:00.000000084,0.231481,100.0,99.99999,107,11
1970-01-01 00:00:00.000000085,0.23092787,100.0,99.99999,107,12
1970-01-01 00:00:00.000000213,202.35187,95.97514,63.601463,108,10
1970-01-01 00:00:00.000000214,203.00502,96.00599,63.787605,108,11
1970-01-01 00:00:00.000000215,202.8289,96.03686,64.13002,108,12
1970-01-01 00:00:00.000000216,201.38246,95.97994,64.13195,108,13
1970-01-01 00:00:00.000000217,202.52594,95.95199,64.00753,108,14
1970-01-01 00:00:00.000000218,200.81897,95.95681,64.06057,108,15
1970-01-01 00:00:00.000000219,200.5877,96.04265,64.39333,108,16
1970-01-01 00:00:00.000000220,203.29607,96.0822,64.555374,108,17
1970-01-01 00:00:00.000000221,198.64796,95.990555,64.953705,108,18
1970-01-01 00:00:00.000000222,197.94507,95.94716,64.6441,108,19
1970-01-01 00:00:00.000000223,200.78072,95.8883,64.5737,108,20
1970-01-01 00:00:00.000000224,203.71753,95.892166,64.84376,108,21
1970-01-01 00:00:00.000000225,202.93333,95.951965,65.25752,108,22
1970-01-01 00:00:00.000000226,207.1594,96.11692,65.49286,108,23
1970-01-01 00:00:00.000000227,208.29536,96.11789,65.8478,108,24
1970-01-01 00:00:00.000000228,208.61057,96.10246,65.58931,108,25
1970-01-01 00:00:00.000000229,207.40207,96.0629,65.41281,108,26
1970-01-01 00:00:00.000000230,206.01918,96.39371,66.06385,108,27
1970-01-01 00:00:00.000000231,212.39673,96.44481,66.74574,108,28
1970-01-01 00:00:00.000000232,217.26703,96.532585,67.199066,108,29
1970-01-01 00:00:00.000000233,219.7772,96.55091,67.95911,108,30
1970-01-01 00:00:00.000000234,223.90367,96.576004,68.606285,108,31
1970-01-01 00:00:00.000000235,227.3663,96.58758,69.213936,108,32
1970-01-01 00:00:00.000000236,233.00128,96.73607,69.7415,108,33
1970-01-01 00:00:00.000000237,237.3121,97.0351,70.47744,108,34
1970-01-01 00:00:00.000000238,241.65576,97.12192,70.96645,108,35
1970-01-01 00:00:00.000000083,200.58044,96.38021,69.328705,109,10
1970-01-01 00:00:00.000000084,199.8313,96.424576,68.2253,109,11
1970-01-01 00:00:00.000000085,200.35344,96.18346,68.64679,109,12
1970-01-01 00:00:00.000000505,135.82336,86.557686,74.10977,110,10
1970-01-01 00:00:00.000000506,141.57657,86.239395,74.10301,110,11
1970-01-01 00:00:00.000000507,143.95013,86.82776,74.207184,110,12
1970-01-01 00:00:00.000000508,147.33966,87.38908,74.22744,110,13
1970-01-01 00:00:00.000000509,148.28386,87.760445,74.57465,110,14
1970-01-01 00:00:00.000000510,154.29187,88.29959,74.87171,110,15
1970-01-01 00:00:00.000000511,157.39734,88.919754,75.13022,110,16
1970-01-01 00:00:00.000000512,162.02356,89.764656,75.29611,110,17
1970-01-01 00:00:00.000000513,165.3797,90.42341,75.71275,110,18
1970-01-01 00:00:00.000000514,169.44907,90.96162,75.93268,110,19
1970-01-01 00:00:00.000000515,174.94443,92.020645,76.12075,110,20
1970-01-01 00:00:00.000000516,179.89354,92.90413,76.25867,110,21
1970-01-01 00:00:00.000000517,183.19583,93.43075,76.639656,110,22
1970-01-01 00:00:00.000000518,181.90495,93.5648,76.53645,110,23
1970-01-01 00:00:00.000000519,175.42673,93.00445,76.160286,110,24
1970-01-01 00:00:00.000000520,177.2545,92.265625,75.39931,110,25
1970-01-01 00:00:00.000000521,173.5529,91.803604,74.98843,110,26
1970-01-01 00:00:00.000000522,170.88797,91.15452,74.64505,110,27
1970-01-01 00:00:00.000000523,168.87013,90.67032,74.09724,110,28
1970-01-01 00:00:00.000000524,168.2052,90.21025,73.51465,110,29
1970-01-01 00:00:00.000000525,171.76714,90.147575,73.15199,110,30
1970-01-01 00:00:00.000000526,169.65247,90.00386,72.79225,110,31
1970-01-01 00:00:00.000000527,170.81866,89.75019,72.423805,110,32
1970-01-01 00:00:00.000000528,177.1012,91.221054,72.39584,110,33
1970-01-01 00:00:00.000000529,180.52283,92.13349,72.63021,110,34
1970-01-01 00:00:00.000000530,187.29294,92.58103,72.59741,110,35
1970-01-01 00:00:00.000000531,191.7845,92.6302,72.66975,110,36
1970-01-01 00:00:00.000000532,188.64366,92.121895,72.21355,110,37
1970-01-01 00:00:00.000000533,184.45796,91.66858,71.130394,110,38
1970-01-01 00:00:00.000000534,179.83366,91.82388,70.73304,110,39
1970-01-01 00:00:00.000000535,179.76744,91.46893,70.002884,110,40
1970-01-01 00:00:00.000000536,177.82323,91.10435,69.46953,110,41
1970-01-01 00:00:00.000000537,172.43736,90.2141,68.8233,110,42
1970-01-01 00:00:00.000000538,170.41856,89.39526,67.552086,110,43
1970-01-01 00:00:00.000000539,164.07623,88.40085,66.40432,110,44
1970-01-01 00:00:00.000000540,157.45363,87.75367,65.07909,110,45
1970-01-01 00:00:00.000000541,150.60037,86.93479,64.0355,110,46
1970-01-01 00:00:00.000000542,145.31763,86.137146,63.090282,110,47
1970-01-01 00:00:00.000000543,144.8058,84.870766,62.71412,110,48
1970-01-01 00:00:00.000000544,141.6934,84.01619,61.804592,110,49
1970-01-01 00:00:00.000000545,139.3435,82.705444,60.74555,110,50
1970-01-01 00:00:00.000000546,136.1795,81.988815,59.825424,110,51
1970-01-01 00:00:00.000000547,130.21727,82.12675,58.28993,110,52
1970-01-01 00:00:00.000000548,125.522,82.329285,57.424763,110,53
1970-01-01 00:00:00.000000549,125.54197,82.1904,56.09953,110,54
1970-01-01 00:00:00.000000550,123.763596,83.10185,56.872105,110,55
1970-01-01 00:00:00.000000551,136.1501,83.77411,56.56636,110,56
1970-01-01 00:00:00.000000552,128.6491,84.17726,55.785107,110,57
1970-01-01 00:00:00.000000553,132.23936,83.47609,55.079098,110,58
1970-01-01 00:00:00.000000554,134.68297,84.30459,54.743435,110,59
1970-01-01 00:00:00.000000555,130.85843,84.40007,54.25733,110,60
1970-01-01 00:00:00.000000556,133.5383,84.26407,53.893715,110,61
1970-01-01 00:00:00.000000557,131.77304,84.05188,53.23013,110,62
1970-01-01 00:00:00.000000558,126.28623,83.88599,52.767162,110,63
1970-01-01 00:00:00.000000559,125.002464,83.69502,52.32157,110,64
1970-01-01 00:00:00.000000560,113.92929,81.5162,49.665314,110,65
1970-01-01 00:00:00.000000561,118.65193,81.224915,49.840847,110,66
1970-01-01 00:00:00.000000562,122.3473,83.098,51.1034,110,67
1970-01-01 00:00:00.000000563,133.91908,82.55401,52.33217,110,68
1970-01-01 00:00:00.000000564,115.17432,84.091415,52.111313,110,69
1970-01-01 00:00:00.000000565,139.63588,83.170334,52.99671,110,70
1970-01-01 00:00:00.000000566,134.8056,85.45235,54.440586,110,71
1970-01-01 00:00:00.000000567,142.73357,86.77757,56.194057,110,72
1970-01-01 00:00:00.000000568,129.67386,85.33372,56.430355,110,73
1970-01-01 00:00:00.000000569,86.07912,72.842384,57.410305,110,74
1970-01-01 00:00:00.000000570,28.576935,62.381348,51.417816,110,75
1970-01-01 00:00:00.000000571,1.009313,54.481083,53.559982,110,76
1970-01-01 00:00:00.000000572,0.23102844,56.287617,56.327145,110,77
1970-01-01 00:00:00.000000573,0.2570114,60.16589,62.337,110,78
1970-01-01 00:00:00.000000574,0.2308115,62.52026,70.11768,110,79
1970-01-01 00:00:00.000000575,0.2309747,62.356285,73.68633,110,80
1970-01-01 00:00:00.000000576,0.23011486,87.73534,92.10359,110,81
1970-01-01 00:00:00.000000577,0.2314559,100.0,99.99999,110,82
1970-01-01 00:00:00.000000578,0.23123713,100.0,99.99999,110,83
1970-01-01 00:00:00.000000579,0.23010397,100.0,99.99999,110,84
1970-01-01 00:00:00.000000580,0.23148097,100.0,99.99999,110,85
1970-01-01 00:00:00.000000581,0.2307886,100.0,99.99999,110,86
1970-01-01 00:00:00.000000582,0.2304647,100.0,99.99999,110,87
1970-01-01 00:00:00.000000183,239.35226,96.44675,76.26736,112,10
1970-01-01 00:00:00.000000184,248.06227,96.45447,76.444824,112,11
1970-01-01 00:00:00.000000185,165.6556,88.51948,75.52758,112,12
1970-01-01 00:00:00.000000186,117.686356,82.71026,71.739975,112,13
1970-01-01 00:00:00.000000187,130.8324,82.31868,66.38502,112,14
1970-01-01 00:00:00.000000188,128.05856,82.949455,65.643326,112,15
1970-01-01 00:00:00.000000189,125.2068,82.02063,65.30672,112,16
1970-01-01 00:00:00.000000190,120.4789,80.79091,65.28163,112,17
1970-01-01 00:00:00.000000191,117.239334,80.28452,65.50445,112,18
1970-01-01 00:00:00.000000192,116.78236,79.15703,65.84586,112,19
1970-01-01 00:00:00.000000193,111.671936,78.91975,66.0677,112,20
1970-01-01 00:00:00.000000194,108.217705,78.27642,65.70216,112,21
1970-01-01 00:00:00.000000195,106.56246,77.795135,65.92785,112,22
1970-01-01 00:00:00.000000196,102.0349,78.15586,66.005974,112,23
1970-01-01 00:00:00.000000197,103.66006,78.14909,66.18537,112,24
1970-01-01 00:00:00.000000198,107.91706,79.33737,66.53548,112,25
1970-01-01 00:00:00.000000199,107.833336,78.914925,66.83448,112,26
1970-01-01 00:00:00.000000200,108.5521,78.30054,66.83738,112,27
1970-01-01 00:00:00.000000201,110.84737,78.96413,67.2637,112,28
1970-01-01 00:00:00.000000202,112.796326,78.66126,67.430565,112,29
1970-01-01 00:00:00.000000203,114.3956,78.25134,67.39584,112,30
1970-01-01 00:00:00.000000172,78.85839,73.93518,68.75386,113,10
1970-01-01 00:00:00.000000173,78.29832,73.86959,68.54359,113,11
1970-01-01 00:00:00.000000174,80.26084,74.23225,68.28511,113,12
1970-01-01 00:00:00.000000175,82.491776,74.6547,67.88291,113,13
1970-01-01 00:00:00.000000176,81.8859,74.44637,67.712204,113,14
1970-01-01 00:00:00.000000177,80.324974,75.163,67.80287,113,15
1970-01-01 00:00:00.000000178,78.61659,75.489006,67.28106,113,16
1970-01-01 00:00:00.000000179,78.389145,75.57002,67.22127,113,17
1970-01-01 00:00:00.000000180,79.799736,75.38677,66.44193,113,18
1970-01-01 00:00:00.000000181,83.03695,75.676125,66.27894,113,19
1970-01-01 00:00:00.000000182,79.64146,74.84568,65.57001,113,20
1970-01-01 00:00:00.000000183,73.96544,72.329285,65.22279,113,21
1970-01-01 00:00:00.000000184,77.88728,70.511185,64.34318,113,22
1970-01-01 00:00:00.000000185,80.51137,70.714714,64.025856,113,23
1970-01-01 00:00:00.000000186,78.11277,71.007904,64.26119,113,24
1970-01-01 00:00:00.000000187,77.9808,71.21527,64.49172,113,25
1970-01-01 00:00:00.000000188,74.89301,72.37171,63.879253,113,26
1970-01-01 00:00:00.000000189,78.97908,73.87828,63.750965,113,27
1970-01-01 00:00:00.000000190,78.83802,74.99228,63.478962,113,28
1970-01-01 00:00:00.000000157,129.60876,78.876335,55.07329,114,10
1970-01-01 00:00:00.000000158,129.22664,78.99111,54.918983,114,11
1970-01-01 00:00:00.000000159,126.892235,78.79919,54.7145,114,12
1970-01-01 00:00:00.000000160,126.06729,78.61689,54.685566,114,13
1970-01-01 00:00:00.000000161,127.66026,78.48476,54.83988,114,14
1970-01-01 00:00:00.000000162,128.61436,78.36226,54.707756,114,15
1970-01-01 00:00:00.000000163,126.268265,78.33333,54.770443,114,16
1970-01-01 00:00:00.000000164,110.80924,77.4836,54.654705,114,17
1970-01-01 00:00:00.000000165,34.33281,69.84664,56.617466,114,18
1970-01-01 00:00:00.000000166,1.0672858,92.704475,91.4593,114,19
1970-01-01 00:00:00.000000167,0.24411793,100.0,99.99999,114,20
1970-01-01 00:00:00.000000168,0.23014207,100.0,99.99999,114,21
1970-01-01 00:00:00.000000169,0.2305402,100.0,99.99999,114,22
1970-01-01 00:00:00.000000170,0.2302312,100.0,99.99999,114,23
1970-01-01 00:00:00.000000171,0.23136783,100.0,99.99999,114,24
1970-01-01 00:00:00.000000172,0.2311104,100.0,99.99999,114,25
1970-01-01 00:00:00.000000086,0.231481,100.0,99.99999,115,10
1970-01-01 00:00:00.000000087,0.23111707,100.0,99.99999,115,11
1970-01-01 00:00:00.000000088,0.23053513,100.0,99.99999,115,12
1970-01-01 00:00:00.000000089,0.23028353,98.77412,99.90451,115,13
1970-01-01 00:00:00.000000096,73.59861,78.98823,70.295135,117,10
1970-01-01 00:00:00.000000097,75.770164,79.237076,70.46972,117,11
1970-01-01 00:00:00.000000098,76.58149,79.15509,70.5218,117,12
1970-01-01 00:00:00.000000099,78.77432,78.93324,70.709885,117,13
1970-01-01 00:00:00.000000100,73.21175,79.0191,70.76389,117,14
1970-01-01 00:00:00.000000082,46.28506,89.38464,66.28183,118,10
1970-01-01 00:00:00.000000083,48.8556,90.3993,68.81559,118,11
1970-01-01 00:00:00.000000084,48.98952,88.10666,70.87287,118,12
1970-01-01 00:00:00.000000109,32.43498,75.03279,50.9346,121,10
1970-01-01 00:00:00.000000110,30.340282,74.96624,50.67804,121,11
1970-01-01 00:00:00.000000111,31.833563,75.81211,50.6221,121,12
1970-01-01 00:00:00.000000112,32.50164,75.854546,51.26736,121,13
1970-01-01 00:00:00.000000113,28.568583,76.31172,51.787212,121,14
1970-01-01 00:00:00.000000114,34.891895,76.70911,52.70544,121,15
1970-01-01 00:00:00.000000115,28.186954,76.94059,53.822342,121,16
1970-01-01 00:00:00.000000116,20.466421,76.447716,54.14352,121,17
1970-01-01 00:00:00.000000165,193.08476,96.39565,71.25289,122,10
1970-01-01 00:00:00.000000166,192.9791,94.0268,69.304596,122,11
1970-01-01 00:00:00.000000167,169.34897,92.98995,67.5,122,12
1970-01-01 00:00:00.000000168,162.9528,94.32291,65.451385,122,13
1970-01-01 00:00:00.000000169,165.0217,94.58044,66.358986,122,14
1970-01-01 00:00:00.000000170,172.41513,95.17748,67.3698,122,15
1970-01-01 00:00:00.000000171,176.66814,95.59128,67.9379,122,16
1970-01-01 00:00:00.000000172,175.81863,95.5498,66.9454,122,17
1970-01-01 00:00:00.000000173,180.8664,95.45236,67.067894,122,18
1970-01-01 00:00:00.000000174,167.6953,94.930565,66.15065,122,19
1970-01-01 00:00:00.000000175,158.66223,93.86864,64.56115,122,20
1970-01-01 00:00:00.000000176,147.48607,92.94852,63.223373,122,21
1970-01-01 00:00:00.000000177,135.2732,92.19712,61.330055,122,22
1970-01-01 00:00:00.000000178,137.49376,91.7573,61.68499,122,23
1970-01-01 00:00:00.000000179,143.13364,92.08044,63.07484,122,24
1970-01-01 00:00:00.000000180,148.4493,88.9429,62.872303,122,25
1970-01-01 00:00:00.000000181,141.30487,91.57793,60.98669,122,26
1970-01-01 00:00:00.000000182,144.88834,91.0166,60.94425,122,27
1970-01-01 00:00:00.000000101,139.6456,94.41742,69.39814,123,10
1970-01-01 00:00:00.000000102,127.15707,85.979935,68.8098,123,11
1970-01-01 00:00:00.000000103,120.87064,80.11573,67.82408,123,12
1970-01-01 00:00:00.000000104,112.7834,79.80517,66.12558,123,13
1970-01-01 00:00:00.000000105,90.162926,86.136185,64.42324,123,14
1970-01-01 00:00:00.000000106,86.33889,88.363235,64.94888,123,15
1970-01-01 00:00:00.000000107,87.36119,89.08661,66.296295,123,16
1970-01-01 00:00:00.000000107,12.301039,74.8968,65.1466,124,10
1970-01-01 00:00:00.000000108,0.21008874,100.0,99.99999,124,11
1970-01-01 00:00:00.000000109,0.1992152,100.0,99.99999,124,12
1970-01-01 00:00:00.000000110,0.1917047,100.0,99.99999,124,13
1970-01-01 00:00:00.000000111,0.16668037,100.0,99.99999,124,14
1970-01-01 00:00:00.000000112,0.17520906,100.0,99.99999,124,15
1970-01-01 00:00:00.000000113,0.17205395,100.0,99.99999,124,16
1970-01-01 00:00:00.000000164,112.8638,78.42689,55.989574,125,10
1970-01-01 00:00:00.000000165,113.105835,79.31423,55.91725,125,11
1970-01-01 00:00:00.000000166,108.352394,79.30941,56.09472,125,12
1970-01-01 00:00:00.000000167,105.47517,78.419174,55.473583,125,13
1970-01-01 00:00:00.000000168,105.32964,78.5214,55.861305,125,14
1970-01-01 00:00:00.000000169,103.4081,78.314995,55.943283,125,15
1970-01-01 00:00:00.000000170,104.153145,77.637924,55.560383,125,16
1970-01-01 00:00:00.000000171,104.033806,77.67168,55.370373,125,17
1970-01-01 00:00:00.000000172,105.57343,77.819244,55.86323,125,18
1970-01-01 00:00:00.000000173,87.66683,76.15548,55.64911,125,19
1970-01-01 00:00:00.000000174,40.90195,81.00211,65.79476,125,20
1970-01-01 00:00:00.000000175,0.23054726,100.0,99.99999,125,21
1970-01-01 00:00:00.000000176,0.23146753,100.0,99.99999,125,22
1970-01-01 00:00:00.000000177,0.23064527,100.0,99.99999,125,23
1970-01-01 00:00:00.000000178,0.231481,100.0,99.99999,125,24
1970-01-01 00:00:00.000000179,0.23056388,100.0,99.99999,125,25
1970-01-01 00:00:00.000000180,0.2312712,100.0,99.99999,125,26
1970-01-01 00:00:00.000000208,30.66496,72.78164,53.885998,126,10
1970-01-01 00:00:00.000000209,46.480644,73.946754,53.39892,126,11
1970-01-01 00:00:00.000000210,54.921272,75.15144,54.31327,126,12
1970-01-01 00:00:00.000000211,57.000492,75.2556,55.79378,126,13
1970-01-01 00:00:00.000000212,59.620655,75.382904,57.34375,126,14
1970-01-01 00:00:00.000000213,59.57477,75.556526,58.696953,126,15
1970-01-01 00:00:00.000000214,62.59762,76.14487,60.15529,126,16
1970-01-01 00:00:00.000000215,62.274975,76.733215,61.506565,126,17
1970-01-01 00:00:00.000000216,58.0679,76.90298,64.12038,126,18
1970-01-01 00:00:00.000000217,58.778175,76.72647,65.49769,126,19
1970-01-01 00:00:00.000000218,57.34705,76.287605,67.01293,126,20
1970-01-01 00:00:00.000000219,59.777287,76.67246,68.30728,126,21
1970-01-01 00:00:00.000000220,62.494095,76.92228,70.00964,126,22
1970-01-01 00:00:00.000000221,64.41331,77.537605,71.37056,126,23
1970-01-01 00:00:00.000000222,66.64666,77.51253,72.283966,126,24
1970-01-01 00:00:00.000000223,69.242294,77.60416,72.59742,126,25
1970-01-01 00:00:00.000000224,70.80299,77.60127,72.725685,126,26
1970-01-01 00:00:00.000000225,48.917145,77.444046,72.57811,126,27
1970-01-01 00:00:00.000000226,51.60909,76.42746,72.46239,126,28
1970-01-01 00:00:00.000000227,52.824413,76.16415,72.90991,126,29
1970-01-01 00:00:00.000000228,50.635067,76.067696,73.7201,126,30
1970-01-01 00:00:00.000000229,57.977913,76.07542,74.95949,126,31
1970-01-01 00:00:00.000000230,61.541332,76.4564,75.456215,126,32
1970-01-01 00:00:00.000000231,64.635895,76.36958,75.703125,126,33
1970-01-01 00:00:00.000000232,70.46004,76.218155,75.64429,126,34
1970-01-01 00:00:00.000000188,103.153275,88.66127,66.56442,127,10
1970-01-01 00:00:00.000000189,102.832375,88.634254,66.569244,127,11
1970-01-01 00:00:00.000000190,104.24669,88.71721,66.817116,127,12
1970-01-01 00:00:00.000000191,101.255775,88.43074,66.8692,127,13
1970-01-01 00:00:00.000000192,96.96584,87.39004,66.234566,127,14
1970-01-01 00:00:00.000000193,92.33929,87.19133,65.75618,127,15
1970-01-01 00:00:00.000000194,88.46921,86.902016,65.48225,127,16
1970-01-01 00:00:00.000000195,86.16634,86.38985,65.4022,127,17
1970-01-01 00:00:00.000000196,83.948425,85.52758,65.10803,127,18
1970-01-01 00:00:00.000000197,80.6938,85.60472,65.04726,127,19
1970-01-01 00:00:00.000000198,76.790436,85.10803,65.10513,127,20
1970-01-01 00:00:00.000000199,75.481674,84.377884,65.2662,127,21
1970-01-01 00:00:00.000000200,72.20045,83.92263,64.79747,127,22
1970-01-01 00:00:00.000000201,73.16465,84.45023,65.20832,127,23
1970-01-01 00:00:00.000000202,74.732086,84.80515,64.0789,127,24
1970-01-01 00:00:00.000000203,75.877594,85.381,62.475876,127,25
1970-01-01 00:00:00.000000204,72.804565,86.28182,60.530476,127,26
1970-01-01 00:00:00.000000205,74.27409,86.36863,58.608223,127,27
1970-01-01 00:00:00.000000206,74.77829,85.96738,56.0542,127,28
1970-01-01 00:00:00.000000207,74.92652,85.65488,53.072918,127,29
1970-01-01 00:00:00.000000208,75.79402,85.69442,49.236115,127,30
1970-01-01 00:00:00.000000209,71.81609,84.8071,46.43614,127,31
1970-01-01 00:00:00.000000082,0.231481,100.0,99.99999,129,10
1970-01-01 00:00:00.000000083,0.23041417,100.0,99.99999,129,11
1970-01-01 00:00:00.000000084,0.2306302,100.0,99.99999,129,12
